thread_id	timestamp	subreddit	title	text	comments	url	crawl_timestamp
1213463	2013-02-15T00:00:00Z	goodreads	Fantasy book read in 1990s with magical race that switches gender	Not a lot to go on I know. I was thinking of a book which I read sometime in the 90s. It was a high-fantasy novel with magic, may have been part of a series. The protagonist, who I think was a man, spent some time at a city or castle or something with magic users who may have been wise and there to offer him advice on his quest, or to help with it. I seem to recall a large table and a feast and I think he just stopped at the castle/city/place on his quest. His friend, who he initially thought of as male (I think) switches genders and becomes female and says this is something all of them can do. I think the main character found this strange. I remember being disappointed by what happens to this secondary character, I think they either die, or they just disappear. This is definitely not by Ursula LeGuin and is definitely not The Left Hand of Darkness. I likely borrowed it from my local library from either the teenage section, or from the sci-fi/fantasy section. EDIT: I'm wondering if it's possibly a Tanith Lee book. My library no longer has any of her books though so I can't check and it's so long ago I can't remember all those I've read.	43	https://goodreads.com/topic/show/1213463-solved-fantasy-book-read-in-1990s-with-magical-race-that-switches-gende-page_1	2025-06-27T00:00:00Z
1498928	2013-09-19T00:00:00Z	goodreads	couples elope man murdered woman kidnapped [s]	Years ago I read this fiction book about this place that young couples went to elope. The men were tortured to death and the women were kept in this harem type place but they were forced to dress and act like little girls. I thought it was called The Nursery but I must be mistaken because putting that into any search engine doesn't return with the storyline that I remember.	8	https://goodreads.com/topic/show/1498928-solved-couples-elope-man-murdered-woman-kidnapped-s-page_1	2025-06-27T00:00:00Z
1586369	2013-11-25T00:00:00Z	goodreads	generational ship contains an ocean [s]	I recall some sci-fi epic where travelers aboard a generational-ship crossing interstellar space, find themselves confronted by a huge ocean-sized body of water. The side of the spaceship around the sea are only barely visible in the far distance, vaguely elliptical, metallic, and green. The intrepid explorers build a raft out of commandeered equipment and set out to cross it. For a long while I mistakenly thought this was the 'Earthsea Trilogy'. I'd like to accurately verify the proper name of the book...	7	https://goodreads.com/topic/show/1586369-solved-generational-ship-contains-an-ocean-s-page_1	2025-06-27T00:00:00Z
17515888	2015-09-30T00:00:00Z	goodreads	Adult Horror/ Suspense Short Story. Two thieves rob a pharmacy/ grocery? store, someone gets shot, they take a male hostage to empty house. Twist. Read late 1990's? Spoilers ahead.	I listen to a lot of audiobooks, and want to find a particular story I really enjoyed. My family and I listened to collections of horror/suspense short stories on road trips, and there was a particular short story that I'm trying to remember. This particular story seems like something in a Stephen King collection, but I cannot find it. The plot: there are two robbers who rob a pharmacy, or grocery store, or something along those lines. The robbery goes wrong, and one of the robbers ends up shooting somebody, so they grab a hostage. The two robbers take the hostage and drive to an unoccupied house while trying to avoid the police. The hostage slowly builds a relationship with the robbers, and eventually earns their trust. The climax of the story: the hostage persuades the robbers into letting him go outside (can't remember why). IIRC, the hostage turns out to be a talented salesman. Just as the hostage gets outside, a police cruiser turns up the street, and the two robbers think the hostage is about to get away. However, the hostage hides behind a bush, and once the police cruiser is past, the hostage goes back into the house, much to the relief of the robbers. [Spoilers ahead] The robbers thusly let their guard down, and the hostage quickly turns on them and ties them up. It's revealed that the hostage is related to the person murdered in the beginning of the story. It ends with the hostage telling the robbers that he didn't want to get away and now how he is going to torture them. I remember a lot of details, but not the name or author. If anybody knows this novella or the collection of stories to which it belongs, I'd be very grateful! Thank you!	21	https://goodreads.com/topic/show/17515888-solved-adult-horror-suspense-short-story-two-thieves-rob-a-pharmacy-page_1	2025-06-27T00:00:00Z
18022026	2016-02-18T00:00:00Z	goodreads	Adult Sci Fi, Romance, Short Story. Life on Space Ship - Day Shift & Night Shift (Romance)	I read this story in 6th grade and I'm almost 25 now so it was about 15 years ago. It was a short sci-fi story in a collection of short stories. The story is about some people traveling to a distant place (like a planet or something) in space in a giant space ship. The ship is run by the people on it. There are two shifts on the ship. A night shift and a day shift, so to speak. The night shift and the day shift people never interact because they are pretty much awake during different times of the day. Actually, I think it was against ship rules to talk to each other. The night shift and the day shift people share the same rooms because when the night shift person was working, the day shift person was sleeping and vice versa, but there was never any trace that the other person used the same room because the ship's cleaning system made sure of it. The story was about a guy that becomes interested in the other person that uses his room when he is awake and working. I think he somehow figures out it's a woman. They somehow start leaving each other little hints in the room that the ship's cleaning service can't find. One way, I remember was when the woman leaves a note for him in the sink's faucet. She stuck it up the faucet hole and it was pushed out when he turned on the water. The notes says the name of a book and when he goes look for the book in the ship's library he finds other clues etc. They started to feel like they wanted to meet each other but they couldn't. In the end, he switches from the night shift to the day shift because one day the ship managers were asking for a volunteer to switch to the day shift because they were short on workers for something and the guy volunteers even if it meant pretty much leaving behind his night shift life behind and never seeing those people again. It's was kind of eerie but so interesting! I would love to read it again, so if anyone knows the name please tell me!!!	29	https://goodreads.com/topic/show/18022026-solved-adult-sci-fi-romance-short-story-life-on-space-ship---day-shi-page_1	2025-06-27T00:00:00Z
18052866	2016-03-18T00:00:00Z	goodreads	Mystery. One of the last lines - ""I'm not her""? Young woman shows up claiming to be rich, elderly woman's granddaughter. Read around 2001. Spoiler ahead. [s]	Mystery, read maybe 15 years ago, written ?? My best recollections: A young woman shows up claiming to be a rich, elderly woman's granddaughter. Detective(?) suspects she's an imposter. Ending is ambiguous; she is found dying in a boat on a lake (suicide), and her last words are ""I'm not her."" Does she mean I'm not the granddaughter, or I'm not the imposter you suspect me to be?	9	https://goodreads.com/topic/show/18052866-solved-mystery-one-of-the-last-lines---i-m-not-her-young-woman-show-page_1	2025-06-27T00:00:00Z
18390982	2016-12-10T00:00:00Z	goodreads	Girl returns to her hometown. While moving back, she's tackled to the ground by the town's cop. Cop is trying to solve why girls from the same orphanage are being murdered. [Spoilers ahead...] [s]	Okay so I read this book about a girl who returns to her hometown and moves back in her teenage home. While she is moving in she is tackled to the ground by the towns cop who happens to be the guy who took her virginity many years before at prom I believe? Anyways the cop is trying to solve a mystery as to why girls from the same orphanage are being murdered. Turns out the girl who just moved into her old teenage home was a part of the little girl orphanage and she remembers what happens only after she lays in the same bed she used to sleep in as a child. The girl and the cop fall in love and the girl ends up being kidnapped by the killer who was the guy who worked at the orphanage and used to molest the girls there.	9	https://goodreads.com/topic/show/18390982-solved-girl-returns-to-her-hometown-while-moving-back-she-s-tackled-t-page_1	2025-06-27T00:00:00Z
18405410	2016-12-23T00:00:00Z	goodreads	Adult Sci-Fi/ Fantasy/ Alt-Hist. Ghosts killed in war haunt area across river. They suffer terribly from cold, relieved only when descendants light a fire for them. Part? Chinese son resents father's absence. Woman obsessed w painting. Read <2006.	Bumping Cold Ghosts topic	133	https://goodreads.com/topic/show/18405410-solved-adult-sci-fi-fantasy-alt-hist-ghosts-killed-in-war-haunt-area-page_3	2025-06-27T00:00:00Z
18432162	2017-01-13T00:00:00Z	goodreads	1970s woman with 2 sons gets divorced and goes to college. Was made into a movie. [s]	Thought the name of the book might have been The Big Room, but turned out not to be.	5	https://goodreads.com/topic/show/18432162-solved-1970s-woman-with-2-sons-gets-divorced-and-goes-to-college-was-m-page_1	2025-06-27T00:00:00Z
18503135	2017-02-26T00:00:00Z	goodreads	Adult M/M Romance. 19-y/o HS Sr. falls for Neighbor across the street. [s]	I cannot remember the author or character names. It was one of the better works by an author who had some so-so m/m romance or erotica work. I've searched amazon and kobo (I orininally read it on Kindle Unlimited). I'm not familiar with any other sources. I've searched goodreads and pored through all pages of works I've rated. I think the author has pulled their work from amazon, and it also doesn't appear I rated it after reading it, so it's not in my ratings. Story highlights that I can remember: Kid lives alone with mother. Summer Teacher moves in across the street. Has long blond hair and surfer persona. Kid and teacher take a trip to the beach and kid kisses adult, adult rejects (not gay). Autumn Teacher teaches at a prep school, so kid is not at same campus as teacher. Teacher is dating a woman. Kid works backstage for school play, makes a friend (girl). Teacher brings his date to play performance. At Christmas, teacher is in love with kid and hit the sheets for the first time. Spring Epilogue or last chapter: HEA has boyfriend (teacher) dropping kid off at college, where his (best friend? roommate?) also has an older boyfriend. It's a little bit coming-of-age, bit of the gay-for-you sub-genre of M/M romance, and just really sweet. I don't hold out a lot of hope for this but it's worth a shot.	9	https://goodreads.com/topic/show/18503135-solved-adult-m-m-romance-19-y-o-hs-sr-falls-for-neighbor-across-the-s-page_1	2025-06-27T00:00:00Z
19260642	2018-03-12T00:00:00Z	goodreads	Adult Thriller - U.S. assassin sent to rescue billionaire and then framed for his murder after seaplane explosion. Spoilers ahead.	I’m trying to figure out what this book is: key plot elements are - main character is a US Gov’t operative who is sent to rescue a kidnaped altruist billionaire (who happens to have been created by the American government to help manipulate foreign policy (and is actually a disgraced former military officer). The protagonist recruits a former protege, a Greek special forces operative possibly named Theo, to help him with the rescue. They succeed in penetrating the compound and make their way to their exfiltration (a Sea Plane) which takes off with Theo and the target then explodes shortly thereafter. The government suspecting the main character killed the target sends an assassin to kill him in London (Hyde Park) however she fails and he survives. The book ends with a reveal about the billionaire(really the ex-officer) having orchestrated all of this and having blown up a body double st the start of the book. Please help!	9	https://goodreads.com/topic/show/19260642-solved-adult-thriller---u-s-assassin-sent-to-rescue-billionaire-and-th-page_1	2025-06-27T00:00:00Z
19366870	2018-06-01T00:00:00Z	goodreads	Adult Fiction - Religious Theme Park (book title was GloryLand or Glory Land) - A fictionalized version of the Jim Bakker type ministry at the time [s]	This book was published by a very small publisher, and I remember seeing it in an airport gift shop in Burbank CA around 1982 or 1983. The title of the book is ""Glory Land' or ""GloryLand"" and had an artist rendering of a suit wearing preacher with a bible in his hand. Additional cover art was either other characters or a depiction of a religious ride. Taking its cue from the yet to fall Jim Bakker (a preacher at the time) this was about a pastor who built a theme park but the bad behind the scenes behaviors that went on. I cannot find a copy of this anywhere.	8	https://goodreads.com/topic/show/19366870-solved-adult-fiction---religious-theme-park-book-title-was-gloryland-o-page_1	2025-06-27T00:00:00Z
19398884	2018-06-21T00:00:00Z	goodreads	Adult Thriller/ Mystery. Woman's sister is in a coma, furniture/ antique replica business blows up. Read in past few years. Spoilers ahead.	Hello, I'm trying to remember the name of a thriller I read a few years ago. The book features a woman who's father's furniture/antique business blows up. I believe one of the workers was killed in explosion. The narrator's sister is in a coma, and the narrator doesn't trust the father. I think there was also a homeless man character who lived in an empty trailer near business. (I hope I'm not adding a plot point that doesn't really exist) **SPOILER** ******************************************* The father turns out to be her uncle. The employee who was killed had sold an antique desk for multiple million but secretly replaced the desk with a replica, because that's what he did at the company.	4	https://goodreads.com/topic/show/19398884-solved-adult-thriller-mystery-woman-s-sister-is-in-a-coma-furniture-page_1	2025-06-27T00:00:00Z
19474838	2018-08-06T00:00:00Z	goodreads	Tropical climate, daughter abused by father after mother leaves - mom tried to take girl with her but the girl went back for something And got left behind	Fiction 10+ years old Possibly based in third world country Definitely based in the tropics Mother runs away with another woman (friend or lover, I’m not sure) and tries to take her kids with her. Her daughter goes back for something and ends up being left behind. Daughter is terribly abused by father after mom leaves. They lived in poverty. I believe there was a locked room she was never allowed to go into. I believe she eventually gets in and is shocked by the contents. There was imagery of birds. SOLVED on another forum. Cereus Blooms at Night by Shani Mootoo.	2	https://goodreads.com/topic/show/19474838-solved-tropical-climate-daughter-abused-by-father-after-mother-leaves-page_1	2025-06-27T00:00:00Z
19479914	2018-08-11T00:00:00Z	goodreads	Adult Historical Romance. Heroine is hiding aspects of her true nature. There's a shooting event at a house party and the Hero encourages to stop holding back and she proves to be a great shot.	Regency or Victorian, MAYBE going into Edwardian Era. England. Probably read in the past 5 or so years, book felt like it was probably written in the last 10-15 years. I don't recall why but the Heroine is going out of her way to seem ordinary or not to draw attention to herself. During a shooting event at a house (house party in the country maybe?) the Hero notices that she's deliberately aiming off target and challenges her to show off her actual skill, which she does. Literally the only scene I remember.	11	https://goodreads.com/topic/show/19479914-solved-adult-historical-romance-heroine-is-hiding-aspects-of-her-true-page_1	2025-06-27T00:00:00Z
19569006	2018-10-09T00:00:00Z	goodreads	Adult Historical Romance. Girl gets crusty uncle's entire fortune.	This is an adult Historical Romance. The Heroine is an impoverished young girl, and her parents hadn't gotten support from her rich uncle, Mr. E (I can't remember the full name) because the Heroine's dad married a poor girl, and Mr. E didn't approve. But the uncle, who was a crusty old guy, left her with his entire fortune after he died of gout, and left her cousins with nothing, just because her cousins had had the nerve to ask him for money, and she hadn't.	4	https://goodreads.com/topic/show/19569006-solved-adult-historical-romance-girl-gets-crusty-uncle-s-entire-fortun-page_1	2025-06-27T00:00:00Z
19746906	2019-03-13T00:00:00Z	goodreads	Adult Historical Romance, Regency London. Lord/ Earl advertises for wife through solicitors, thinks he's dying from hereditary disease, terrible headaches. Poor heroine needs money for sick brother. Marriage of convenience. Read 2015. Spoilers. [s]	I am looking for a historical romance I had read about 4 years ago. Set in regency England. The hero is a lord, Earl I think who advertises for a wife through his solicitors. He thinks he dying from a hereditary disease, involving terrible headaches. The heroine has fallen on hard times and stays with her mother and younger brother. The younger brother is sick and she needs money for his treatment. The heroine's father was abusive. I think the heroine's name is Catherine or Caroline or something else with C. She does not tell the H about her brother. They get married and later the hero comes to know about it I guess. Now the main plot.. and the spoiler. They come to know that the hero is not dying but has been given a medicine over the years to make him sick. His father too had been given the same. They find this when the heroine has some of the sweet which hero likes and is specially prepared for him. Turns out it's somebody very close to the hero who's the culprit. If somebody finds the book please let me know. It is not Loving the Marquess Thanks in advance!	23	https://goodreads.com/topic/show/19746906-solved-adult-historical-romance-regency-london-lord-earl-advertises-page_1	2025-06-27T00:00:00Z
19887483	2019-06-21T00:00:00Z	goodreads	English police detective series. Male supervisor but not sure of his title	In one of the books the team is stuck on an island when a crime happens, they lose communication with the mainland and are sequestering everyone on the island to determine who the killer was. There are a male and female senior detectives and there may be chemistry between them. Believe the main character ( head detective) is married but not certain. There are a few books in the series but must be 7-10 years since I’ve read them so there may be more now.	7	https://goodreads.com/topic/show/19887483-solved-english-police-detective-series-male-supervisor-but-not-sure-of-page_1	2025-06-27T00:00:00Z
20161750	2019-08-19T00:00:00Z	goodreads	Adult Historical Romance, Americas thousand of years ago. Despotic tribal chief takes female lead from other subdued tribe, despite fake-out with baby (he sees real mother is lactating.) They fall in love, but she has angry shaman ex-boyfriend.	This book was a paperback, probably late 80s to mid-90s (I was reading it in the early to mid-nineties.) I suppose it was a romance book. The main characters are indigenous peoples hundreds or thousands of years ago in South or Central America, or possibly Florida - at any rate, somewhere green and steamy in the Americas. The book begins with archaeologists on a dig in the present; they open something (perhaps a pottery vessel of some kind?) that looses a kind of whirlwind or howling, which dissipates. They wonder what it was after the fact, but I don't think they ever get to find out. They are just there as a narrative device to kick off the story proper. Hundreds/thousands of years ago, the chief of a particular tribe is a tyrant who goes around taking his pick of the women from other tribes that he has subdued. He goes to this one tribe, where the young female lead lives. Because she is beautiful and likely to be chosen, another older woman hands her a baby and tells her to pretend that she is a new mother so that she will be spared. However, the cruel young chieftain sees that she is unable to breastfeed the crying child while the other woman is clearly lactating, and he tells her to give the child back to its mother. He then takes the young woman with him, even though she already has a man that she is supposed to wed. Despite the aforementioned crappiness of this despotic chieftain, she comes to fall in love with him, and he becomes less rotten as he falls in love with her in turn. But...the young man that she was supposed to marry is an up-and-coming shaman, a basically nice guy who becomes consumed with anger and hatred for the one who took his promised wife from him. I don't know what the young shaman does exactly - a spell, an invocation of some kind? - for revenge, but whatever it is doesn't work and his angry spirit becomes trapped. We realize that the whirlwind or howling at beginning of the book was the emergence of the shaman's angry spirit, which had been trapped for all these centuries. I don't think the spirit is implied to go on to do anything, though. I think it just dissipates.	13	https://goodreads.com/topic/show/20161750-solved-adult-historical-romance-americas-thousand-of-years-ago-despot-page_1	2025-06-27T00:00:00Z
20625690	2019-10-05T00:00:00Z	goodreads	Adult Drama novel. Half Italian girl living with her single mom & grandma, & Two dark hair brothers whose family own a Italian restaurant. Spoilers.	Spoilers this is set in 1940s/50s/60s maybeis set in the UK or US The book mentions payphone & french letters are condoms A Half Italian 5 year old girl living with her single mom & Grandma, The mom works at a car shop. There's these two dark-haired Brothers who Italian family own a restaurant, They also sell ice cream. The girl likes the younger boy. The boys decide to sneak into her mom's workplace to see a new car, The mom dies that day. The Grandma writes in her will to leave everything to the girl, SHE dies. The girl is sent off to live with her Uncle's family, when the girl Is 16 her uncle somehow has got a hold of her money. The girl meets the boy's family again they take her in, she starts working at their restaurant & meets the younger brother again. (the book goes into his POV) He’s a player, he brings girls to his parent restaurant give them free ""ice cream"" takes them to the storage area & sleeps with them. The girl in love with him, He's not in love with her. He takes her to get ""ice cream"" , she ends up pregnant, he panics. They get married, she gives birth. he becomes a bartender. They end up having more kids, 3 boys with dark hair. A blond waitress come to work at the bar, he end up sleeping with her, he's fall in love with her. she a Prostitute, She pregnant, She give Birth to a blond baby girl. He realised he loves his wife. The blond leave, leaving the baby in her roommate bed. The roommate go to see him, he ask if she can look after the baby she says yes. The roommate who is also a hooker saves all her money in the baby mattress, she ends up getting killed by one of her customers. The police find her body & the baby. (back into the girl POV) his wife ends up finding out about it, leaving him takes their kids to go live with his parents. he ends up alone in their apartment, she ends up forgiving him, takes him back & the baby as her own. The book ends with them finding the money In the baby mattress.	42	https://goodreads.com/topic/show/20625690-solved-adult-drama-novel-half-italian-girl-living-with-her-single-mom-page_1	2025-06-27T00:00:00Z
2066680	2014-11-02T00:00:00Z	goodreads	Adult Sci Fi/ Dystopian Future novel by mostly Mystery writer (American male). Post disaster. Violent gang of 4-6 male criminals/ bandits, mentally challenged boy is main character but not leader. Home invasion. Published in 1980s to early 2000s.	This SF book was written by a writer known more for mysteries. Came out back in the 80s or 90s, maybe even the early 2000s. Set in a dystopian future. A group of criminals, bandits or whatever, all males, numbering around 4-6. One member is needlessly violent. One is a young man or boy with mild retardation or some other mental handicap. I think he was the main character. The boy stops the group leader from killing the violent one at one point. They break into a home where there's a small gap in the perimeter scanners of the home and this is where the incident of the boy stopping the violent one being killed occurs. I only read about 1/4-1/3 of the book, so I don't know how it ends or what the major story theme was. It was a full length novel, not a short story. ETA: The setting was, I think, a wasteland with isolated pockets of modern technology. The home they break into was off by itself, I think. The book was recent or new when I read it. ETA: I think the group leader wanted to kill the violent one because he had needlessly killed one of the people in the house they had invaded. ETA: I'm reasonably certain it was a male author. ETA: The group of men the retarded boy is part of are the only characters we meet other than the people whose home is invaded. There may have been others later in the book, but it starts with just this small group. ETA: It was a new hardcover at the time I read it. About 200-300 pages. It's not something by Fredric Brown Isaac Asimov John D. MacDonald Donald E. Westlake Suggestions of other authors, even if not a specific book are welcome. I keep feeling like I'll recognize the author name if I see it. ETA: Apparently I won't. ETA: not P.D. James Lawrence Block Rex Stout Robert B. Parker Dick Francis Robert Crais Ross Macdonald Erle Stanley Gardner Ron Goulart Andrew Vachss Andrew Greeley Loren D. Estleman Walter Mosley Kate Wilhelm Iain Banks Dana Stabenow Caleb Carr Philip Kerr Jack Vance Lawrence Sanders Harlan Ellison Thomas M. Disch Stuart M. Kaminsky Frank M. Robinson Thomas Scortia Peter Lovesey Reginald Hill Jonathan Gash Peter Robinson Leslie H. Whitten Jr. Richard Bachman Ira Levin Sheri S. Tepper Ed McBain Evan Hunter John Dudley Ball Rick Boyer Dan Wakefield Ruth Rendell J. D. Robb James Patterson Dean Koontz Peter F. Hamilton Michael Moorcock Dennis Wheatley F. Paul Wilson Elmore Leonard	427	https://goodreads.com/topic/show/2066680-solved-adult-sci-fi-dystopian-future-novel-by-mostly-mystery-writer-a-page_1	2025-06-27T00:00:00Z
20709224	2019-10-14T00:00:00Z	goodreads	Adult Mystery book (?) from the 80s or 90s - main character is a woman who writes hymns. [s]	I think this book was a series but I can't recall. I would have read it in the 80s or 90s. The main character was a woman who wrote hymns but the book(s) wasn't/weren't focused on that - it was just a detail I remember. I think she was married or involved with an older man who was well-off, but he and this too wasn't the focus of the book(s). Boston is coming to mind. Likely was a mystery/crime book of some kind. Can't believe I don't remember more but I read widely during that period. I'm sure I've forgotten more than I can recall.	4	https://goodreads.com/topic/show/20709224-solved-adult-mystery-book-from-the-80s-or-90s---main-character-is-a-page_1	2025-06-27T00:00:00Z
20984524	2019-12-21T00:00:00Z	goodreads	Adult Historical Romance with heroine who fakes madness. [s]	Desiring the Highlander by Michele Sinclair seems to match your description. Some reviewers say: ""Ellenor pretends to be mad to keep people from her and protect herself."" | ""Ellenor for months pretends she has gone insane. She refuses to bath. She acts violent when anyone tries to touch her. Her family thinks she is crazy and allows Cole to escort her to Scotland."" Google search - site: www.goodreads.com ""historical romance"" ""pretends to be mad""	3	https://goodreads.com/topic/show/20984524-solved-adult-historical-romance-with-heroine-who-fakes-madness-s-page_1	2025-06-27T00:00:00Z
21326631	2020-04-09T00:00:00Z	goodreads	1980s Adult Paperback - LSD burnout woman steals baby, calls him Drummer. Spoilers.	Hello! I read this book in the 90s, and it might have been from the 70s-90s. Here is the plot I can remember: The MC is a LSD burnout who survived being in some type of political cult/compound. She has a bad acid trip, kills her neighbor & decides to steal a baby to take to her old cult leader. She calls the baby Drummer. The mom of the baby decides to chase her down, and most of the book is centered on that. The MC is rejected by her old cult leader as he's now just a man living a regular life. Somehow there is a confrontation with the mom that ends with the MC falling off a cliff.	4	https://goodreads.com/topic/show/21326631-solved-1980s-adult-paperback---lsd-burnout-woman-steals-baby-calls-him-page_1	2025-06-27T00:00:00Z
21336917	2020-04-15T00:00:00Z	goodreads	New Adult Contemporary Romance Fiction where two people share how they met and possibly fell in love almost like a discussion. [s]	I skimmed through this book maybe about 4-6 years ago? I vaguely remember this book being a love story- as I know there were at least two characters in it- and I believe it switched from them being in college to their present day. The most distinguishing part of this book is that there was “writing” on the sides of the pages that was written by the female character- responding or commenting to what the male character was saying in the story and there is a possibility that the “writing” was in red. This book was written in English and I believe it was meant for people in their 20s-30s to read. The book itself did not seem that old. I believe the cover was yellow but that is all I can remember. POSSIBLE SPOILER - - - - - - - - - I have a vague recollection that towards to the end or possibly the end of the book the female character writes something on the side of the page that causes the male character to stop narrating the story.” But idk if I am remembering wrong.	5	https://goodreads.com/topic/show/21336917-solved-new-adult-contemporary-romance-fiction-where-two-people-share-h-page_1	2025-06-27T00:00:00Z
21460821	2020-05-28T00:00:00Z	goodreads	Adult Fiction book. Red haired woman lives with a family in their home for the summer. She and the child of the family take lots of photos. One of the parents has a studio at the back of the garden.	Fiction book - a red haired woman, there was some detail about her not shaving her legs, moves in with a family while they are staying away from home for the summer. Based in England. The mum or dad of the family has a studio in the back of the garden and one of the children is interested in photography. Spoiler alert: at the end I think they go home and their house has been burgled or the mum leaves - something dramatic	6	https://goodreads.com/topic/show/21460821-solved-adult-fiction-book-red-haired-woman-lives-with-a-family-in-thei-page_1	2025-06-27T00:00:00Z
21484344	2020-06-04T00:00:00Z	goodreads	Adult Paranormal/ Alien Romance. Female (space military?) cop & male alien/ shifter? work undercover at fancy resort, employees go missing. She's hired as dessert chef, they pretend to be married couple. Manager is interested in her. Read 2017-20.	Read free via kindle unlimited, within the last 3 years. As mention above I can't remember if this was a shifter (like wolves, dragons, vampires) or alien romance. But I remember that a woman and man team up to go undercover to a fancy resort. Unsure if the resort is an island or a planet? But anyways they said they are married and they go there to work at the resort not as a tourists. She gets a job in the kitchen as a chef and he gets a job as something else (can't remember). But the manager of the hotel that she works in starts to take a interest in her, which is not good! As this hotel is the one that people of going missing. The people going missing are other supernaturals/aliens. It does have a happy ending. Any suggestions would be good as i may have gotten something things wrong so give me what you think and I'll read it :)	16	https://goodreads.com/topic/show/21484344-solved-adult-paranormal-alien-romance-female-space-military-cop-page_1	2025-06-27T00:00:00Z
21715328	2020-10-05T00:00:00Z	goodreads	Adult Medieval Celtic Romance. Child bride with special power to see the future. He leaves her with his? family & returns from war years later. Cover: two blonde sisters. Inside cover: painting of two sisters hold small Celtic harps.	Searching for a book printed 1980-1999. Inside cover: two blonde sisters holding small Celtic harps, painting - looks like medieval stained glass painting. In the story one has to marry very young. Once wed, they did not consummate the marriage as he did not want to get married in the first place and she was so young. She is left behind with his family -I think- and not treated very fairly with them. Once he returns, he wishes to have more of a marriage but they have trouble consummating, as she is very afraid. She's known to have the ability to see in the future, every time they are together she feels/sees that she's drowning and believes that being with him will bring about her death. I believe that there are some lies being involved with his family, but I do not remember. Book cover is a painting of both girls/sisters, without definition of shadow and light like other book covers or a recreated photo.	21	https://goodreads.com/topic/show/21715328-solved-adult-medieval-celtic-romance-child-bride-with-special-power-to-page_1	2025-06-27T00:00:00Z
21772388	2020-11-30T00:00:00Z	goodreads	Adult MM Paranormal Romance. Wolf shifter in a corporate setting recognizes mate through a handshake (which triggers mating mark on palm?). Son who is set to inherit must marry. Read around 2013-2016.	Hello all! I read this book years ago and am now struggling to find it Hopefully you guys can help. I barely remember the story but the one of the main points that stuck out is that these wolves recognized their mates through a handshake which triggered a mating mark or something to that effect on the palm? The story takes place in a corporate setting, the son who is set to inherit must marry, i think the company needed money sonit was supposed to be a marriage of convenience. I honestly cant remember the details bc of reader burn out but i think the whole handshake printing thing is not common in shifter stories plus the whole corporate setting. Thenone thing i do know is that ill definitely recognize it if im lucky enough that one of you find it. Thanks in advance! And again, its an MM shifter story.	9	https://goodreads.com/topic/show/21772388-solved-adult-mm-paranormal-romance-wolf-shifter-in-a-corporate-setting-page_1	2025-06-27T00:00:00Z
21856419	2021-01-28T00:00:00Z	goodreads	Adult Mystery/ Romance. Guy is a football (soccer) player and also a woodworker, he lives in isolated barn/ house. Girl has just recently moved back home amidst death of her grandmother? Read around 2016-2017.	Seemed like a newish book when I read it about 3 or 4 years ago, I remember small details like the guy's football team goes to a bar that looks like a warehouse, and he has some connection to the girl's grandmother. He also lives in an isolated barn/house where he does his woodworking.	7	https://goodreads.com/topic/show/21856419-solved-adult-mystery-romance-guy-is-a-football-soccer-player-and-al-page_1	2025-06-27T00:00:00Z
21909299	2021-03-16T00:00:00Z	goodreads	Adult Science Fiction. Guy is investigating murder. Aliens have established a colony on Earth, they have perfected a technology of religious architecture (it induces religious experiences). He has mystical experiences. Read 1985-2005. [s]	So the guy is investigating a murder and has to go into a colony that's been established by aliens on Earth (I'm guessing that it might have been one of the aliens who was murdered?). It's all official and above board, no covert operation. The aliens have developed architecture that induces religious experiences (at least in humans) so his investigation is continually disrupted by his mystical experiences. Read: 1985-2005; probably early 1990s	12	https://goodreads.com/topic/show/21909299-solved-adult-science-fiction-guy-is-investigating-murder-aliens-have-page_1	2025-06-27T00:00:00Z
21912798	2021-03-20T00:00:00Z	goodreads	Adult Historical Fiction novel/book, set in 2 timelines, one in present time Uk and one in the Wild West around the American Civil War	I read the book around 2011/2012. I think it was quite newly published back home (Eastern Europe). The book was translated and in my native language the title had something to do with photograph/photographer. A good ⅔ of the book is set in the wild west around the time pf the civil war (if I remember correctly) and the rest in present-time UK. The book starts in present day, with a female (?) character traveling to the countryside to find out more about her family/history. She has a picture of a woman and her baby, taken in the 19th century. The story then mostly focuses on the past, presenting this woman’s journey, how that picture came to be and how it links to the present-time storyline. I remember the past storyline to take place in america in the wild west/texas-y area, perhaps around the civil war period (could be before/after). I remember the storylines featuring native americans (as it was the wild west) and traveling gypsys (as the other storyline was in UK) I’ve been trying to wreck by mind in remembering what the book was called as I would LOVE to reread it. I am super thankful to all! If anything else comes to mind I will update!!	3	https://goodreads.com/topic/show/21912798-solved-adult-historical-fiction-novel-book-set-in-2-timelines-one-in-page_1	2025-06-27T00:00:00Z
22026426	2021-07-20T00:00:00Z	goodreads	Adult Paranormal Romance where MC is an Empath	Hi I’m Kari and I’m new! Just joined the group just now to find this ya romance book I read around 2015-2016 about a girl that has empathic abilities. I only read the first few chapters but I remember a scene where she was performing at a concert as a singer/guitarist and was influencing the audience’s emotions so they would feel what she was projecting. A guy (who I believe was her love interest) is a vampire as well but that was the only thing I can remember about him. I know it’s not much to go on but I can’t get this story out of my head! Thank you!	4	https://goodreads.com/topic/show/22026426-solved-adult-paranormal-romance-where-mc-is-an-empath-page_1	2025-06-27T00:00:00Z
22050386	2021-08-28T00:00:00Z	goodreads	YA Fantasy with Quetzalcoatl, set in modern SW US desert. Read mid 1980s-early 1990s.	Hi! I read this book sometime in the mid 1980s-early 1990s. I think. Certainly well before 2000. It was a standard-length paperback, a sort of ""western"" cowboy type of scene on the front, very bright blue sky. One of the main characters in the lower left, iirc. This was set in roughly modern times, in the desert of the US Southwest or maybe Mexico. Very ""urban fantasy"" style. Someone somehow woke or summoned Quetzalcoatl. I *think* a necklace or pendant was involved, but not sure. This is key - he could speak, and was kind of a smart a$$. I don't think he realized who he was at first, and grew. Eventually toward the end of the book, his nemesis Smoking Mirror was summoned or found him, and they had a fight as huge flying dragons.	29	https://goodreads.com/topic/show/22050386-solved-ya-fantasy-with-quetzalcoatl-set-in-modern-sw-us-desert-read-m-page_1	2025-06-27T00:00:00Z
22059889	2021-09-11T00:00:00Z	goodreads	Adult Contemporary Romance, short novel/ novella by (science fiction) author about two couples, friends who swing partners. Read in 1980s, but probably older book. [s]	I read a long time ago a short novel by sci fiction author about 2 couples who swing partners and go on holiday. When they come back one couple is deeply in love but the other is totally indifferent to each other. A fun idea turns into somewhat tragic... Anyone? Please help!	7	https://goodreads.com/topic/show/22059889-solved-adult-contemporary-romance-short-novel-novella-by-science-fic-page_1	2025-06-27T00:00:00Z
22091255	2021-10-29T00:00:00Z	goodreads	Adult Drama Fiction about women friendship, having children/ wanting children. Three women, two black one white. The black women want children (to fill more happy/complete), the white woman has 2 children (doesn't like being a mother). Spoiler.	This is an adult fiction book that centers around 3 women. Two of the women are black and 1 of the women is white. The plot centered around the theme of having children/not having children to having a sense of fulfillment. The 2 black women are friends at the beginning of the book. One of the black women wants children, but I believe either her spouse doesn't want children at all or she can't have children and she may want to adopt. She also owns a hair salon where I believe the other two women are her employees. The second black woman I believe wants children, but cant have children because years ago she had an abortion that caused issue for her to conceive again. The white woman is a stripper (or was a stripper and stopped due to her husband and becoming a mother) that has two children, boy and a girl. She did not want children, but had them to please her husband. The only 2 things she love are being a stripper and her husband. The white woman starts working at the shop and the women become friends The ending of the book included the white woman children and husband was in a (house or building) fire. The husband tried to save both children, but only the daughter survived. The woman was devastated only or mostly because her husband died. No longer needing to be a mom to please her husband, she left her surviving child with the owner of the salon so she could raise her daughter and left towns. I think to become a stripper again. The woman of the salon was now happy to have a child to raise. I forgot what happen to the other black woman's situation, but all three women were happy with their decisions at the end I believe this book was written anytime in the 90's reply | edit | delete | flag *	6	https://goodreads.com/topic/show/22091255-solved-adult-drama-fiction-about-women-friendship-having-children-wan-page_1	2025-06-27T00:00:00Z
22116411	2021-12-04T00:00:00Z	goodreads	Adult Suspense/ Mystery. Ginger is thirteen when Trey abuses her. Read 2000-2013. [s]	TW: Sexual assault; death I read this between 2000-2013. The book is about a group of male friends from high school up until they grow up and have kids too. Trey dies near the end of the novel, and the narrator thinks, ""We would have invited Ginger's dad (to the funeral), but...you know..."" Ginger's dad had been part of the friends group when they were younger. They didn't invite him to Trey's funeral because Trey sexually assaulted Ginger when she was thirteen and he was forty. Her parents had her testify in court, and she was furious and didn't want to be there. The defense was a tall, skinny man. ""What's your name?"" he asked. She said her name, which I don't remember, and said, ""But my friends call me Ginger."" ""Okay, Ginger--"" ""I didn't say you could call me Ginger."" Silence, and then questions about what happened with Trey. She didn't view what happened to her as sexual assault: ""Because I had the biggest boobs in seventh grade and I wanted to fuck. He asked and I was fine with getting into bed with him."" She was maybe fourteen or fifteen while testifying. She had red hair, was pale and had freckles, and was wearing a white button-down while testifying. Before she testified, the narrator mentioned one of the guys' mother as they were teens. ""We all thought as teenagers that Mrs. (Last Name, possibly Daniels) was hot. We asked Trey about it. He was more into the girls at our private school, the whole schoolgirl thing."" Really? They asked Trey. ""Because Mrs. (Last Name) does it for -everyone- and is so attractive."" Her son rolled his eyes and was so uncomfortable, and asked Trey another question about why he was so into girls from private school. ""We figured this was just because he went to public school. The allure of short skirts had worn off for us a long time ago, but he'd never been around it. We didn't know (it indicated pedophilia in Trey's case). If only we had known, we could have helped Ginger."" This was kind of a subplot in the book, but at the same time a big part of it. I think it was a suspense novel or mystery. I don't remember why it wasn't narrated by Ginger's dad. The book was hardback with a white spine but colors on the cover. The author was a man with initials M or D? When the other guys from the friend group all grew up, only Ginger's dad was married and had a kid. The narrator may have gone through a breakup? This took place in the USA. Somewhere near the sea where the sky was gray a lot. New Jersey maybe? I'll comment if I remember anything else.	6	https://goodreads.com/topic/show/22116411-solved-adult-suspense-mystery-ginger-is-thirteen-when-trey-abuses-her-page_1	2025-06-27T00:00:00Z
22128882	2021-12-22T00:00:00Z	goodreads	Adult Murder Mystery, read before 1970. Starts with watching a production of the play Antigone at girl's boarding school in England.	As a pre-teen kid in the early 60s, I read quite a few mysteries, and often can't remember the author/title information, and sometimes not much about the plot or characters. All I really remember about this one is that it's set in England, and near the beginning, the main characters are watching a production (or maybe a rehearsal) of the ancient Greek play Antigone , at a girl's boarding school. The teen girl in the title role (who may be the murder victim later, though I don't recall for sure) is doing a great job with it; but at one point when she pauses in delivering a speech, the prompter says the next line loudly enough to ruin the effect, and take the heart out of the rest of the performance. (Agatha Christie may be the author, and this may be a Poirot book, but I wouldn't swear to either.) I know this probably isn't much to go on; but I'd love to track this book down! :-)	18	https://goodreads.com/topic/show/22128882-solved-adult-murder-mystery-read-before-1970-starts-with-watching-a-p-page_1	2025-06-27T00:00:00Z
22180206	2022-03-01T00:00:00Z	goodreads	Thriller/ Mystery. Old college friends reunite to help get old friend out of a murder. Read 2019-2021.	There is two books, one of them is about a group of old college friends who end up being a part of a legal case to get an old friend off for murder. But they were all in on it. The author of the book wrote another book that is about the students actual time in college. One of them is written as the character of the other book. I read it between 2019-2021. The characters were college age to young adult	7	https://goodreads.com/topic/show/22180206-solved-thriller-mystery-old-college-friends-reunite-to-help-get-old-f-page_1	2025-06-27T00:00:00Z
22213703	2022-04-26T00:00:00Z	goodreads	Adult SciFi. Small group of humans abducted by advanced race that put them in a simulation to solve alien genetic problem. Read 2003-2010. Spoilers.	I read a novel between 2003 & 2010 which was probably at least ten years old at that point. It was most likely published in the USA and was in English Spoilers abound below... It was about a small group of humans who were captured by an advanced race that put them in a simulation. The simulation looked good - but all the machines in it were non-functional. The group trekked through the simulation for some time. The advanced race was from the past, and they were time-travelling into their future several tens or hundreds of thousands of years at a time - and they were looking for a newly developed civilization or intelligence that could solve a problem that had developed with their genetic code. The advanced race was also utterly amoral in every possible sense and were fully intending to wipe out every civilization they found which was not advanced enough to solve their problem. There was at least a man & a woman in the party - I think there may have been 2 or 3 others. The woman may have been the daughter of a planetary leader - whose country was wiped out by the callous placement of a beacon in their territory from a galactic federation. This last plot point might be from another story but I think it is from this one.	8	https://goodreads.com/topic/show/22213703-solved-adult-scifi-small-group-of-humans-abducted-by-advanced-race-tha-page_1	2025-06-27T00:00:00Z
22275359	2022-08-02T00:00:00Z	goodreads	Adult Science Fiction. Man (Asian?) is convicted of Dumping toxic waste that kills millions even though he was unaware that his company did this. Is sentenced to exile on Mars. [s]	Science Fiction, Man (Asian?) is convicted of Dumping toxic waste that kills millions. Is sentenced to exile on Mars never to return to earth. The story follows the man after his conviction and details his life as he goes to mars. How he lives and his relationships etc. I read this book YEARS ago.. Its old. I believe it came out before 2000. I want to say the name of the book is ""The Red planet"" or simply ""Mars"" or a combination of both. I have looked here on good reads for those titles and have not seen the book i am looking for.	5	https://goodreads.com/topic/show/22275359-solved-adult-science-fiction-man-asian-is-convicted-of-dumping-toxi-page_1	2025-06-27T00:00:00Z
22305991	2022-09-10T00:00:00Z	goodreads	2nd chance/bully/romance/trauma fmc is tattoo artist who fled home after traumatic event	Adult female tattoo artist (20’s?) is where the mfc finds herself after running away/fleeing/disappearing from home/hometown after being raped by her boyfriends’s father . I believe they were neighbors and I recall his mother was in a wheelchair and the first time girl and boy meet he is moving in next door and bouncing a basketball against back of his moms wheelchair. The book bounces between current events and former. The two meet again ,after yrs of him searching for her, when she comes home to find her house Full of ppl cause current boyfriend invited bunch ppl. The current bf is off the rails on drugs and someone either attacks her or gets grabby with her . The former boyfriend is there posing as drug supplier/buyer? But is undercover investigating her current boyfriend. The former boyfriend is shocked, angry and bullies her horribly as he is still hurt over her leaving him and not knowing why she left, but eventually finds out and is horrified.	2	https://goodreads.com/topic/show/22305991-solved-2nd-chance-bully-romance-trauma-fmc-is-tattoo-artist-who-fled-ho-page_1	2025-06-27T00:00:00Z
22320492	2022-09-29T00:00:00Z	goodreads	Adult Sci-Fi, Erotica- A woman falls in a portal, meets a man, is taken back to his village, and uses her knowledge of modern medicine and agriculture to help the villagers *Spoilers*	When she enters through the portal, she first arrives in a forest. Then, she sees a man stuck in mud and saves him using rope in her bag. He takes her back to his village. She enters in a relationship with the man she saved, and is later encouraged to be in a polyamorous relationship with another man who lost his partner years ago and is a single father. There is a ritual where she has to offer him food (a piece of fruit) to join her bed/household. Towards the end of the series, she becomes pregnant but faces a threat from a stronger race which kidnaps some of the villagers, including her lovers. When she first enters the village, there is a scene of a woman trying to give birth in a hut. She is dying and losing a lot of blood. The “shaman” of the village reassures everyone that the woman will be fine. The female main character uses her knowledge of modern medicine to help save the girl and has the shaman banished from the village for lying. Another scene I remember is when she suggests that the villagers build a fence for their livestock and domesticate them in order for them to be protected, live longer, have offspring, and use them for food and clothing. I believe that this portal appeared during a storm. I also believe that the characters have a mental connection (are able to communicate mentally or feel each other’s emotions) I read this book between the years of 2010-2015	11	https://goodreads.com/topic/show/22320492-solved-adult-sci-fi-erotica--a-woman-falls-in-a-portal-meets-a-man-i-page_1	2025-06-27T00:00:00Z
22325010	2022-10-04T00:00:00Z	goodreads	Adult Mystery Thriller. Mistress is murdered in her apt. (found by taxi driver re: trip to airport). Husband is accused of murder but rich wife doesn't believe he did it so she begins to investigate. They have twins. Spoilers. [s]	The book is not ""The Perfect Marriage"" despite the plot sounding incredibly similar. I'm not posting and spoilers as far as I know because I didn't get that far into the book. I don't remember any names, sorry!! I believe the book takes place in the 2019, but it's definitely 2015+ The book reads from 3 perspectives: Mistress (only at the beginning of the book), Husband, and Wife. The book starts from the perspective of the mistress. She has sex with a married man and they get into an argument about him not leaving his wife. The man leaves so she takes a shower, she hears someone come in and thinks it's the man, but it's someone else that ends up murdering her. She's supposed to go on a business trip (I think it was later that same day) and the driver she booked to take her to the airport has an uneasy feeling about her not answering her phone so he goes into her apartment and finds her dead. Side note: The mistress is a young adult and she has a cat. I think the driver described the cat having blood on it while he was waiting for her. I believe she also lived in Portland. Man gets home and police show up on his door to take him to the station for questioning about the murder of his mistress. His affair is uncovered. When the wife finds out, she doesn't believe her husband committed the crime. The wife and husband have twin boys together and they work for the father of the wife. It's a large company and the wife comes from wealth. The husband was using company funds disguised as work meetings to travel from Texas to see his mistress. Wife's parents show up at the house with their family lawyer for damage control. The wife's parents have never been a fan of the husband in general. The book goes into details about the husband having met his mistress at a coffee shop while he was on a real business trip. I don't remember much else about the description of their affair aside from the mistress being irresponsible with money. The husband found her unpaid bills and he wanted to help her with them, but she got mad when he tried to bring it up. I think she was getting by with a sugar daddy kind of situation before having met the husband? The wife decided to take yoga classes and ends up falling for the yoga instructor. They hit it off and they want to sleep together, but they decide to wait until she serves her husband divorce papers. She had them drawn up and ready to go, but all hell broke loose with the murder so she decided that wasn't the right time. The yoga instructor owns a small bar in town and after the husband's affair had been uncovered, he drove to the bar and found his wife playing darts with the instructor and caused a pretty big scene. The last things I remember: The wife travels to the apartment where the murder took place and breaks into the property where a police officer that's investigating in her hometown catches her and tells her to gtfo. While she was in the apartment, she discovers her husband had gifted the mistress a necklace that he had gifted her for the birth of their twins. After she gets kicked out of the apartment, she decides to talk to the next door neighbor. The neighbor is an older lady that gave the wife some information on the kind of person the mistress was. As she was leaving, she gets a phone call or a text from the actual killer telling her to leave it alone and confirming her husband isn't the actual killer. The husband gets drunk and drives their SUV to the bar and he ends up getting arrested again cuz he's a reckless idiot. It was implied that he had the murder weapon in his center console.	14	https://goodreads.com/topic/show/22325010-solved-adult-mystery-thriller-mistress-is-murdered-in-her-apt-found-page_1	2025-06-27T00:00:00Z
22365336	2022-11-25T00:00:00Z	goodreads	Adult Fiction that follows a girl as she grows up to adulthood. It starts with a little her falling off a ski lift and getting buried in snow. Young troubled boy. Set in Italy or European country. Read around 2014. [s]	I think I read this the summer of 2014. It was a pretty short book, softcover with a pretty simple cover. It was a light neutral color with something simple in the center of the cover (i can't remember if it was an image or just the title or what). The story was set in what I believe was Italy or some other similar European country. The book follows that life of a girl as she grows up and struggles with life. It starts with her as a child at a ski resort. She is alone on a ski lift and falls off and gets buried in a pile of snow. I think she might break her leg or something. She eventually gets found but I don't remember much else of the child section. I think thins is where we meet another recurring character, a young troubled boy who crosses her path throughout the book. It cuts to different points of her in life; her as a preteen/teenager, a young adult, etc. The section of her as a teenager she has developed an eating disorder (anorexia I think) and doesn't have a lot of friends. I think there is a birthday party involved in the teen chapters? When the book ends I think she is in her mid to late 20s. Throughout the different points of her life the boy she met as a kid keeps crossing her path and is dealing with struggles of his own. They keep getting close to each other and then ending up on different paths and falling out of each others lives. I think at the end of the boot he is a physicist or professor or something. I have spent the last couple hours trying to find this book and I'm hitting a wall. Any help on my quest is much appreciated!	6	https://goodreads.com/topic/show/22365336-solved-adult-fiction-that-follows-a-girl-as-she-grows-up-to-adulthood-page_1	2025-06-27T00:00:00Z
22368023	2022-11-29T00:00:00Z	goodreads	Adult Fiction novel about a girl who's forced to live as her brother. Read around 2014. Spoilers ahead.	OKAY so I read this book back in maybe 2014 when I was 13 and I hated it but. (Spoilers ahead) The plot is about a young girl who was playing with her brother one day (i think they were twins) in the forest behind their house and her brother ends up drowning. Her mother (who I think was single) was devastated so she made the girl live as her brother. I think she would date girls to fit in with the guys. The girl ended up having intercouse with a guy she liked when she was a teenager and she got pregnant and had the baby at the end of the book. Also I think the mother was a witch?? I think this was part of a series written by a female author.	10	https://goodreads.com/topic/show/22368023-solved-adult-fiction-novel-about-a-girl-who-s-forced-to-live-as-her-bro-page_1	2025-06-27T00:00:00Z
22415297	2023-01-15T00:00:00Z	goodreads	Group of adult female friends, told in alternating perspectives, trying to find themselves in their 20s-30s, urban setting, mid 2000s, blue cover. [s]	I purchased this book in hardcover sometime between 1998-2004, although I suspect more like between 2000-2003. It has a pretty distinctive blue cover and I actually have a photo of the spine in a stack of books in an old digital photo of my room at the time — I can’t sharpen it enough to read the author/title, but you can see the color/design of the spine clearly and again I feel it’s pretty distinctive with beige/sage green stripes near the bottom end of the spine. Title appears to be written in script. If there’s a way to post the photo please let me know. It’s about a group of adult female friends trying to find their way in an urban setting in their 20s/30s. Romantic misadventures, career unfulfillment, etc. Told from alternating perspectives of the friends. I want to say it’s set in NYC or Chicago. Opening scene is very distinctive in my memory — one of the women is rushing home to throw a dinner party for these friends and carrying groceries in a paper bag and she drops them. I want to say she plans to roast a chicken for this party. (I remember such random weird things.) Another one of the friends spends a lot of time languishing in her bed which she is hesitant to leave. She loves her bed and her room (and I think sometimes has a lover come over) and I feel like she talks about loving the “blue light” in her room, like maybe during dusk/the l’heure bleu or something like that. (But it has nothing to do with Paris.) There’s some theme of blue throughout (at least with this one character) and I think that’s why the cover is blue. Definitely a female author. General fiction, not super literary but more literary than chick lit.	9	https://goodreads.com/topic/show/22415297-solved-group-of-adult-female-friends-told-in-alternating-perspectives-page_1	2025-06-27T00:00:00Z
22416818	2023-01-16T00:00:00Z	goodreads	Adult Thriller/ Mystery. Amnesiac woman escapes kidnapper & serial killer of women. She washes up on beach, has injuries from jumping from boat, works w detective. Possibly an island. Modern setting. Adopted brother. Read 2015-19. Spoilers. [s]	Spoilers ahead!! I read this book back in the late 2010s era so 2015-2019. It was a modern setting. The plot was, to my best recollection, that a woman washes up ashore a beach with amnesia (kind of). She escaped a serial killer who was kidnapping and killing woman and she couldn’t remember who it was. She works with a detective and they contact her adopted brother and he provides DNA etc. they return to the island and I feel like a half built or in-construction building was there that the big confrontation takes place at. They find a brick wall with a very old young dead body. And it turns out the brother had been killing girls the same age as her as she grew up. Possibly he killed their mom? Not 100% on that. I can’t find it anywhere! Help is greatly appreciated!! Thank you!	25	https://goodreads.com/topic/show/22416818-solved-adult-thriller-mystery-amnesiac-woman-escapes-kidnapper-seri-page_1	2025-06-27T00:00:00Z
22430955	2023-01-30T00:00:00Z	goodreads	Adult Christian Romance. Paratrooper (in U.S. military) rescues a teacher on a field trip with students, they're trapped while crossing a bridge when a forest fire starts. Hospital. Read around 2012. [s]	The genre is adult romantic Christian. I think it was made sometime after 2000, and I read it around 2012. I believe the author was a female. It’s in English and set in a current time period. The teacher is on like a field trip with her students, they’re crossing a bridge when a forest fire starts. They get trapped on the bridge. She tries to get the kids off. A guy paratrooper comes down and rescues her. She eventually goes to the hospital, he stays with her. She has fallen away from the faith, and he is a Christian. He takes her home. She ends up going to bed , and he leaves a Bible on a side table (I think the cover of it is camouflage). There is at some point in the middle of the book that he takes her for a check up at the hospital. When they are leaving (she’s in a wheelchair) she either faints or has a panic attack. As time goes on they end up liking each other. Thank you so much for any help anyone can provide!	6	https://goodreads.com/topic/show/22430955-solved-adult-christian-romance-paratrooper-in-u-s-military-rescues-page_1	2025-06-27T00:00:00Z
22452553	2023-02-22T00:00:00Z	goodreads	Adult Romance. Bad Girl Rock Star gets stuck on Island Vacation with ex’s family. Ex Brother is in Doctors Without Borders and hates her but they fall in love.	The girl is a rock star with platinum blonde hair and she gets invited to a family vacation with her on-again-off-again rockstar BF (he had a dumb name like Bo or something). I think the mom was sick and this vacation was supposed to be a treat for them. The ex gets arrested in the airport for having drugs I think so he misses the first week of the vacation. The brother also invites his prim and proper ex-fling/gf to the vacation but she leaves early. The FMC and MMC end up spending a lot of time together competing and jogging early in the morning. The MMC eventually goes to ??the Congo?? for DWB and that causes problems with their relationship especially since she tries to visit him and he gets scared and sends her back home. FMC manager was also stealing money from her. I read the book this year. I think it’s relatively new, like published within the last 5 years or so but I’m not positive.	2	https://goodreads.com/topic/show/22452553-solved-adult-romance-bad-girl-rock-star-gets-stuck-on-island-vacation-page_1	2025-06-27T00:00:00Z
22477442	2023-03-22T00:00:00Z	goodreads	Adult/ YA? Romance? College? girl is a weekly volunteer with a suicide prevention hotline after mother tries to commit suicide because husband left. Male caller gets obsessed with her. She befriends a group of musicians. Read around 2021? Spoiler.	The main female character I believe is in college and is a weekly volunteer with the suicide prevention hotline after her mother tries to commit suicide after her husband leaves them for another woman. She runs into a group of guys, who I believe are musicians, and somewhat become friends. I don't remember if they all knew each other beforehand or never met, but they become friends and attractions form. Since this is a series, I don't know if it's a reverse harem situation or if the girl will pick one guy in the end. What I do know is, one of the male callers that calls the hotline every week becomes obsessed with the main female character and ends up kidnapping her while simultaneously putting the guys in difficult situations (drugging the ones with previous habits then inviting women to their hotel room while calling paparazzi or something). This is where the first book ended. I want to say I read this book on 2021? At the time, the second book hadn't been announced and I've since lost the title of the first book and can't follow-up. Any help would be appreciated!	8	https://goodreads.com/topic/show/22477442-solved-adult-ya-romance-college-girl-is-a-weekly-volunteer-with-a-s-page_1	2025-06-27T00:00:00Z
22498151	2023-04-16T00:00:00Z	goodreads	Adult Science Fiction. Robot butler so faithful that he maintains the house after the residents die off...and after all humanity dies off. [s]	Short story, read in the 90s, though could be older. A robot servant is so faithful to his masters that he maintains their house after the family dies off, after all of humanity dies off, after the other robots build ships and leave for the stars, after dogs evolve to become sentient and leave for the stars themselves, after the ants take over the world (except for the house the robot maintains), after the ants die out...only when the robots return from space and ask him to join them in their colonies does he finally accept that he can leave.	8	https://goodreads.com/topic/show/22498151-solved-adult-science-fiction-robot-butler-so-faithful-that-he-maintain-page_1	2025-06-27T00:00:00Z
22500236	2023-04-19T00:00:00Z	goodreads	Short story. Human astronaut crash lands on an alien planet with an automated city, but can't use the facilities as they're geared toward an alien race	Short story, read in the 90s, but probably older. A human astronaut crash lands on an alien planet and discovers an automated city designed as an oasis for space farers. Unfortunately the aliens that designed it were so different from humans that the facilities are useless to him: the temperatures are hellishly hot, the food is inedible, and the music is just an awful noise. The cities tries to adapt itself to his physiology, but begins to break down with the effort. Just as the astronaut has resigned himself to death, he wakes up to find the city seemingly transformed: the food is heavenly, the music divine, and the accommodations luxurious. He's so happy that he hardly realizes he now has a trunk and a tail (the city turned him into an alien).	9	https://goodreads.com/topic/show/22500236-solved-short-story-human-astronaut-crash-lands-on-an-alien-planet-with-page_1	2025-06-27T00:00:00Z
22511611	2023-05-02T00:00:00Z	goodreads	Adult Paranormal Shifter Romance. Shy human woman wants a child, goes to a bar for a one night stand. She's targeted for being pregnant with a shifter baby. Read around 2015-2017.	A human woman wants a baby so badly, but is shy. She gets the nerve to have a one night stand. Goes to a bar, finds a guy, tells hims she’s on birth control, and they spend the night together. The guy is a shifter-I can’t remember what kind, but I thought panther for some reason. He knows she’s his mate, but she leaves before he can tell her anything. She goes home and tries to forget about the guy. Finally takes a pregnancy test, finds out she’s pregnant, only to be attacked in her own home. I think it’s a rival pack that attacks her bc the guy she hooks up with is important in his pack. Her baby daddy rescues her in time and whisks her away to his pack, where she learns about shifters I don’t remember much more than this. I read it around 2015-2017.	5	https://goodreads.com/topic/show/22511611-solved-adult-paranormal-shifter-romance-shy-human-woman-wants-a-child-page_1	2025-06-27T00:00:00Z
22537702	2023-06-07T00:00:00Z	goodreads	Adult Fantasy Romance about girl who goes to school in London and meets Thor's son. She likes Earl Grey tea. Read in 2020.	she likes earl grey book starts with e read 3 years ago	6	https://goodreads.com/topic/show/22537702-solved-adult-fantasy-romance-about-girl-who-goes-to-school-in-london-an-page_1	2025-06-27T00:00:00Z
22551047	2023-06-26T00:00:00Z	goodreads	Adult Thriller 2019. Woman BBC radio journalist laid-off then creates podcast to solve crime of woman she talked to on a domestic abuse hotline. Spoiler.	Picked this up in an Australian airport bookstore in 2019 by female author who was British and had only written this one novel. Spoiler: The female lead character solves a case and finds a boy who died 30 years ago in an air vent of the radio studio she was laid off from several months ago. Two timelines: London BBC radio journalist is laid off (she has a daughter) and decides to make a podcast. She volunteers at domestic violence hotline taking calls and starts personally helping a woman escape a bad situation. This woman disappears and the protagonist begins to look for her. The protagonist’s daughter coincidentally is endangered by a relationship with an older man while her mom obsessively. Second timeline is 30 years with a girl who survives high society people involved in human trafficking. There is a young boy who dies.	5	https://goodreads.com/topic/show/22551047-solved-adult-thriller-2019-woman-bbc-radio-journalist-laid-off-then-cr-page_1	2025-06-27T00:00:00Z
22560281	2023-07-08T00:00:00Z	goodreads	Adult Fiction, light & humourous. A husband/ dad leads a double life in U.K. - part of the week with his wife, part of the week in a student flat with 3 flat mates. He finds family life stressful. Read 1998-2004.	Between 1998 and 2004 I read a few Mike Gayle books including Mr Commitment and Turning Thirty. I read a similar book - size, genre, style. humour level. The plot was along these lines. - Happily married man - loved his wife - New dad to a young baby - Found family life very stressful - Decided the only way to save his marriage was to lead a double life and live away from home - Stayed in a student flat with one friend and two randoms - Told his wife he was working away from home - Lots of humour about relationships with these students whose lives are so different - Eventually gets caught - Cant remember ending but its a positive one Certain its NOT by Mike Gayle but its a similar style. PLEASE HELP!!!	8	https://goodreads.com/topic/show/22560281-solved-adult-fiction-light-humourous-a-husband-dad-leads-a-double-page_1	2025-06-27T00:00:00Z
22563752	2023-07-13T00:00:00Z	goodreads	Adult Historical Romance. Heroine and friends kill rapist teacher and she later marries but her husband finds out she's not a virgin and makes her wait to consummate the marriage. Read around 2021.	I didn't read this book, only the summary and some reviews years ago but hadn't wanted to read anything potentially violent or triggering at the time so I ignored it but now I want to read it and can't find it anywhere. I'm pretty sure the heroine's friends bury his body and they all vow to never speak of it, she gets married years later and her husband doesn't want to consummate the marriage because he doesn't want to be tricked in case she's pregnant with another man's child so he makes her wait until she gets her period.	5	https://goodreads.com/topic/show/22563752-adult-historical-romance-heroine-and-friends-kill-rapist-teacher-and-sh-page_1	2025-06-27T00:00:00Z
22568692	2023-07-20T00:00:00Z	goodreads	Adult Romance. Woman works at bar with boyfriend a billionaire offers her $ for one night after a bet. [s]	Synopsis; a woman and boyfriend own/working at or trying buy bar in Hollywood? A billionaire stops in and makes bet and wants one night with her. At some point I believe he has a sister who is evil (lol) and interferes. After their night together the rich guy either buys the boyfriend and her break up, I believe he had also been cheating on her . Listened to this on audible a few years back… help!!??!	8	https://goodreads.com/topic/show/22568692-solved-adult-romance-woman-works-at-bar-with-boyfriend-a-billionaire-o-page_1	2025-06-27T00:00:00Z
22571289	2023-07-24T00:00:00Z	goodreads	SciFi story set in the near future. Fat man with ""clean"" genes journeys to heroism. [s]	This was a scifi story I read when I was a teenager. The main character starts as an unpleasant, fat, and unattractive man. When we meet him, he is allowed to have sex with prostitutes for free because he has ""clean genes"". The prostitutes harvest his sperm for a government genetics program. I think most men have damaged sperm? He is not a very pleasant character. He suffers a fall from grace of some sort. Slavery, or kidnapping perhaps? He is sold? into a gladiator-type school where he is trained. As the main character is being trained, he goes through painful physiotherapy to shape his fat into muscles. The story includes scenes where the main character sees old people wearing video glasses that record criminal behavior - this is the part I wish to reread. I seem to remember mention of a large building of some sort in the final stages of the book, and perhaps an aerial assault. The book was written before 1990. Thanks!	5	https://goodreads.com/topic/show/22571289-solved-scifi-story-set-in-the-near-future-fat-man-with-clean-genes-page_1	2025-06-27T00:00:00Z
22574921	2023-07-28T00:00:00Z	goodreads	Adult Romantic Suspense. Woman on the run from abusive husband and ends up hiding in an old house by the beach. Works as waitress. Scared of male lead. Sketches on the beach, secretly sketches him. Spoilers. [s]	She hides in the house but occasionally goes to the beach and sketches sitting at a picnic table. She sees a guy on the beach often and he sees her too but whenever he tries to make conversation she bolts. At some point they do talk and she sketches him. He starts helping her around her old house fixing it up. She gets an unexpected visit from her husband's friend and gets freaked out. Ends up in some sort of conflict and the MMC ends up saving her. They find out her husband was involved in human trafficking and that the MMC's sister was taken by him and killed.	8	https://goodreads.com/topic/show/22574921-solved-adult-romantic-suspense-woman-on-the-run-from-abusive-husband-a-page_1	2025-06-27T00:00:00Z
22577377	2023-07-31T00:00:00Z	goodreads	Adult Romance: Famous girl falls inlove with boy who has cancer. Set in Las Vegas	Hellooo. I´m looking for a book i read maybe in 2014-2018. The guy works driving a limo and also makes glass art, the girl is a famous singer (I think). They fall in love but the boy has cancer or some heart disease. They live in Vegas. I hope someone can help me please	5	https://goodreads.com/topic/show/22577377-solved-adult-romance-famous-girl-falls-inlove-with-boy-who-has-cancer-page_1	2025-06-27T00:00:00Z
22604556	2023-09-05T00:00:00Z	goodreads	Adult novel about a group students in a British college who join a mysterious club that gets them involved in a tontine	Read the book about 6 years ago, don't remember if it was recently published. The condition of the tontine somehow involved members instructing each other to perform increasingly humiliating actions, if a member didn't perform the action they were out.	3	https://goodreads.com/topic/show/22604556-solved-adult-novel-about-a-group-students-in-a-british-college-who-join-page_1	2025-06-27T00:00:00Z
22607185	2023-09-09T00:00:00Z	goodreads	Adult Literary Fiction about a wealthy South American woman in a failed marriage who begins a journal seamlessly blending fantasy and reality when she discovers that she is dying --if she is in fact dying to begin with!	I read the first few chapters of this book about twelve years ago, around the same time that I read The Gardens of Kyoto, with which it is contemporary. It is a short novel (under three hundred pages) and it would be classified as literary fiction (or should be). The setting, South America, possibly Chile (post-Pinochet) or Peru. The protagonist is a creative, sensitive woman trapped in a loveless marriage to a wealthy business man who is as clueless about the true state of his marriage as he is unimaginative, conventional and dull (a typical fatuous bore). We learn early on in the book that she, the main character, is dying, presumably of cancer. But maybe not. She is an unreliable narrator. We know this because in the first chapter we learn that her lover had just died, ""expired like the ash on the end of his cigarette"", silently and without notice, right there beside her in a motel bed. She records this in her private journal which she leaves for her estranged husband to find. Since the deceased is her husband's business partner, and very much alive, her clueless clod of a spouse is rather bemused by this fiction. In fact, he knows full well that his partner didn't expire after having sex with his wife because they were on a business trip together that day. In any case, his beautiful, melancholy wife (I am quite taken by her) documents in her journal the progression of her illness and her reflections on love, life, death, loss and relationships and on the inseparability of reality from dreams, fantasy and imagination.	6	https://goodreads.com/topic/show/22607185-solved-adult-literary-fiction-about-a-wealthy-south-american-woman-in-a-page_1	2025-06-27T00:00:00Z
22618116	2023-09-24T00:00:00Z	goodreads	Adult Historical Romance with aristocratic Shifters series. Widow had married an abusive shifter. King forces her to marry male lead to protect their secrets. Ball. Each book about aristrocratic shifter. Read 2013-2023.	I don't remember a lot about this book but I would have read it as an ebook with the last 10 years. Probably off of Amazon. It was part of a series of books each had a member of the aristocracy that was a shifter. I think werewolf but they may have been a variety. The FMC was a widow that had previously been married to an abusive shifter. Since his death she has no intention of being remarried. She's human and I think she found it he was a shifter after the marriage. The King forced her and the MMC to get married to protect their secrets. I think it was regency but may have been medieval or highlander. I remember there being a ball that the King ordered both too attend, The MMC had a suspicion that there was more to it especially when the king called him to a private meeting were he ordered the marriage. I think the MMC may even have been related to the king although that may have been more a case of the King being ""alpha""	7	https://goodreads.com/topic/show/22618116-solved-adult-historical-romance-with-aristocratic-shifters-series-wido-page_1	2025-06-27T00:00:00Z
22618173	2023-09-24T00:00:00Z	goodreads	Adult Historical Romance series. Woman sails over from England with her young daughter and becomes an indentured servant on a plantation in (South) Carolina. Her husband had been killed in England. Read around 2013? Spoilers. [s]	Looking for a book. I read it years ago but can’t remember the title or author. Possibly published mid 90s-early 2000s. It is about a woman comes over from England with her young daughter and becomes an indentured servant but eventually marries the man. Takes place in South Carolina. They bring over a pregnant slave girl with them helping her escape her owner. She gives birth at the end of the book when her master eventually finds her. He had been abusive to her. The original woman met another girl on the ship over who marries a man with 2 daughters and 1 son.	11	https://goodreads.com/topic/show/22618173-solved-adult-historical-romance-series-woman-sails-over-from-england-w-page_1	2025-06-27T00:00:00Z
22620284	2023-09-27T00:00:00Z	goodreads	Adult Fiction. Set in rural American/ Canadian border towns (Minnesota?), collection of ensemble characters, one of main characters has interest in birds. [s]	I read this book sometime in between 2012-2016 I believe. I don't remember any of the characters' names specifically but one of them could be August? I don't remember if that's a name, part of the title, or an important month in the story. The general plot is that the characters live kind of back and forth along the American/Canadian border, I think in Minnesota. The story follows their rural lives and I think one character has a farm. One of the characters definitely loves birds. I think he also is autistic or has some sort of mental illness. The most impactful part of the story to me (really the only part I remember vividly) is the end where he sees a murmuration of birds, starlings I think, in autumn. I think I remember a murmuration on the cover, and I'm pretty sure this book was written by a male author.	8	https://goodreads.com/topic/show/22620284-solved-adult-fiction-set-in-rural-american-canadian-border-towns-min-page_1	2025-06-27T00:00:00Z
22630921	2023-10-11T00:00:00Z	goodreads	Adult Nurse Romance. Probably written 1970-90. Nurse Valerie takes up a new job in hot & dry place (probably Western US). She has a colleague/roommate called Andrea & meets a rich playboy named Roy. Other love interest is male doctor. Spoiler.	I read this in the 90s. It looked like an old book. I remember the protagonist Valerie as a level-headed girl while her friend Andrea is more impulsive and extroverted. They are both nurses. The book cover has an illustration of a pretty woman (wearing a vintage nurse uniform with apron and hat) with shoulder-length hair standing in the daylight. There is no kissing on the book cover...only Valerie in her nurse dress giving a cool stare. (view spoiler) [ Andrea is unmarried but pregnant, probably by Roy. (hide spoiler)]	7	https://goodreads.com/topic/show/22630921-solved-adult-nurse-romance-probably-written-1970-90-nurse-valerie-tak-page_1	2025-06-27T00:00:00Z
22632481	2023-10-13T00:00:00Z	goodreads	Adult Romance, Mills and Boon. Professor and student, set in Tuscany, Italy. Antagonist relationship at first. Her family was renting a villa. Late 1990's/early 2000s.	I am looking for an older book a romance between a professor and a student (maybe a graduate degree, I can't remember). I know the two had an antagonist relationship at first. It was set in Tuscany where the MFC family was renting a villa. Anyone can help ? Could be late 1990’s beginning of 2000	9	https://goodreads.com/topic/show/22632481-solved-adult-romance-mills-and-boon-professor-and-student-set-in-tus-page_1	2025-06-27T00:00:00Z
22637748	2023-10-20T00:00:00Z	goodreads	Adult Historical Romance series. Heroine is best friends with hero’s younger twin brothers. She falls out of a tree. Hero is thought of as boring. [s]	Historical romance first book in the series Hero has a large family and heroine live near or next door and is best friends with his twin brothers (they get up to lots of fun and mischief) hero doesn’t get involved, think he’s loved her for a long time from afar. I’m sure at one point in the book heroine fall out of a tree and hero finds her Thanks	7	https://goodreads.com/topic/show/22637748-solved-adult-historical-romance-series-heroine-is-best-friends-with-he-page_1	2025-06-27T00:00:00Z
22652200	2023-11-07T00:00:00Z	goodreads	Adult Romance - Girl gets amnesia from injury inflicted by abusive ex. She forgets him and ends up with a coworker who she thinks is her husband. Read around 2017-2020.	I might be mixing up two different books, but here’s what I remember about the book: * a girl gets pushed off a balcony? and gets amnesia. * we find out later on that her abusive husband/boyfriend pushed her, but she forgets all about him. * I think it’s her coworker or somebody who helps her through it and she has dreams or something about him doing all this romantic stuff for her and she thinks they are memories or something so she thinks he is her husband? * maybe it was just that he tells her he’s her husband or something, I’m not sure * it also might have been that the main characters friend kind of conspired with the new husband to pretend that he was her husband to hopefully get her to forget about the abusive guy? I'm not sure. * the guy ends up doing all the stuff from her dreams and they end up actually falling in love and “renewing their vows” but they’re actually just getting married because they were never actually married. * she starts to get some memories back about her ex. His name might have been Simon but I might be making that up. Like one time her new boyfriend/husband? Tells her she should invite a friend over or something and she’s like “Simon doesn’t let me invite friends over” and then she s all confused and doesn’t know why she said that and stuff. I think that’s all the main stuff I remember. Anyone know what I’m talking about? I used to read a lot of kindle unlimited books so it could possibly be from there, but I’m not certain. I most likely read this sometime between 2017 and 2020 Thanks in advance!	11	https://goodreads.com/topic/show/22652200-solved-adult-romance---girl-gets-amnesia-from-injury-inflicted-by-abusi-page_1	2025-06-27T00:00:00Z
22652203	2023-11-07T00:00:00Z	goodreads	YA? Fiction. Lady is hired to write about a child star, flies out to live near and follow the actress around. Read 2018-2023. [s]	The writer flew out to live near the star and followed her around. What is sticking out to me the most is near the end the star is accused of doing drugs and the writer finds out her and her family have been faking everything for the media coverage. I'm sorry it's so vague. I appreciate all the help.	11	https://goodreads.com/topic/show/22652203-solved-ya-fiction-lady-is-hired-to-write-about-a-child-star-flies-ou-page_1	2025-06-27T00:00:00Z
22655743	2023-11-12T00:00:00Z	goodreads	Adult Japanese fiction. Architect (Japanese in 50's) discovers new place in Tokyo where young people join in to cosplay, then he goes to countryside. Contemplative. Read 2022 in French. [s]	I read this book in 2022 in a library in France. It was probably written before 2000. I've never finished it, but the main character was a 50's old japanese architect discovering a new place in Tokyo where young people join in to cosplay. He then go to the countryside. I can't really say more after that.	11	https://goodreads.com/topic/show/22655743-solved-adult-japanese-fiction-architect-japanese-in-50-s-discovers-n-page_1	2025-06-27T00:00:00Z
22664529	2023-11-24T00:00:00Z	goodreads	Adult Short Story, female US author, romance /parody, early 20th C. Woman moves to big city (NY?) to take publishing? job. Dries hair on apartment building roof, male neighbor advises her on proper urban hygiene. Turns out he's her landlord & boss.	Think I read it in the last 3 years, but believe it was written after 1900 and before WWI.	5	https://goodreads.com/topic/show/22664529-solved-adult-short-story-female-us-author-romance-parody-early-20th-page_1	2025-06-27T00:00:00Z
22666818	2023-11-27T00:00:00Z	goodreads	Adult? Fantasy series. Young woman/ teen girl taken out her bedroom window by aunt to Magical World? Each ""grade"" in school wore different color robe. Celtic-like. Author from Sedona, Arizona? Read around 2000-2005. Spoilers.	1. Fantasy Series (I only read the first one but I remember there were more.) 2. I believe the author is from Sedona AZ because I remember something about her being a local author at the time. 3. I read the book in the early 2000s (2000-2005) 4. I feel like the covers were colorful, but I can't be sure now. 5. I don't think they were YA since my mother was worried about my reading them 6. ze MEAT (spoiler time): So the story is about a young woman or teen girl. She is taken out of her bedroom window by her aunt and taken to a magical world TM. She is enrolled? into some kind of school? I remember that each ""grade"" wore a different color robe (white, green...blue?). The thing that made the story unique is that the fairy/magical beings in this story could present themselves as anything they wanted, but I seem to recall horses being very common. Anyways, she is taken to a magical ceremony where the older girls get to be claimed(?) by a fairy-thing but then the main character girl like...bonds with them all? Or something? And everyone is really mad and because that's not supposed to happen and she broke everything. I also remember there was some vague romance overtones with some dark-haired-boy TM but don't remember much.	25	https://goodreads.com/topic/show/22666818-solved-adult-fantasy-series-young-woman-teen-girl-taken-out-her-bedr-page_1	2025-06-27T00:00:00Z
22677010	2023-12-09T00:00:00Z	goodreads	Adult Thriller. Girl driving home from college follows a van with Kidnapped girl. Similar plot to No Exit but not No Exit. Read around 2013. Spoilers.	SPOILERS I read a book about 10 ish years ago about a girl driving home from college but sees a girl in a van that has been kidnapped. This is not NoExit. She follows the van and ends up at the kidnappers remote house. The kidnapper leaves and she eventually finds a way into the house and finds the girl. They escape and are driving away but the kidnapper is coming the other way down the road and sees them and starts to chase them down. Very good and thrilling book but cannot remember the name od the booknor the author.	10	https://goodreads.com/topic/show/22677010-solved-adult-thriller-girl-driving-home-from-college-follows-a-van-wit-page_1	2025-06-27T00:00:00Z
22679446	2023-12-11T00:00:00Z	goodreads	Adult MM Romance. Gay guy is a driver for a young ""straight"" actor, actor realizes he's gay	Hi I read this book a couple of years back (maybe 5?). So the plot details are that there is a driver or a personal assistant to a young guy (who's very beautiful/hot) and the driver is gay. The young guy is a rich kid or an actor or something like that but comes across as a jerk initially. The young guy also comes across as a womanizer and in one scene he asks for a privacy screen in the car that the driver is driving. But turns out later that the young guy wasn't actually making out with the girls. He was in the closet or this was a ""gay for you"" or ""gay awakening"" story for the driver. There is no paranormal/fantasy/scifi/historical elements. it's a contemporary setting.	6	https://goodreads.com/topic/show/22679446-solved-adult-mm-romance-gay-guy-is-a-driver-for-a-young-straight-act-page_1	2025-06-27T00:00:00Z
22687168	2023-12-21T00:00:00Z	goodreads	Adult Erotic Werewolf Romance novel about a college student who is mated to a werewolf and he stays in his wolf form and lives in her dorm room with her while she takes her finals. [s]	I read this book around 2020-2021 and I think it was written around that time as well. The specific book I'm talking about is book 2 in the series. More information I remember from book 2 is the girl best friend and former roommate is also mated to a wolf and they take her (the fmc) back to her mate's house and she stays there for a while with her mate in wolf form and he lives in a neighborhood with his entire pack. She finds out her mate is a writer and starts reading some of his books and discovers he's been stocking up supplies (feminine products, hair care etc) for his future mate. His alpha makes her a sandwich is something else I remember and there's a scene in the book where one of the pack members mate dies and he starts going feral.	6	https://goodreads.com/topic/show/22687168-solved-adult-erotic-werewolf-romance-novel-about-a-college-student-who-page_1	2025-06-27T00:00:00Z
22691313	2023-12-27T00:00:00Z	goodreads	Adult Motorcycle Club Romance with twin brothers who fall for the same woman who had a child from a previous relationship. Read 2023. [s]	Use whole words in your topic header, please. No acronyms.	4	https://goodreads.com/topic/show/22691313-solved-adult-motorcycle-club-romance-with-twin-brothers-who-fall-for-th-page_1	2025-06-27T00:00:00Z
22714358	2024-01-16T00:00:00Z	goodreads	Adult fiction. Husband buys or builds extravagant home in Florida for wife. [s]	This book is a fairly recent release on Amazon. It has to do with a husband purchasing or building an extravagant home in Florida for his wife and what happens after they move in. The cover of the book was mostly blue and I believe it showed the wife on it, looking away.	4	https://goodreads.com/topic/show/22714358-solved-adult-fiction-husband-buys-or-builds-extravagant-home-in-florid-page_1	2025-06-27T00:00:00Z
22718505	2024-01-21T00:00:00Z	goodreads	Adult Medieval Romance involving a tournament, male lead kidnapping the female lead as revenge/ collateral. Read around 2015.	I read this book around 2015, All i can remember is that the book started with a tournament where a knight (Mmc) kidnaps a lady with violet/purple eyes during the tournament because of a wrong her father supposedly did him which was a lie.. He took her to his castle and during the journey their attraction grew and they fell in love, on arrival he realized his uncle has been the villian and lied to him, when the lady's father arrived he formed an alliance with him and helped him defeat his uncle after which he married the lady. I think the mmc is a france knight or roman.	14	https://goodreads.com/topic/show/22718505-solved-adult-medieval-romance-involving-a-tournament-male-lead-kidnapp-page_1	2025-06-27T00:00:00Z
22719150	2024-01-22T00:00:00Z	goodreads	Adult Motorcycle Club (MC) Romance series. Girl is a surrogate (mother) for MC couple, meets one of their friends and falls in love. Published 2014-2024.	MC romance book in a series about a girl who is a surrogate for an MC couple and she meets one of their friends and falls in love. I cant remeber the name of the book or the characters names and i would love to read it again. The whole series was great. Written in the last 10years	5	https://goodreads.com/topic/show/22719150-solved-adult-motorcycle-club-mc-romance-series-girl-is-a-surrogate-page_1	2025-06-27T00:00:00Z
22719650	2024-01-22T00:00:00Z	goodreads	Novel about a Chinese-speaking widow (not Chinese herself) who becomes a nun. Read about 40 years ago. Spoiler. [s]	I read this as a Reader's Digest condensed novel, the title I remember, in Italian, was something like 'The Garden of Silence'. The main character was a woman who had entered a nunnery after the death of her husband, in the novel we discover her story, at some point she is conflicted about staying or going out, she ends up staying, taking her wows, and if I remember, she's sent to a new foundation either in China or Taiwan where her knowledge of the language matters.	5	https://goodreads.com/topic/show/22719650-solved-novel-about-a-chinese-speaking-widow-not-chinese-herself-who-b-page_1	2025-06-27T00:00:00Z
22720138	2024-01-23T00:00:00Z	goodreads	Adult Contemporary Romance. Heroine decides to go into rehab, gets out and is devastated to find the hero moved on with another woman. Read 2014-2023.	Hi! I have read this book within the last 10 years. I only remember that the heroine and the hero were in a relationship. The heroine is an addict (dont remember what she was addicted to), and she decides to go to rehab. I dont know if he agreed to wait for her until she got out, but i know that he moved on and the heroine was devastated when she found out. I dont remember if it was a full-blown relationship or a one night stand. They end up together in the end, though.	8	https://goodreads.com/topic/show/22720138-solved-adult-contemporary-romance-heroine-decides-to-go-into-rehab-ge-page_1	2025-06-27T00:00:00Z
22734483	2024-02-07T00:00:00Z	goodreads	Adult Gay MM Romance. Athlete in amateur club (football/ soccer, rugby or hockey?) is mesmerized by masked dancer at a club - who's a teammate. Dances to pay medical bills for his partner. Set in Australia or New Zealand. Read 2020-2022. Spoilers.	Looking for a book I read. Set in 🇦🇺 or 🇳🇿. This book deals with a football (soccer) or rugby or even hockey club where there’s a new loner like teammate. This club is a small one that’s not pro but amateur. This one player I’m not sure is gay but went to a club and is mesmerized by this masked dancer - who happens to be his teammate. The new teammate is dancing for money to pay off medical costs for his partner that’s in a coma, who he eventually pulls the plug. The first players family has money and I believe payed off the medical debt. It’s also revealed that the new teammate is in a play that he dances/performs in and we find out that the other teammates mother may have been on the board of the theater. I read this sometime between 2020 and 2022.	6	https://goodreads.com/topic/show/22734483-solved-adult-gay-mm-romance-athlete-in-amateur-club-football-soccer-page_1	2025-06-27T00:00:00Z
22737902	2024-02-11T00:00:00Z	goodreads	Adult Romance. Hero sleeps with heroine's male friend, out of spite, when she left to get her sister. Read 2019-2023.	Hi! So I read the book within the last 5 years. Heres what i remember: -the heroine in this book was the other woman in the previous book. Hero of that previous book was with her, in part, to protect her from issues in her family. I dont remember if the characters were in college or if they were older. -the hero of the book im looking for hates her but for some reason the heroine ends up staying with him at his house. Everyone would consider her a screw up, including the hero. - theres a scene where she leaves the heros house without telling him she was going to be back in a couple days. She left to take custody of her little sister. The hero thinks she left him and in retaliation he sleeps with her male friend. This friend was probably her only friend in that town so when the heroine comes back and finds out that he did this out of spite, she is devastated. - The heroine and her little sister moves out his home to another part of town. She gets a job and a place. The hero misses them. He has a room renovated for the little girl in hopes that they will be back. Thank you in advance for your help.	8	https://goodreads.com/topic/show/22737902-solved-adult-romance-hero-sleeps-with-heroine-s-male-friend-out-of-sp-page_1	2025-06-27T00:00:00Z
22738627	2024-02-12T00:00:00Z	goodreads	Adult Historical Romance - Small logging town girl gets pregnant out of wedlock, abandoned by lover and brothers friend (a horse trainer) marries her to save her reputation. Spoilers ahead.	I remember this book I read during 2021-22 I think and it didn't seem like an old book so probably written somewhere in the 2020-2023 range. I think it was an ebook and the author was female Book genre: Historical romance fiction for either YA or New Adult Character descriptions: there a few characters in this book, I'll list as many as I can remember... *Main character - Young female (around 18-20 years old), blonde hair I think *Older brother - He gets a job as a banker *deceased parents *Brother's (best?) friend - works with horses *Cookie (It's the only name i remember, its the character's nickname) - owns the small town cafe/eatery/diner/restaurant & used to be a war doctor/surgeon Time period and location: I'm not sure what century could be anywhere from 18th to early 20th century. The story is set in the USA/US/America in a state like Oregon or Montana or some state like that set in a small newly established logging town. Language or country the book published: It was published in English, in US/USA/America Plot Description: *SPOILERS AHEAD* (view spoiler) [plot details: The book begins with the explanation that the parents had passed away and the father had made bad investments/choices so they were in debt. The older brother decides to pull his sister out of the college/university/ upper class education she was enrolled in which she hates and now how to cook and clean more at home because they can't afford to have maids and stuff. The older brother manages to get employed at the local small town bank. The town is close to a dock/port where she meets a ship's captain and then gets pregnant by him and he promises to meet her and taker her away with him (he doesn't know she's pregnant). She leaves and night to go away with him but he betrays her and leaves her abandoned. She has to tell her brother that she is pregnant out of wedlock. Her brother tells his friend who is a horse trainer/keeper/vet who travels with the logging company about the situation and he offers to marry her (the main character) because he is already a little bit in love with her. She tries to run away to the big city she lived before to make a living and not be judged but she ends up being stopped and told about the brother's friend's willingness to marry her. She eventually reluctantly agrees and they decide on a plan for him to (fake?) court her for a little while to make it seem believable before they marry. She starts to work to earn some money at the local diner owned by Cookie to help save money before she has the baby and to help her brother with the family debts. He takes her on rides in his wagon, as he pick her up and drops her off at work.They do this every day, there is one scene/day where he annoys her and she jumps off the wagon into mud (or something like that), it was a slight argument/miscommunication as she thought he was laughing at/mocking her. Eventually they begin to build a friendship/trust. They get married in a small ceremony and she moves in with her now husband. They spend time in their house for a few days (the day after their wedding is Sunday and they don't attend church) as part of their ""honeymoon"" to convince the townspeople it's a legitimate marriage. They end up going on bushwalk/hike/trek to a nice waterfall where he teaches her how to fish with patience which she admires and begins to fall for him a bit. She falls asleep and he goes further away from her to not disturb her sleep and catch more fish. She wakes and finds herself alone and screams because she thinks he's abandoned her. He rushes back, she's angry, he consoles/comforts her and they make up. They begin to get a good routine as a couple going. He helps bring the bath in for her every time she needs and one time accidentally walks in on her naked. Eventually getting in and out of the tub starts to get more difficult for her, he notices and decides to build her an outdoor shower which takes time. She keeps working at Cookie's diner even while heavily pregnant and she get cornered and almost raped/assulted by a man from the town, the husband is away helping the logging people who suffered a disaster and need help with horses. Cookie get to her in time to help and when the husband arrives he finishes beating up the man who attacked her and then her takes her home & cares for her. Time passes and they fall in love, have the baby. At some point the sea captain who got her pregnant comes back to the port/doc near their town and she meets him to tell him off for being a womanizing coward and that in spite of him she has a wonderful child and husband and that she never wants to see him again and he will never see her child. And then they liver happily ever after. (This is book 1 of 2, which can be read as standalones, the 2nd book is about her brother who decides her wants a wife and sends an ad out for a mail order bride and an irish girl who dreams to be a business woman/seamstess/fashion designer decides to accept the offer.) (hide spoiler)] If anyone knows the title of this book please let me know. Also any other suggestions for similar books would be appreciated. Thanks in advance :)	2	https://goodreads.com/topic/show/22738627-solved-adult-historical-romance---small-logging-town-girl-gets-pregnant-page_1	2025-06-27T00:00:00Z
22746395	2024-02-21T00:00:00Z	goodreads	Adult Fantasy. Guy goes into cellar, finds a door to a new world. [s]	All I remember: A guy is at home and hears something from the cellar. He goes downstairs to investigate, and there is a door or portal. On the other side, he is on a ""planet"" or world that is like a pillar with several ""discs"", each of them forming a ""flat earth"" of sorts. The one he is on is grasslands, and he meets a native. Together, they travel to the center, because you can seemingly go up and down. I remember that he turns out to be one member of a species that controls different worlds and that he ""forgot"" about it. I don't remember much else.	8	https://goodreads.com/topic/show/22746395-solved-adult-fantasy-guy-goes-into-cellar-finds-a-door-to-a-new-world-page_1	2025-06-27T00:00:00Z
22746505	2024-02-21T00:00:00Z	goodreads	Adult Fantasy, Erotica Romance, 2 in 1 book. 2 sisters transported to different fantasy lands, meet significant other. Medieval world with dragon. Older sister (popular author) to spaceship, mind control device. Read around 2018-2020. Spoiler. [s]	The book is a two parter and in the front pages of the book was something about it originally being an E-Book and actually published physically. 2 sisters are transported into the worlds of the book that the older sister writes as she is a popular author and they find their Significant Other in those worlds. One of them is sent to a medieval world where there's a dragon that sounds exactly like Sean Connery and there's a smeggs scene that involves a boat/ship rocking. And I remember some mentions of a advisor to the male lead telling him to be nicer to the female lead since her older sister did write nice husbands for ML's sisters to have. The older sister is sent to a futuristic cyber spaceship and is held captive by an alien or human male and at one point has a mind control device on her head so she can't run away from the guy. She also starts to get really bad migraines that have something to do with her younger sister finding her? The end of the book has the younger sister becoming a witch with powers and teleporting into the ship with her man and reuniting with her older sister. The younger sister also rides into the spaceship on Sean Connery sounding dragon.	7	https://goodreads.com/topic/show/22746505-solved-adult-fantasy-erotica-romance-2-in-1-book-2-sisters-transport-page_1	2025-06-27T00:00:00Z
22748862	2024-02-24T00:00:00Z	goodreads	Adult Contemporary Romance. Forced/ arranged marriage, abusive father, female lead is classical pianist. Read 2019-2024. [s]	Read within the last 5 years. FMC promised to be married for a long time. Finally married. Father is secretly abusive and steals her earnings from her piano concerts. Her sisters and mother are not nice either. New husband is nice. Genre: romance	10	https://goodreads.com/topic/show/22748862-solved-adult-contemporary-romance-forced-arranged-marriage-abusive-f-page_1	2025-06-27T00:00:00Z
22756632	2024-03-02T00:00:00Z	goodreads	Adult Science Fiction, Future Earth. A man is bred to stop an alien invasion. Spoiler. [s]	Read this book (paperback) in 1980s or early 90s. In the future, there is an alien invasion heading towards Earth. Some humans have mutated into different subspecies. To combat the incoming invasion, a breeding program is developed to create a 'super' man bred from various human sub species. The man is born/created, he has a metal plate/mesh put in his skull to limit his abilities until he leaves earth. He is sent off earth to stop the aliens. /// Spoiler Alert? //// He goes thru hyperspace (which has more than one level) and finds the alien home world. He finds out that the aliens attacking are under control of a third group and he stops them.	6	https://goodreads.com/topic/show/22756632-solved-adult-science-fiction-future-earth-a-man-is-bred-to-stop-an-al-page_1	2025-06-27T00:00:00Z
22768847	2024-03-16T00:00:00Z	goodreads	Adult Fantasy Thriller. Spiritual warfare, presidential election. Devout candidate's wife has cancer; guardian angels at daughter's school, demon gets her thru Twilight. Title incl year. Armageddon/ apocalypse. Black cover. Read 2011-16. [s]	I'm pretty sure I read this between 2011 and 2016. It's a very poorly written spiritual warfare thriller centered around a USA presidential election. There was a very thinly disguised Obama but no Trump, so I'm pretty sure it predates 2016 (but I'm not positive ). The title included a year. I'm pretty sure it was 2012 but might have been 2016 or 2020 (i.e. election years). There was a subscript to the title involving Armageddon or the apocalypse or the end times; something of that sort. I think the subscript involved how evil Islam is, but I might be remembering the cover copy/blurb. The copy I read was a trade paperback from the library. Probably createspace but might have been a small religious publisher. The cover was simple, mainly black. It might have a sun, or some flames, or a silhouette of a man in front of flames. It did not have a cross on it. I remember three scenes. The first is the Devout candidate debating whether to run despite his wife's illness. I don't recall if he was dropping out because his wife became ill, or if he was convinced to run despite her being ill. Second is the evil Islamic candidate discussing things with an advisor who unbeknownst to him is actually a demon or Satan or something of that sort. Third is the devout man's daughter getting out of a private Christian school. All of the students are protected from evil influences by guardian angels, but the daughter sneaks a copy of an 'unnamed' Popular Teen Vampire Romance Novel home in her bag. Not sure how she got it in the first place tho. This allows evil to get near her. I believe her thoughts on the book were 'sparkling vampires are WAY hot!' This is indicative of the writing style, btw. I did not read the whole thing, because it was not just poorly written, but also B@7$#17 ph|_|<|<1/V& insane. However, I am maddened that I can't find it. The collection of [end times] + year + politics is just too common. and it isn't on my shelves, thus making me sad.	7	https://goodreads.com/topic/show/22768847-solved-adult-fantasy-thriller-spiritual-warfare-presidential-election-page_1	2025-06-27T00:00:00Z
22775606	2024-03-25T00:00:00Z	goodreads	Adult Paranormal Romance series, reverse harem, wolf shifters, vampires & others? Girl doesn’t know about supernatural; parents are killed & while escaping she is found by wolf shifters (twin betas?) who bond with her as protectors. Spoilers. [s]	ebook, Adult, supernatural, reverse harem, contemporary times, read within the past couple of years (the book did not seem old), English. After the tragic death of her parents, a girl is thrust into a world of supernatural creatures, including wolf shifters and vampires (and others?). At the beginning of the book, she is trying to flee the ones who killed her parents She finds wolf protectors (beta twins?) who keep her safe. She eventually takes them as mates, along with others. She develops powers and is pursued. She has multiple mates and bonds with them. They teach her how to fight and defend herself. She has mate bonds with wolves and I think a leader of vampires. One of her mates (or the vampire) are wealthy and they travel to one (some?) of his houses to hide. One is hidden in the middle of a forest. They are found there and have to fight to get away. They are pursued a lot. I think her heritage is somehow tied to vampires as well as wolves (she may be a hybrid). This is set in our world in contemporary times (just with the supernatural tied in). Spoiler alert! The alpha of the pack tries to bond to her without her consent/ knowledge while she is hurt. I think he becomes an enemy. She has a vampire guy friend. I think he ends up bonding with a female wolf pack member even though this is forbidden (this is not the main plot). The female shifter started off as an enemy and became a friend. She kills the vampire leader's second in command (who is supposed to be uber-trustworthy) by cutting off his head when the second in command comes to warn the vampire leader he needs to go home. The vampire leader is horrified, but it turns out the second in command was setting him up. The girl ends up going to the trap and killing off many, many vampires.	5	https://goodreads.com/topic/show/22775606-solved-adult-paranormal-romance-series-reverse-harem-wolf-shifters-v-page_1	2025-06-27T00:00:00Z
22776769	2024-03-26T00:00:00Z	goodreads	Adult Contemporary Romance. Wife finds her husband with another woman in hotel room, runs out crying & bumps into hero, the hotel owner. Few years later, she's an architect/ ad exec?, they meet in conference room in large US city. Pub. 2000s.	The book was published in the 2000s and took place in a big city somewhere in the US. I'm sorry I don't remember the author or more details about the book. But I do remember the opening scene. Wife finds husband with another woman in a hotel room. She runs out crying and bumps into the H who happens to be the owner of the hotel. She tells him what happened/what she saw, takes a cab and leaves the H behind. The next time they meet is in a conference room as she's an architect and she's submitting a proposal to design one of their boutique hotels. That's all I can remember. Does this sound familiar to anyone? Thank you so much for all your help!	10	https://goodreads.com/topic/show/22776769-solved-adult-contemporary-romance-wife-finds-her-husband-with-another-page_1	2025-06-27T00:00:00Z
22786535	2024-04-06T00:00:00Z	goodreads	Adult Mystery/ Thriller - Woman comes home to boyfriend being murdered by her two dogs (who are normally gentle). She begins to discover her boyfriend might not be who she thought he was.	Only got about half way though and want to continue: Plot: Mystery/thriller - woman comes home to boyfriend being murdered by her two dogs (who are normally gentle). She begins to discover her boyfriend might not be who she thought he was after investigating. Book cover: white with title in black and a bit if red Author: I think the initials are A.H but not too sure	4	https://goodreads.com/topic/show/22786535-solved-adult-mystery-thriller---woman-comes-home-to-boyfriend-being-mu-page_1	2025-06-27T00:00:00Z
22788395	2024-04-08T00:00:00Z	goodreads	Adult Thriller or Mystery book with man in a leather gimp mask on cover and he tortured women. read in late 90s-early 00s	this book was read by my dad in what he believes to be the early 2000s. All he remembers is that the cover had a guy in a leather gimp mask and the guy chained up, tortured, and killed women. We don't know if it was written from the killer's perspective or if it was another character. We don't know what POV it is written in. He said it reminds him of the movie 8 Millimeter. We don't know the title at all.	6	https://goodreads.com/topic/show/22788395-solved-adult-thriller-or-mystery-book-with-man-in-a-leather-gimp-mask-o-page_1	2025-06-27T00:00:00Z
22797180	2024-04-19T00:00:00Z	goodreads	Adult Romance/ Drama. Woman falls in love with emotionally distant but genius pilot whose name starts with J. They have a situationship but he never settles with her because he doesn't want to be tied down from the skies. Read 2016 -2018.		3	https://goodreads.com/topic/show/22797180-solved-adult-romance-drama-woman-falls-in-love-with-emotionally-dista-page_1	2025-06-27T00:00:00Z
22798526	2024-04-21T00:00:00Z	goodreads	Adult Fiction/ Romance. Woman is buried under collapsed building. Can reach one man’s hand. Bond due to shared trauma is formed, continues after rescue. Woman is married and conflicted. Meets man at beach house. British? Read 20-30 yrs ago. [s]		6	https://goodreads.com/topic/show/22798526-solved-adult-fiction-romance-woman-is-buried-under-collapsed-building-page_1	2025-06-27T00:00:00Z
22799016	2024-04-22T00:00:00Z	goodreads	Adult Romance/ Suspense novel: Female author, Movie industry setting, Voodoo horror film set in New Orleans, past relationship drama, hot sex	Looking for a romance/suspense novel by a female author known for writing in genres such as romance, spicy sex, intrigue, suspense, and murder (in this specific book). The story revolves around a passionate relationship between a woman (possibly named ""M"" Madison? Dunno) and a man in the movie industry, where she is a writer and he is a producer. They break up due to a misunderstanding about a pregnancy or abortion, and he moves on to marry someone else and has a son. Several years later, ""M"" re-enters ""R's"" life as they collaborate on a horror film about voodoo. However, mysterious deaths among the cast lead them to believe the movie may be cursed. They sort of get back together. I remember the sex scenes were really good and the suspense was even better. Also I read this book more than 15 years ago so it's not recent. I'm sure she's quite a prolific writer as she did have quite a few books out so would love to read her other stuff, Any help in identifying this book would be greatly appreciated!	5	https://goodreads.com/topic/show/22799016-solved-adult-romance-suspense-novel-female-author-movie-industry-set-page_1	2025-06-27T00:00:00Z
22800924	2024-04-24T00:00:00Z	goodreads	Adult Fantasy. Mercenary who was slave who escaped. Nickname Banty or Bantam. Likely a Series. Read in mid 2000s. Spoilers. [s]	Adult Fantasy book read in early to mid 2000s. May be multiple books. Story focuses on a partially fey or fairy man who is enslaved along with his sister. Collar for slave is made of a metal which harms them. They're separated and he has a graphic encounter with the lady of the house that results in him having to run away. It also results in the death of a fellow slave who helps him escape. Once out he becomes a mercenary and ends up finding his sister eventually. She was freed, happily married and has a daughter. She is able to read auras. His is yellow and filled with joy when he sees her. At one point he pretends to be a slave again to infiltrate a household and interacts with someone who was kind to him when he was enslaved. He ends up protecting royalty at some point either later in the book or in another book by having a princess pretend to be a mercenary in his group. His nickname was Banty or Bantam because he was small and fierce.	5	https://goodreads.com/topic/show/22800924-solved-adult-fantasy-mercenary-who-was-slave-who-escaped-nickname-ban-page_1	2025-06-27T00:00:00Z
22802717	2024-04-26T00:00:00Z	goodreads	Adult Romantic Suspense. Sister of deceased brother seeks help of private investigator ex-military friend to help solve fathers murder. Brother had told him this friend would always keep her safe. [s]	Searching for a suspense/romance book I read maybe five years ago that I thought the author was Sandra Brown but cannot find it in her library. A women is trying to write research and solve her father’s accidental death which she believes was murder. He worked in the military. Her deceased veteran brother had always told her his best friend, also ex-military, would always keep her safe. The brother had warned her not to get involved with this friend though because he was a womanizer. The brother had told his friend to never hit on the sister. She believes she is now being followed and goes to the private investigator firm to find the friend. He runs it with his family members which they started after an inheritance from his father. When she shows up to ask for help, an SUV pulls up and shoots in the window of the firm. The friend vows to keep her safe because he owes her deceased brother. There may have been other books by the author about the friend’s family members in the PI firm but I am searching for this particular book. Any help would be appreciated!	6	https://goodreads.com/topic/show/22802717-solved-adult-romantic-suspense-sister-of-deceased-brother-seeks-help-o-page_1	2025-06-27T00:00:00Z
22805404	2024-04-29T00:00:00Z	goodreads	MacLaren’s Bride by Debra Dier-Adult Historical Romance where the heroine has trust issues because of her parents. The mother thinks the father cheated on her but he didn't. Read around 2009-2014. [s]	Searching for the title of a Historical Romance book where the heroine’s parents were estranged because the mother thought the father had cheated. He actually did not. The heroine has trust issues. She gets married-I think it is arranged. At one point the H is wounded and the he gets a letter from his former mistress. The heroine was with him when he received the letter and smelled the perfume it was drenched with. The heroine and Hero do fall in love. He is aware that she has trust issues. I don’t remember if her parents reconcile. However, I do remember a scene towards the end of the book. There is a party at their house and the former mistress is there. The Hero takes her to his study and they talk. He pretty much tells her that he is happy in his marriage. He may be holding the woman's hands. The heroine walks in. He introduces them and woman leaves. He is a little apprehensive about the heroine’s reaction to finding him together with his former mistress. The heroine tells him how easy it is for an innocent moment to look like something different. He is happy because he now knows that she does trust him. I vividly remember that scene in the study/library. Am pretty certain that the woman’s name was Lady Pamela. I don’t remember the heroine’s or hero’s names. I hope that someone knows the title of this book. Would love to find it for a re-read. Read this about 10-15 years ago.	7	https://goodreads.com/topic/show/22805404-solved-maclaren-s-bride-by-debra-dier-adult-historical-romance-where-th-page_1	2025-06-27T00:00:00Z
22806675	2024-04-30T00:00:00Z	goodreads	Adult fiction written in the style of blog post by a gay guy relating his hookups. Read around 2017.	I read that book around 2017, it had around 200 pages or so... I think the cover had a shirtless guy with a pale blue background. The style of writing is similar to logs on a blog, craigslists ads or chat rooms...I think it's set it the early/mid 2000's. At one point in the story I think the character changes his name/identity and some parts of the plot are creepy.	9	https://goodreads.com/topic/show/22806675-solved-adult-fiction-written-in-the-style-of-blog-post-by-a-gay-guy-rel-page_1	2025-06-27T00:00:00Z
22807007	2024-05-01T00:00:00Z	goodreads	Adult MC Romance series. They are former military. The old ladies of the club open a bar named Tarzan and Janes. Read on Kindle unlimited between 2022 and 2023. The MC is all former military.	It was a great series and would love to read it again. I remember that the MC needs more members so they go get a former platoon friend out of a mental hospital. When they get there to get him, they hear him and look to see him running naked and I think singing away from the hospital staff. All of the old ladies of the MC love the guy. He builds a treehouse in the back that he only lets them into. He sometime protrols it naked with a gun. He also helps the old ladies open a bar called Tarzan and Janes, that he and the old ladies take pictures for. I think the first one in the series, the guy is called Viper or Reaper. Not 100% on that. Also I think that the guy who suggests the one from the hospital is called Blade or Blaze. Also the guy from the hospital cooks for the club and is very particular about his kitchen and pantry. He has a prank war with the woman who comes and cleans the clubhouse. She messes with his pantry and he decorates her van with dildos. Please help me find this series again.	9	https://goodreads.com/topic/show/22807007-solved-adult-mc-romance-series-they-are-former-military-the-old-ladie-page_1	2025-06-27T00:00:00Z
22807715	2024-05-01T00:00:00Z	goodreads	Adult Science Fiction about a life form from Mars that infects computer systems on earth by transmitting its code via a lander. Read around 2004. [s]	I read this book about 20 years ago. I believe the life form featured originated on mars, after an earth lander comes close it encodes itself into a data stream to earth, in a manner similar to a computer virus. The Earth side of the story is heavily set in London, and features a hi tech computer/cybernetics company, with a female CEO.	6	https://goodreads.com/topic/show/22807715-solved-adult-science-fiction-about-a-life-form-from-mars-that-infects-c-page_1	2025-06-27T00:00:00Z
22808525	2024-05-02T00:00:00Z	goodreads	Adult Romance/ Sci-fi. Sisters find frozen warriors from outer space.	Can you find this book with the following plot? During a hike in Russia, two sisters get lost. As they search for civilization, they find a cave with frozen warriors. These warriors come from other planets to fight a contest of life and death. The planet the winning fighter belongs to wins the right to rule over Earth. When the warriors are thawed, a battle ensues and when one of the sisters accidentally kills a warrior, she is automatically entered into the competition. One of the warriors rescues her and teaches her to fight. Eventually they fall in love with each other. This book was a new release on Storytel Sweden in Dec 23 or Jan 24. The girls lived in the same foster home and are not blood related Sisters. They live in USA.	4	https://goodreads.com/topic/show/22808525-solved-adult-romance-sci-fi-sisters-find-frozen-warriors-from-outer-s-page_1	2025-06-27T00:00:00Z
22810747	2024-05-05T00:00:00Z	goodreads	Adult Sports Romance. Female physical therapist and a famous football player. He had asked her to high school prom, she became pregnant and ran away, leaving him waiting on prom day. Secret daughter. Read around 2016-2017. Spoilers. [s]	Hi, so i remember details from this book but i cant remember the nane or the author. I believe i first read it around 2016-2017. From what i remember, both the main female character (Physical Therapist) and main male character (Football Player) lived in the same town when they wrre teenagers and went to the same high school. The football player asked the PT to prom, she said yes. A little bit later she finds out shes pregnant with his child, so she runs away, leaving him waiting for her on prom day. Fast forward years later, their older, she becomes a PT and he becomes a fanous football player. He needs physical therapy, he's sent to her without knowing its her (because of course they never had contact over the years) and they recognize each other immediately. He wants to start being with her again, shes hesitant because she doesnt want him to know shes had his child. She starts dating him anyways but she keeps her daughter a secret from him. Towards the end of the book he of course finds out her daughter is his daughter, he also funds out that their daughter have a health issue that is hereditary from him. He (i think? This part is a bit fuzzy in my memory) is able to find a surgery for her where she gets cured. They all live happily ever after together as a family. Further details i remember are below *This is a ""spicy"" romance--yes there are sexual scenes. *I remember the main female character (Physical Therapist) has a best friend who is a gay man. He often watches her daughter when she needs a baby sitter. *i remember a scene where the PT and her best friend are coming to her house (cant remember if the daughter is with them or at school) and when she opens the door, they see her house is filled with flowers from the main male character. He leaves her a note. *i also remember that when they were ternagers, she was his tutor (i think) and thats how they began talking and eventually started becoming intimate with each other. *i believe the main female character had dark curly/wavy hair (im not too confident about my memory of that description though)	6	https://goodreads.com/topic/show/22810747-solved-adult-sports-romance-female-physical-therapist-and-a-famous-foo-page_1	2025-06-27T00:00:00Z
22810839	2024-05-05T00:00:00Z	goodreads	Adult Fantasy audiobook. Time or life as currency. Young woman gets fired from job, which she needs. Elderly father, younger sibling who doesn't have a timer yet. Mandatory time donation to the government. Spoiler? [s]	Need help finding a book I started earlier this year, 2024. It disappeared from my App Library. Included a list of books I already checked at the bottom. The book starts with a young woman. She gets fired from her job, which she needs, because time is evidently also currency. She goes home to tell her father and sibling. Her father is elderly and her younger sibling does not have a timer yet. Her mother is passed. Later in the story she goes into the city square and sees a male friend she is evidently crushing on. But there is some sort of forbidden friendship there. There is some sort of mandatory time donation to the government. People die during these donations. She goes to a gate and donates almost all her time. It’s described as kind of excruciating and she can feel like leaving her. Later on a tall dark city guard finds her and gives her some of his time. He tells her to lay low and not mention it to anyone. She is perplexed why he’d do such a thing. And she gathers he is probably in charge of other guards. The story suggests these two will be entangled somehow. This is where I left off. I started it as an audiobook and it was narrated by a female. Please help! It is *not* any of the following: In Time, Alexandra Bracken Everless The Time Keeper The Warehouse The Electric Kingdom The Sandcastle Empire Time Bomb	6	https://goodreads.com/topic/show/22810839-solved-adult-fantasy-audiobook-time-or-life-as-currency-young-woman-page_1	2025-06-27T00:00:00Z
22812040	2024-05-06T00:00:00Z	goodreads	Adult Crossworld Fantasy. Adult female protagonist and her mother travel from California to a magical realm in which her father is missing. Read around 2009-2014. Spoiler. [s]	This book MAY be part of a series but I honestly don't remember either way. I thought the author might be Sherwood Smith, as there are some similar elements to her Dobrenica series, but that is not the one I'm looking for. I went through all Sherwood's other book descriptions and none of those seem to match. Checking other authors, it isn't Shanna Swendson, it isn't Holly Lisle, it isn't Breeana Puttroff, and it isn't Jeffrey Poole. Nor is it on the cross world fantasy list I found here at Goodreads, or any other such lists I looked at. I read the book(s) I'm looking for some time ago, not recently, but probably no more than about 15 years ago at the very most, and it was likely an ebook, perhaps from the library, as I don't have anything in my physical book collection that could be it. (And I don't get rid of physical books unless I am absolutely sure I'll never want to reread them.) What I think I remember (but might have some details wrong): Adult woman is going about her business (perhaps in the general area of southern California) when something happens (perhaps strangers asking questions she doesn't know the answers to). She and her mother flee to the magical realm, and I think the protagonist had no memory of that place. At some point we learn that her father (who is from that realm and MIGHT be the rightful prince or king or some such) is long since missing and feared dead, and his disappearance might be the reason she and her mother (who was from our world) left the magical realm to live in our world. Protagonist finds some allies in the other world and together they embark on a quest journey but I can't remember what their journey goal is. (Could be to find out what happened to her father, but I couldn't swear to that.) * * * SPOILER: * * * Protagonist eventually finds her missing father who had been taken captive and put into a years-long sleep or something like that. Whether this happens at the end of a single book or in a later book in a series I can't remember.	8	https://goodreads.com/topic/show/22812040-solved-adult-crossworld-fantasy-adult-female-protagonist-and-her-mothe-page_1	2025-06-27T00:00:00Z
22812452	2024-05-07T00:00:00Z	goodreads	Adult Lesbian Romantic book. A lesbian assistant to a businesswoman who is divorced with a young daughter. They go to a birthday party in a club where they dance and kiss. assistant buys a tshirt to her boss for the party in a club. [s]	Hi! Does anyone know the book title or the author, please, of a lesbian assistant to a businesswoman who is divorced with a young daughter. They go to a birthday party in a gay club where they pretend they are a couple cause assistants friends wants to set her up with some pierced girl. So the boss and the assistant dance and kiss. Assistant buys a tshirt to her boss so she can fit in the club. It turns out the boss had a past beeing with women. They go to a bosses daughters school play as well where bosses husband comes and takes assistant seat. Assistant parents are not talking with their daughter cause shes gay. she visits them with her boss and bosses daughter and assistants father gives a dog to bosses young daughter	6	https://goodreads.com/topic/show/22812452-solved-adult-lesbian-romantic-book-a-lesbian-assistant-to-a-businesswo-page_1	2025-06-27T00:00:00Z
22812745	2024-05-07T00:00:00Z	goodreads	Adult Romance, 1990s. Nurse met a soldier (Mac) and followed him through Vietnam, she befriended a Vietnamese nurse. Spoilers.	This romance novel was about a specific nurse that met a soldier and followed him through Vietnam, but not at the same base. She had a friend that was Vietnamese that was also a nurse. I remember a specific scene where she received a box from someone that had talc in it. When she is almost done in the war she’s in some sort of accident (helicopter I believe) with her nurse friend and burned so badly they mistook her for her friend (I think her name was Lily, but can’t remember main character. Her love interest was named Max I believe. She is eventually discovered to be who she is.	11	https://goodreads.com/topic/show/22812745-solved-adult-romance-1990s-nurse-met-a-soldier-mac-and-followed-him-page_1	2025-06-27T00:00:00Z
22813190	2024-05-08T00:00:00Z	goodreads	Adult Cozy Mystery series. Woman owns gift shop (in Maine?), she helps with all the small town activities. [s]	Cozy mystery with woman owning a gift/book shop in a small town--I'm thinking Maine, maybe. She helps with all the small town activities. It reminds me of the Meg Langslow mystery series by Donna Andrews but not the same.	7	https://goodreads.com/topic/show/22813190-solved-adult-cozy-mystery-series-woman-owns-gift-shop-in-maine-she-page_1	2025-06-27T00:00:00Z
22813459	2024-05-08T00:00:00Z	goodreads	New Adult Romance. Art Thief meets author, mistaken identity? Between 2020-2023. [s]	I read this book somewhere between 2020-2023, I'm going to say probably 2021-2022. In this book, the female main character is an author at an author retreat/new publication conference type event? And they see the male main character steal something- I believe it was a painting! If I remember correctly they end up having to work together. It had a happily ever after and was a one-off book for the characters; it may have been part of a series with other characters though.	5	https://goodreads.com/topic/show/22813459-solved-new-adult-romance-art-thief-meets-author-mistaken-identity-be-page_1	2025-06-27T00:00:00Z
22813598	2024-05-08T00:00:00Z	goodreads	Adult Military Romantic Suspense. Female doctor is sent by helicopter into a refugee camp with army commando for protection. Possibly set in jungle with treehouse and elephants. Read 2019-2024. [s]	Looking for a book I read in the last five years. It was a romantic suspense where a female doctor was helicopter flown into a refugee camp with an army commando for protection. She gets targeted, I want to say by a helicopter missile but I'm not sure if I'm mixing stories. The military guy and the doctor travel through the jungle, they stay in a treehouse where elephants pass below. I think they cross a rope bridge and then monks helps to conceal them before they make their getaway in a boat on a river at nighttime. I have searched my digital library and cannot find it. I do not even know the author. Any help is much appreciated!!	7	https://goodreads.com/topic/show/22813598-solved-adult-military-romantic-suspense-female-doctor-is-sent-by-helic-page_1	2025-06-27T00:00:00Z
22814112	2024-05-09T00:00:00Z	goodreads	Adult Thriller/ Mystery. Woman and her husband. searching for the truth about mother, father and brother who mysteriously disappeared 20 years ago.	In this book we follow one girl who's mother, father and brother mysteriously disappeared It all started when come back after date and she notice that all off them are disappeared.20 years later that same girl and her husband let television to make a documentary and they are hoping to somebody call them after that documentary is out. Her husband is more leading character , he is high school teacher and this book from late 2000s set in USA. At the end it turns out that her 's father first wife together with there son killed girl mother and brother .Her father was still alive and he was married to two women at same time.	3	https://goodreads.com/topic/show/22814112-adult-thriller-mystery-woman-and-her-husband-searching-for-the-truth-page_1	2025-06-27T00:00:00Z
22814961	2024-05-10T00:00:00Z	goodreads	Adult Alien Romance. Survivalist woman is leading a tour group on her mountain, they're kidnapped by aliens and saved by other aliens. [s]	A survivalist woman takes a group on a tour on her mountain. They are kidnapped by aliens and forced to work in a mine. The group helps to disguse her and another woman as men and takes their shift in the mines when they are to sick or exhausted. Another species rescue them and the other slaves. The commander and female main character are matched (can't remember if they are fated mates). The commander takes her away from the group. She finds out another species are being helped before the humans and she takes it up with the comander. The commander explains that the other speices have ben held captive longer and therefor is in more need of help now. One of the group is a hairdresser and uses the lenght their hair have grown to find out how long they have ben held and the humans have ben held as slaves the longest. Hope someone can help me find this book :)	4	https://goodreads.com/topic/show/22814961-solved-adult-alien-romance-survivalist-woman-is-leading-a-tour-group-o-page_1	2025-06-27T00:00:00Z
22815028	2024-05-10T00:00:00Z	goodreads	Adult Sci fi Romance. Female lead with some kind of power relevant to the spaceship which she hides when she stows away on the male lead's spaceship after escaping captivity. Read before 2020? Spoiler. [s]	That’s about all I can remember: 🤷🏽‍♀️ Sci fi romance about a FMC with some kind of power relevant to spaceships which she hides when she stows away on the MMC spaceship after escaping captivity on another spaceship - except I think she was small in stature and actually hid in a floor or compartment for awhile. The MMC was larger compared to her and when he found out about her power he was actually insistent at first that she not use it. That and it was adult romance not YA.I think	8	https://goodreads.com/topic/show/22815028-solved-adult-sci-fi-romance-female-lead-with-some-kind-of-power-releva-page_1	2025-06-27T00:00:00Z
22815125	2024-05-10T00:00:00Z	goodreads	Professor-student Romance. ""It's too bad when a man's hit with a paternity suit on his wedding day."" Read 2000-2013. Spoilers.	Spoilers. The literature professor and student (Whitney?) were relatively close in age, like ten years apart or so iirc. Another student had a blatantly obvious crush on the professor. I think her name was Prudence? She was supposed to be annoying and obnoxiously forward, but all I could think while reading it was, ""The author wrote her this way because MC got to the professor romantically first."" The author was trying to set up a rivalry between the two women for the professor's affections, and I remember disliking it. The professor, who was tall and possibly with first initial H, let his student girlfriend help grade papers as their relationship progressed. She dropped a paper in shock when she saw it: ""(Prudence) had drawn hearts around her name in the upper right corner of the paper, signed as 'Pru.'"" Professor looks over at girlfriend and she somewhat flatly describes it. She was shocked that Prudence was still trying for the professor's affection and being so obnoxious. Student and professor get married at a courthouse around the midway of the novel. A court messenger delivers an order for a paternity suit to the professor. ""It's too bad when a man's hit with a paternity suit on his wedding day,"" he says sympathetically. Student is utterly shocked. It turns out the suit was brought by Prudence. Student storms out. She's understandably convinced her professor cheated on her with Prudence. A chapter later, both the professor and student confront Prudence. ""I'm so sorry,"" she whispered. ""I didn't know what to do. My boyfriend left me,"" she says, crying. Professor and student essentially just grumble at this, then go ahead and get married. I think the book ended on a HEA, with the professor retiring after his girlfriend got pregnant. I think this took place in the East Coast of the USA in the 1990s. I think it was a private university.	10	https://goodreads.com/topic/show/22815125-solved-professor-student-romance-it-s-too-bad-when-a-man-s-hit-with-a-page_1	2025-06-27T00:00:00Z
22815621	2024-05-11T00:00:00Z	goodreads	Adult Romance between an European (Sweden/ Norway) exchange student with the host mum while living in her family house. [s]	The book was possibly published in early 200s. The book has light color cover. I didnt remember the book. The book was written in two parts. The below was a vivid memory recollection: The first part was started with a family, mum, dad and 2/3 teenagers children welcoming an exchange student in their home. They became best friends with their children. The mum was unhappy in the marriage. When the exchange student broke up, the mum cheered him and they started to have deep conversation. Then there was a tripto a holiday house, where they started to have a romantic relationship. There was a scene in outdoor shower where they were almost get caught by the dad. The student was lifting her up from the shower so the dad couldnt see her feet….. The second part of the story was when he returned back to his country and i had not finished the book. Could anyone please help me identify the book? Thanks	4	https://goodreads.com/topic/show/22815621-solved-adult-romance-between-an-european-sweden-norway-exchange-stud-page_1	2025-06-27T00:00:00Z
22816081	2024-05-12T00:00:00Z	goodreads	Adult Sports Romance. Ice hockey player dates a single mother who has a daughter. Spoilers ahead. [s]	Male lead dates and marries the female lead who is a single mother. Her ex turned out to be married, though she was unaware of his true marital status, so she raises her daughter; aged 5-10; alone. She might have owned a shop of knick-knacks. Male lead marries her, but later slowly goes blind. He quits his team and comes to term with his blindness. I don't remember much about the cover and I read this a decade ago. Book could have been initially published anywhere between 1980- 2010. Book might have been set partially set in Canada.	5	https://goodreads.com/topic/show/22816081-solved-adult-sports-romance-ice-hockey-player-dates-a-single-mother-wh-page_1	2025-06-27T00:00:00Z
22816651	2024-05-13T00:00:00Z	goodreads	Adult Western? Romance. Revenge. Hero returns years later to take back his family's huge property from the villain (who is old), and falls is love with the villain's young virgin bride. [s]	Its a revenge plot, where the H returns years later to take back the property that should have been his, but the villain somehow got it. (I don't remember how the villain came in possession of the ranch). Its a huge spread and has lot of guards. The H starts by getting hired a guard and there he meets the h. She is a very young and a virgin because her husband (the villain) is old and is not able to perform in the bedroom. Nobody knows this except the husband and wife. The h is attracted to the H and vice versa. Also, there is another lady who is a sister/companion (I am not sure which). There's also another hired hand who is cruel, I think. The H has a clear plan to exact his revenge and brings his friends/followers and there is a fight in which the villain dies and the H gets back his property. The H and h start to live together as husband and wife. H has a real hang-up about how the h has lain with villain and even when the h explains that her former husband was not able to perform, the H doesn't believe her. Then she gets pregnant and the H thinks its the former husband's baby and he slaps her. The h challenges the H that he will have to eat his words when he sees the baby. They fight and disagree on it. I don't remember what happens afterwards. If anyone knows about this book, please help me find it.	6	https://goodreads.com/topic/show/22816651-solved-adult-western-romance-revenge-hero-returns-years-later-to-tak-page_1	2025-06-27T00:00:00Z
22816882	2024-05-13T00:00:00Z	goodreads	Fantasy, Alternative History, Mediterranean. Meteor hits cruise ship and older gentleman wakes up in new world in a younger body. Tiger like creature. Telepathy. Read late 1980s/early 1990s. [s]	I read this late 80s-early 90s. It starts with an older gentleman and younger woman on a cruise. A meteor hits the ship and the older guy wakes up in a new world in a younger body(the host had died). He has a bond with a tiger like creature. The council of the city uses a gem to enchance telepathic abilities to control local animals to do jobs in the city. He finds the women but her host didn't die so shes in control. the book starts off with him visiting a recorder which stores all the memories of everyone who visits into a communal knowledge.	6	https://goodreads.com/topic/show/22816882-solved-fantasy-alternative-history-mediterranean-meteor-hits-cruise-page_1	2025-06-27T00:00:00Z
22817910	2024-05-14T00:00:00Z	goodreads	Adult Science Fiction. Time machine and self driving cars. American male scientist (physicist?) trying to build a time machine using quantum mechanics in research lab. Read around 2018-2019. Spoiler. [s]	I read this science fiction novel about 5 years ago (maybe 2018-2019). The protagonist is a scientist (maybe physicist) who works at a research lab where they are trying to build a time machine using quantum mechanics. The machine doesn't work for most of the book, but then you find out at the end that it was actually working the whole time. Also the protagonist has a wife and child and I think one of them dies in a car accident in a self driving car.	6	https://goodreads.com/topic/show/22817910-solved-adult-science-fiction-time-machine-and-self-driving-cars-ameri-page_1	2025-06-27T00:00:00Z
22819218	2024-05-16T00:00:00Z	goodreads	Adult Paranormal Romance, Reverse Harem. The main character goes to a night club to look for the owner to ask for sanctuary, they end up helping her.	When the fl first goes to the club she pretends to be looking for a job so she ends up working at the night club . She also bring a letter from the fae queen calling in her favor from the fae ml there is also a vampire ml and I can’t remember the others or what the female lead is	2	https://goodreads.com/topic/show/22819218-solved-adult-paranormal-romance-reverse-harem-the-main-character-goes-page_1	2025-06-27T00:00:00Z
22819385	2024-05-16T00:00:00Z	goodreads	Adult Fantasy trilogy, read late 90's, about a metalworker that is a god. [s]	The plot details are very hazy, unfortunately. I remember early in the series, the protagonist becomes an apprentice to an ironsmith / metalworker. His skills progress through the series and in the 3rd book, he makes wings that allow him to fly. I also remember him transforming into a porpoise or dolphin while in pursuit of another character. In the end, he realizes that he is a god that reincarnated himself as a human, for what purpose I can't remember. Not a lot to work with, but I appreciate any help remembering. :-)	3	https://goodreads.com/topic/show/22819385-solved-adult-fantasy-trilogy-read-late-90-s-about-a-metalworker-that-page_1	2025-06-27T00:00:00Z
22820284	2024-05-18T00:00:00Z	goodreads	Romance . What if she stayed or left	It is mandatory to include genre and plot details in your topic header , as per the Group Rules . Because this group is so huge, we will close threads that don't adhere to this requirement. Please add more plot details to your topic header from what you've already written.	1	https://goodreads.com/topic/show/22820284-romance-what-if-she-stayed-or-left-page_1	2025-06-27T00:00:00Z
22820575	2024-05-18T00:00:00Z	goodreads	Adult Thriller. Starts with Jake and Ben as adults in UK. Jake used to like this girl in primary school, he was bullied. [s]		4	https://goodreads.com/topic/show/22820575-solved-adult-thriller-starts-with-jake-and-ben-as-adults-in-uk-jake-u-page_1	2025-06-27T00:00:00Z
22820623	2024-05-18T00:00:00Z	goodreads	Adult Romance about a land developer and the Mayor's son. [s]	Finding Forgiveness by Sloane Kennedy ? Amazon's preview: https://www.amazon.com/Finding-Forgiv... Comments by Amazon reviewers: - ""I love how the animals get blended into the storyline, especially Lucy, the skunk.""- ""Well Lucy is anyway. Who doesn’t have a skunk as a friend, right?!"" Google search of Goodreads: site:goodreads.com ""mm romance"" ""land developer"" ""abusive dad""	6	https://goodreads.com/topic/show/22820623-solved-adult-romance-about-a-land-developer-and-the-mayor-s-son-s-page_1	2025-06-27T00:00:00Z
22820863	2024-05-19T00:00:00Z	goodreads	Adult Contemporary Romance. Drunk marriage. Work romance. [s]	Hi, I'm looking for a book I read a few years ago. It's about a couple who gets married while drunk. I think she's celebrating a new job. Like in most romance books go with this trope- she want's an anulment. Then she finds out that the H is her boss. I remember that they were gathered in a room and he went on stage to introduce himself- maybe he just bought the firm or something. I remember that his ring (that the h bought for him) is so cheap that colors his finger green. And it's something she noticed and was emberessed when she saw him for the first time after their night together. I don't remember exactly where they worked but I remember that she was painting some stage decorations. Someone wanted to hurt her and I also remember that some line was cut and something almost fell on her while she was on the stage painting. I also remember that she was pregnant- but I don't know if it was a result of that first night or if that happend after they started a relationship.	5	https://goodreads.com/topic/show/22820863-solved-adult-contemporary-romance-drunk-marriage-work-romance-s-page_1	2025-06-27T00:00:00Z
22820943	2024-05-19T00:00:00Z	goodreads	Adult fiction. Slavery, about a free Black man who's captured. Current African American male writer's first novel. Title includes World. Spoiler. [s]	Bookclub read about slavery from a recent African American writer. I believe it had the word World in the title. Characters include a believed crazy Black woman who escapes north by end of book , a free Black man captured and sold and murdered, the Black wife who gets murdered by whites who want her home. We read it about 3/4 years ago. I believe it’s authors first novel.	5	https://goodreads.com/topic/show/22820943-solved-adult-fiction-slavery-about-a-free-black-man-who-s-captured-c-page_1	2025-06-27T00:00:00Z
22821475	2024-05-19T00:00:00Z	goodreads	Adult Thriller about the disappearance of a young girl during a family vacation. Years later the dad dies and the older half sister and now teenage twin of the vanished girl are going to his funeral. Spoiler. [s]	I remember quite alot about the plot, but nothing else. A teenage girl has a bad relationship with her rich fatherand is forced to go on a vacation with him, his friends and his new younger wife and their twin daughters. During that vacation, one of the young twin girls dissapears. Years later, the dad has died and now the older daughter takes her estranged remaining half sister to the funeral. The thriller is set both in the past and present. SPOILER ahead: you find out pretty soon the girl actually died of an overdose because the adults drugged all the kids so they could go out and party. They cover it up and get away with it. There is a plot twist in the last pages where you find out the overdose wasn't an accident.	4	https://goodreads.com/topic/show/22821475-solved-adult-thriller-about-the-disappearance-of-a-young-girl-during-a-page_1	2025-06-27T00:00:00Z
22822135	2024-05-20T00:00:00Z	goodreads	Adult Sci-Fi. Young woman raised in a remote tribe, returns to America after her missionary parents pass away, to discover the world has become technology depend to the point of replacing cellphones with chips in there brains. Spoilers.	A young woman who was raised in a remote tribe, by her missionary parents, returns to the US after her parents die in an outbreak that kills the whole village. The books opens with her struggles as she navigates a boat downstream to try and find help. She is disoriented and very ill and ends up in an, I believe Brazilian, Hospital. By the time she can communicate the need to help the village, and a medical team is dispatched the whole village is dead and the medical team must wear hazmat suits just to investigate. She goes to the US, because her last remaining family is there. In the US she stays with her cousin. She learns the world has become completely technology dependent to the point smart phones have been replaced by chips in the brain. Due to this instant access in the brain to the internet, GPS, phone calls, etc. School has quit teaching facts and now teaches research and logic skills to help everyone navigate the instant access to all human knowledge. She is offered a brain chip but declines as she believes it is against Gods plan to mess with the human brain like that. Because she declines the brain chip, she is isolated and unable to really navigate the modern world. Her cousin is unsympathetic to her choice. However, the cousin’s husband is more understanding and helpful to the main character and helps her when he can. The main story is the main character vs a large corporation that is trying to perfect the ability to transfer human consciousness into androids creating eternal life. It turns out the main character’s grandfather helped start the company with a business partner. Now that the girl is back in the US, the corporation believes she has her grandfather’s knowledge or notebook or something and are trying to get her. She believes her grandfather has dementia and is in a care home, but it turns out the corporation has brain micro-bots that can eat and affect the brain. Her grandfather doesn't really have dementia, his old business partner is keeping him ill, because the grandfather disagreed with the direction of the company. And the micro-bots cause the decease that killed the girl’s village by eating their brains. The reason the grandfather didn't agree with the direction of the company is in early testing of transferring human consciousness into androids they discovered this disconnects humans from their souls diving them insane. As one of the last remaining in the US who believe in God he feels it is wrong to disconnect humans from their souls.	3	https://goodreads.com/topic/show/22822135-solved-adult-sci-fi-young-woman-raised-in-a-remote-tribe-returns-to-a-page_1	2025-06-27T00:00:00Z
22822169	2024-05-20T00:00:00Z	goodreads	Adult Fantasy, read 1984-1985. Priestess or female druid traveled around Britain fighting some evil entity. Cover was dark in color with a lady in white (i think) beside or seated on a white horse with a sword raised. [s]	book started with a captured male druid or pict being sacrificed in a river off of a boat i think. main character would gain strength by praying or communicating with whatever god she worshipped. could be a cheesy 1980s style writing. bought it on a military base book store in germany in 1984 or 1985, book is in english. have searched thru major author bibliographies and major artists bibliographies for the cover art but have not found anything yet. style was more whelan or rowena than vallejo, not really brothers hildebrandt style.	7	https://goodreads.com/topic/show/22822169-solved-adult-fantasy-read-1984-1985-priestess-or-female-druid-travele-page_1	2025-06-27T00:00:00Z
22822451	2024-05-21T00:00:00Z	goodreads	Fantasy novel about a vampire chained alone in large room and found by young woman who is hiding. [s]	I read this Fantasy novel 5-8 years ago. It's about a good, meaning moral and trustworthy, vampire chained alone in a large room by his enemies, who are also vampires. A young woman, I seem to recall that she's in hiding, enters the room. Trust is eventually established. There's a problem with sun coming in through the windows. She helps him. I don't remember much more than that, but it was an enjoyable, well-written book. SOLVED : The correct title is 'Sunshine' by Robin McKinley. A big thank you to Jade for helping me out!	4	https://goodreads.com/topic/show/22822451-solved-fantasy-novel-about-a-vampire-chained-alone-in-large-room-and-fo-page_1	2025-06-27T00:00:00Z
22822472	2024-05-21T00:00:00Z	goodreads	Adult Sci-fi with hero with leash. Title similar to Resurgence. [s]	Hi all, I am trying to recollect a book (most likely a series). Hope someone can help me with the title. Following are the things I can remember, I read audiobooks: - Book is psuedo sci-fi. - It has a main character - who can bond himself with a leash. - It has a lot of royal houses that compete with each other for superpower beings - These superpowers are contained in an orb/box - It has a 'Great mother' character who has the power of telekinetics and possibly has a clone - Hero goes to multiple universes to reach a level where he can match the power of 'Great Mother' - The main hero acquires a dog and their bonding is superb - In the climax of the book/series - the hero gets the power and he and his team break into one of the rival royal house's castle. This is all I can remember, please excuse my English - as it is not my first language. Let me know if you can help me, finding the correct book/series Thank you in advance.	5	https://goodreads.com/topic/show/22822472-solved-adult-sci-fi-with-hero-with-leash-title-similar-to-resurgence-page_1	2025-06-27T00:00:00Z
22822600	2024-05-21T00:00:00Z	goodreads	Adult Short Story. Immortal soldier tells his life story having been saved in the Civil War with a concoction poured into a head wound. Two men have meet on troop ship at end of WW2.	I can remember reading a short story about two men meeting on a troop ship at the end of WW2. During discussions, one admitted that he was now immortal, having been injured during the American Civil War, but a doctor poured a mixture into a hole in his skull, which rendered him immortal. He’d survived many wars since, and had a line of machine gun bullet marks in his body from WW2 to prove it. They got separated when the ship docked,. If anyone can help with the title, as I would love to read it again !!	11	https://goodreads.com/topic/show/22822600-solved-adult-short-story-immortal-soldier-tells-his-life-story-having-page_1	2025-06-27T00:00:00Z
22822752	2024-05-21T00:00:00Z	goodreads	Adult Biker Romance. Male lead is a single dad, widower who almost lost his child in car accident. Female lead is someone's daughter from another club and becomes child's nanny. Spoilers.	MC is a Single Dad who lost his old lady and almost lost child in car accident -Someone's daughter from another club plays the heroine and ends up being his nanny and she loves that little girl (there's a slight chance it may be a boy) - The nanny and kid go into town one day and are hit by another vehicle and she saves the little girls life but is severely injured in the process -The MC dad comes raging into the hospital and is so vicious to her. The entire MC hears him yelling at her that it's her fault and he never wants to speak to her again. One of his brothers ends up dragging him out of the room. -The girl heads home to her own MC and he doesn't even let her say goodbye to the little girl - months later he figures out he was an ass and goes to get her	6	https://goodreads.com/topic/show/22822752-solved-adult-biker-romance-male-lead-is-a-single-dad-widower-who-almo-page_1	2025-06-27T00:00:00Z
22822783	2024-05-21T00:00:00Z	goodreads	Adult Contemporary Romance, Silhouette/ Harlequin/ Mills & Boon. Couple are best friends that have an one night stand, but hero travels a lot and is a bit of a commitophobic. Originally published between late 90s/early 2000s. Spoilers ahead.	Hi, everyone. I'm looking for a book I can't remember the title nor the author. The plot revolves around best friends that, after sharing a few drinks, have a one night stand, and the heroine ends up pregnant. I'm not sure, but I think the Hero is a nature/ wildlife photographer or a travel guide's writer. He travels the world a lot and has no desire to settle down. However, all that might change when he returns from an overseas trip and finds out his friend is pregnant. He is in shock when he finds out its his, and yet proposes for the baby's sake. I'm quite sure they have a daughter by the final chapters of the book, but I'm inclined to believe they're twin girls. Not sure about this detail. It's none of the books below: - Baby: MacAllister-Made by Joan Elliott Pickart - The Last Marchetti Bachelor by Teresa Southwick - Ready Set ... Baby by Christie Ridgway Unfortunately that’s all I could remember. Thanks in advance for any help you guys can provide.	2	https://goodreads.com/topic/show/22822783-solved-adult-contemporary-romance-silhouette-harlequin-mills-boon-page_1	2025-06-27T00:00:00Z
22822834	2024-05-21T00:00:00Z	goodreads	Adult Horror? Guy lives in noble family except he's the only one of his family left. Finds out this guy has been killing the family off and has been secretly living in the house the whole time. Read around 2022. [s]	mc lives in a big mansion but hes pretty lonely because he has like no family left and none of his family members managed to live past 25 i think and he finds out that this guy has been living in his house the whole time secretly killing off the family as revenge for his dad who was murdered by someone in the mc’s family. also im pretty sure that guy had been living off of some sort of elixir of life. i think the mc and the vengeful guy started fighting and the mc died	2	https://goodreads.com/topic/show/22822834-solved-adult-horror-guy-lives-in-noble-family-except-he-s-the-only-one-page_1	2025-06-27T00:00:00Z
22822996	2024-05-21T00:00:00Z	goodreads	Fiction about bond between foster siblings. Spoilers.	This is a fiction published I would say in the last 10 years. It's about a brother and sister who were taken in by the foster system and separated when they were in grade school. The sister gets placed in a home of a very wealthy family, but her parents are very strict and it's a very different lifestyle than what she was used to. She gets pregnant trying to prove she is straight but is secretly in love with a girl and she gets sent away to live with nuns and have an abortion. The boy gets arrested as a teen for trying to rescue the girl from a previous foster home. He spends several years in prison and is forced to join an extremist group to stay alive. Once he is released he fears the other prison members will come after him. The girl is in college during this story and falls in love with her social worker. She gets a message that her brother is in the hospital after she thought he died a long time ago. They go on a journey to visit the brother and he survives.	2	https://goodreads.com/topic/show/22822996-solved-fiction-about-bond-between-foster-siblings-spoilers-page_1	2025-06-27T00:00:00Z
22822999	2024-05-21T00:00:00Z	goodreads	Adult Contemporary Romance. Widow has a one night stand that results in a son. The son has a unique birthmark the same as his father. Read around 2016. Spoiler. [s]	Hello, I’m looking for a paperback book I read around 2016 but it was probably published before then. It’s a romance book that involves a secret child. It might possibly be from Harlequin/Silhouette, etc. It’s about a woman who has a one night stand the night of her husband’s funeral. She later has a son from that one night stand but she pretends it’s her late husband’s child. Fast forward a few years and the woman meets the man from the one night stand again. The child has to go to the hospital and the man discovers the child is his because of a family birthmark the child inherits from him.	14	https://goodreads.com/topic/show/22822999-solved-adult-contemporary-romance-widow-has-a-one-night-stand-that-res-page_1	2025-06-27T00:00:00Z
22823538	2024-05-22T00:00:00Z	goodreads	Adult Romance. Beauty and the Beast Retelling. Illiterate Belle. Has to fight a giant worm. [s]	I cannot remember when this book was published unfortunately	7	https://goodreads.com/topic/show/22823538-solved-adult-romance-beauty-and-the-beast-retelling-illiterate-belle-page_1	2025-06-27T00:00:00Z
22823646	2024-05-22T00:00:00Z	goodreads	Adult Mystery. Chicago building bombed by terrorist. [s]	… woman is photographed at moment of explosion. I think she is the bomber. Definitely published after 911. …she’s looking at building instead of running away.	7	https://goodreads.com/topic/show/22823646-solved-adult-mystery-chicago-building-bombed-by-terrorist-s-page_1	2025-06-27T00:00:00Z
22824944	2024-05-24T00:00:00Z	goodreads	Adult SciFi, read early 90s. Three plots: Asian Woman Police Detective, a psychologist who goes into the dream state of a mass murderer (in custody), and two computers which are close to sentience. Set in US. [s]	I don't remember much about the detective except that she had some body modifications. The two computers' jobs are to communicate with each other while one is on Earth and the other is on a ship flying through space, maybe to Mars, maybe to Jupiter.	8	https://goodreads.com/topic/show/22824944-solved-adult-scifi-read-early-90s-three-plots-asian-woman-police-det-page_1	2025-06-27T00:00:00Z
22825132	2024-05-24T00:00:00Z	goodreads	Adult Romance F/F, second chance, old friends. Two girls fall in love high school, they fight and one leaves. Other girl stays, turns to alcohol and other girl's ex boyfriend. 17 years later, woman returns for father's funeral. [s]	It is mandatory to include genre and plot details in your topic header , as per the Group Rules . Because this group is so huge, we will close threads that don't adhere to this requirement. Please add more plot details to your topic header from what you've already written.	5	https://goodreads.com/topic/show/22825132-solved-adult-romance-f-f-second-chance-old-friends-two-girls-fall-in-page_1	2025-06-27T00:00:00Z
22825443	2024-05-25T00:00:00Z	goodreads	Adult Novel set in colonial India; noble and spoiled Indian boy looses home and privilege and needs to survive in lower strata of society. [s]	I read this book between 2000 and 2010 and it seemed contemporary in language. It starts with a brief description of a privileged life of a noble boy and then something happens (upheaval? death of parents?) which makes him loose everything. The rest of the book I believe is about him finding his own way in life, which is harsh at first, plot spanning years or decades. At some point a eunuch community is somehow involved.	3	https://goodreads.com/topic/show/22825443-solved-adult-novel-set-in-colonial-india-noble-and-spoiled-indian-boy-page_1	2025-06-27T00:00:00Z
22825580	2024-05-25T00:00:00Z	goodreads	Adult Medieval/ High Fantasy progression, resurrected protagonist trains to become the world's most skilled fighter	I believe this is a fairly well known book, but the title slipped my mind. I read this some time last year, and the plot has been nagging at the back of my head. A family in a village is attacked by a snow cat of some sort, and killed. The young man dies being thrown into a well, but his eyes glow and he is resurrected, losing all his memories. He is kicked out of the village due to the strange circumstances and works at a school or orphanage that a man in the village has contacts with. After a bullying incident a military man sees potential in him and recruits him for sword training. He quickly masters the fighting techniques, determined to be faster (I forget his main goal). Eventually there is a tournament to decide warriors to move on to an elvish academy of some sort, for training amongst the most skilled fighters. He makes it, and meets an elf that has flashbacks to his and her past lives, where they were apparently couple. I think he is a reincarnation of the world's hero of old or something. I don't remember past this point, or if they ended up discovering this connection. I tried AI with these descriptions, but it has miserably failed to produce results.	3	https://goodreads.com/topic/show/22825580-solved-adult-medieval-high-fantasy-progression-resurrected-protagonis-page_1	2025-06-27T00:00:00Z
22825919	2024-05-25T00:00:00Z	goodreads	General Fiction. Florida teen is sent to boarding school in upstate New York; the camp involved horses. [s]	I read this book in 2014/2015 and I believe it was published around that time as well since I remember getting it off the new release table at the library. I remember the main character was a teen girl from Florida who get sent away to a boarding school/horse camp as punishment for something. I think it took place in the 1950's.	4	https://goodreads.com/topic/show/22825919-solved-general-fiction-florida-teen-is-sent-to-boarding-school-in-upst-page_1	2025-06-27T00:00:00Z
22825948	2024-05-25T00:00:00Z	goodreads	Adult Romance. American woman meets her ex boyfriend (British) years later. She's in her 30s and works in/ owns an art gallery. As young art student in Venice, she met boyfriend in Venice when they were about 19-20 years old. Read ~2012-13. [s]	Hi, I'm looking for a romance novel where the main character (a woman) meets her ex boyfriend years later. She's in her 30s and works in an art gallery (or maybe owns one, I'm not sure) and met her boyfriend as a young art student in Venice, Italy, when they're both about 19-20 years old. From what I remember, he should be British and she should be American, and they had to separate once she had to go back to the US. It's mentioned that they tried having a long distance relationship but ultimately they broke up and never heard from each other again. One day, ten or maybe more years later, she meets him again (she lives in the US now) and spends the night with him. But she doesn't immediately recognize him and realizes who he is only in the morning, when she wakes up in his bed. And for some reason I don't remember, she's not happy about finding out that he's her ex. The female character reminded me a lot of Becky Bloomwood from the Shopaholic Series by Sophie Kinsella (as in, 30-something straight woman who's starting to doubt a lot of her life choices). I started reading the German translation (it was a paperback edition) in 2012-2013, but the original was in English. The author is female and I *think* she's British but I'm not sure. The original had probably been published between 2008-2010 and was set in those years. I never finished it, so I don't know anything else about the plot. Thanks	7	https://goodreads.com/topic/show/22825948-solved-adult-romance-american-woman-meets-her-ex-boyfriend-british-y-page_1	2025-06-27T00:00:00Z
22826038	2024-05-25T00:00:00Z	goodreads	Adult Romantic Fiction, LDS. Baseball Player engaged, trilogy, early 2000s, pregnancy scam near the end of the book, Latter-Day Saint fiction. [s]	I am trying to find a book I read in the early 2000s. It was a Latter-Day Saint romance story about a professional baseball player who gets engaged to a woman who inspired him to join the church. But, there is an ex-girlfriend, I think, who fakes a pregnancy to try and get a payout. I think this was the second in a trilogy. The cover was like a blue-gray, slate gray or so.	6	https://goodreads.com/topic/show/22826038-solved-adult-romantic-fiction-lds-baseball-player-engaged-trilogy-e-page_1	2025-06-27T00:00:00Z
22826100	2024-05-26T00:00:00Z	goodreads	Adult Contemporary Romance. I.T mc gets trapped in evidence locker with chief over the weekend. [s]	The main character is an I.T and she works at a police station, when she gets the jobs she finds out she knows the boss guy from way back in the past and it’s weird and she has this long standing crush, anyways they get trapped in an evidence locker over the weekend and some raunchy things end up happening	5	https://goodreads.com/topic/show/22826100-solved-adult-contemporary-romance-i-t-mc-gets-trapped-in-evidence-lock-page_1	2025-06-27T00:00:00Z
22826617	2024-05-26T00:00:00Z	goodreads	Romance book where girl is hired as a cleaner and guy has cameras all over his house.	MC's friend leaves the cleaning job as she found all the cameras creepy, MC loves it. Male lead is a rich, paranoid businessman.	3	https://goodreads.com/topic/show/22826617-romance-book-where-girl-is-hired-as-a-cleaner-and-guy-has-cameras-all-ov-page_1	2025-06-27T00:00:00Z
22826637	2024-05-26T00:00:00Z	goodreads	Adult Contemporary Fiction (Fantasy?) series. Female protagonist is historian/ archeologist. Possibly goes to Europe to old building/ castle/ mansion to do research. Young girl who's smart & rich. Published around 2004-2012/14.	Hi, I wanted to repost this because it was merged with another unrelated post by mistake. I’m looking for a book that was published probably between 10-20 years ago. I think around 2012. I remember it being somewhat popular at the time. It was marketed to adults and not YA I believe. I’ve been looking through fantasy novels but I’m not sure if that is the right genre or not. I think there was a kind of feel of magic possibly happening but it was not concrete. The main character is a women that is something like a historian who goes to possibly Europe to this old building (maybe a castle or mansion) to do research. Another of the characters is a young girl who is very smart and rich. There is at least one sequel and I believe in the sequel the protagonist goes to the girls house which is a mansion in an urban setting like New York. That’s about all I can remember. Hopefully this will sound familiar to someone. Thank you in advance for any suggestions.""	2	https://goodreads.com/topic/show/22826637-solved-adult-contemporary-fiction-fantasy-series-female-protagonist-page_1	2025-06-27T00:00:00Z
22827472	2024-05-27T00:00:00Z	goodreads	Adult Romance, Fantasy. Fairy/ half fey woman on the run. Sex scene involving a horse stable and prize stud horse. romance/smut	The cover of the book suggests 80s to 90s old dusty painted cover. A woman with long blond flowing hair and a horse and green trees and grass. A half fey woman is on the run. Her sister and mother (?) (Family) was taken. Shes a slight woman with wild white blond hair. Fantasy romance book. The only part i remember is one sex scene at some rich kings Palace. He was showing her his prized stallion (big black horse) as he was mounting a mare. The king guy makes a mattress materialize and the have sex ""like the horses"". Reverse harem as more fairies join in. And then whomever was after her shows upnat their front door (so to speak. Of the palace/kings lands) he wants her to stay with him. Promises to keep her safe. But she leaves of course. It was a thick book.	3	https://goodreads.com/topic/show/22827472-solved-adult-romance-fantasy-fairy-half-fey-woman-on-the-run-sex-sc-page_1	2025-06-27T00:00:00Z
22828087	2024-05-28T00:00:00Z	goodreads	YA Romance where King is vulnerable around whoever touches him. Read around 2018-2023.	There is a king who wears concealing clothing because if anybody touches his bare skin, he will forever be vulnerable when that person is around. Eventually falls in love with a girl I believe and eventually allows her to touch him. I don't remember why she was in the palace to begin with. I could be remembering this wrong, but I think his father or some other relative before he became king may have died because of their vulnerability once they've been touched by bare skin. I read it 2018-2023 probably. Sorry I don't have more details!	2	https://goodreads.com/topic/show/22828087-solved-ya-romance-where-king-is-vulnerable-around-whoever-touches-him-page_1	2025-06-27T00:00:00Z
22828096	2024-05-28T00:00:00Z	goodreads	Adult Novel ""on the island"" near Boston, containing characters Joe, Ann, Karen and Matt. [s]	Book is about firefighter Joe, postage stamp collage artist Ann, her deceased daughter Karen, and Ann's sister Gabrielle who lives ""on the island"" near Boston.	4	https://goodreads.com/topic/show/22828096-solved-adult-novel-on-the-island-near-boston-containing-characters-page_1	2025-06-27T00:00:00Z
22828260	2024-05-28T00:00:00Z	goodreads	Fantasy, Adult or YA. Young man’s role playing game comes to life at the entertainment castle close to his home. [s]	A teenage boy or young man plays a role playing game similar to D&D. He lives with his single mom in a house really close to a castle used for entertainment- kind of like a Medieval Times theme park or event space, but with actual grounds to explore. He goes up there maybe to work or pick up a girlfriend and somehow he is now in the world of his game. Adventures ensue, he has to survive, I know his character in the game is Brian Boru and I believe that’s who he becomes. I have it in my head that the name of the book was ‘Troll’ but for obvious reasons searching for that hasn’t worked out. I would really love to find a copy and read it again.	4	https://goodreads.com/topic/show/22828260-solved-fantasy-adult-or-ya-young-man-s-role-playing-game-comes-to-lif-page_1	2025-06-27T00:00:00Z
22828288	2024-05-28T00:00:00Z	goodreads	Fantasy series with fae with powers. The protagonist was accused of killing a child when she was little. Now she enters a competition where the brother of the boy she murdered is. He hates her. [s]	SOLVED Hello, i am searching a fantasy book series about a girl who was accused of killing a boy when she was a child. Now she will enter in a competition because she want to be free. In that competition she will meet a boy who hates her because the child she killed was his brother. Besides, the girl has shadow magic (i think) and she hides but when the boy is betrayed she reveal her power to protect him. I know that is a serie and it is complete.	4	https://goodreads.com/topic/show/22828288-solved-fantasy-series-with-fae-with-powers-the-protagonist-was-accused-page_1	2025-06-27T00:00:00Z
22828397	2024-05-28T00:00:00Z	goodreads	Adult SciFi. About crossing crystal mountains but you have to sing or you will die. [s]	I've never read the book, I only remember reading the synopsis and wanting to read it but not finding it available anywhere. It's not Crystal Singer by Ann McCaffrey but it's supposed to be similar. I remember because when I first found the book, there was something written in the Wikipedia on it about it being close to it? But what I remember that it is supposed to be about is that for some reason, it is very important to cross the mountains (made of crystal I think) or maybe there is some reward of some kind, I'm not sure. But it's incredibly risky to do so because you have to sing perfectly the entire time. I'm not sure how old, but it's an older book. Similar to the Crystal Singer which was published in 1982. I believe it was a female author, if that narrows it down. I could be wrong but I'm almost positive. Any help would be much appreciated! Thank you!	5	https://goodreads.com/topic/show/22828397-solved-adult-scifi-about-crossing-crystal-mountains-but-you-have-to-si-page_1	2025-06-27T00:00:00Z
22828688	2024-05-29T00:00:00Z	goodreads	Adult Historical Romance. Love triangle set in 1920s/1930s. Rich people, car accident. [s]	I can see the front cover - I think its a man and women on a lounge chair by the pool. It reads like Historical Fiction. There's a character that is an artist, there's a barfight, maybe its set in Ireland or England... Help!	5	https://goodreads.com/topic/show/22828688-solved-adult-historical-romance-love-triangle-set-in-1920s-1930s-rich-page_1	2025-06-27T00:00:00Z
22828777	2024-05-29T00:00:00Z	goodreads	Adult Romance, first book in a series. Grumpy Billionaire helping brother with wedding plans, sunshiny florist hired to help him. [s]	Looking for lead on author of a series - first book is grumpy billionaire helping his plumber brother with wedding plans. Meets sunshiny florist with struggling business he hires to help him with planning. Think it was set in NYC. She shows him the NYC flower market (Think in epilogue they are married there) This was start of a series of billionaires or guys who become billionaires in later books - one is physical therapist who invents a foot brace. Another is gym owner poised for wealth by franchising his concept	6	https://goodreads.com/topic/show/22828777-solved-adult-romance-first-book-in-a-series-grumpy-billionaire-helpin-page_1	2025-06-27T00:00:00Z
22828778	2024-05-29T00:00:00Z	goodreads	Adult Historical Romance, American Frontier. Young woman traveling with family across dangerous frontier in caravan guarded by soldiers. Captain/ General? becomes her protector, age gap. Read around 1999. Spoilers.	I read this book maybe 25 years ago when I was in high school, and the ending was so sad I remember bursting into tears in my dorm and crying for hours. I'm not sure why but I haven't been able to stop thinking about it for weeks. It follows the story of a young woman who is traveling across the american frontier when it was still very dangerous, and the entire caravan have soldiers escorting them. One soldier, the Captain I think, becomes her protector, but think there was somewhat of an age gap. Lots of run ins with tribes in the areas and if I recall, her family gets killed. I can't recall if the entire book was written from the perspective of her Diary, or if there were just parts of it written from that perspective. She and the Captain / general land up getting married and settling down, and with his work (either in the army or he might become a ranger), he's often away from home or in danger (she has a very bad run-in while he's away with someone who comes to their isolated home and has to protect herself and her child from this foe. He also has many near death experiences). At the end, she convinces him to quit his profession to take up something that will keep him safer and closer to home, and he lands up taking a position as a firefighter in their local town. In a cruel twist of fate he is killed in a tragic fire. (Hence the tears after a really hard fought for HEA) Would be so amazing if anyone could help me with this title! :)	6	https://goodreads.com/topic/show/22828778-solved-adult-historical-romance-american-frontier-young-woman-traveli-page_1	2025-06-27T00:00:00Z
22829708	2024-05-30T00:00:00Z	goodreads	Adult Romance? Woman left by boyfriend at Walmart, ends up living there. [s]	Hello. Recently my mom and I where talking about a book she loved when I was a kid, She would read it out loud to me and my dad every night but would leave out the ""adult parts"" . I would really like to buy it for her as a Christmas gift but neither us can remember the name though. So here is what I can remember: *it was the mid to late 90's and I think Oprah may have read it or was part of her book club. * it was about a woman that didn't have any money or family. * she is pregnant and traveling with her boyfirend * they stop at Walmart and he leaves her there. * she ends up staying there in the camping section and keeps a notebook of all she uses to pay the store back when she can get a job. * no one knows she is living in the store * I remember her some how being at the hospital but I don't remember how she got there. * the owner of Walmart visits her at the hospital and tells her she doesn't owe anything	5	https://goodreads.com/topic/show/22829708-solved-adult-romance-woman-left-by-boyfriend-at-walmart-ends-up-livin-page_1	2025-06-27T00:00:00Z
22829980	2024-05-30T00:00:00Z	goodreads	Adult Romance, Time Travel. Girl travels back to 1980’s, interviews rock star, takes him back to current day with her and world thinks he died by going off a bridge. [s]	Her aunt was somehow involved- she traveled back from supply closet in office. I think someone- a bandmate??- was trying to kill him	4	https://goodreads.com/topic/show/22829980-solved-adult-romance-time-travel-girl-travels-back-to-1980-s-intervi-page_1	2025-06-27T00:00:00Z
22830095	2024-05-30T00:00:00Z	goodreads	Adult Romance. It's a book about a girl who was popular but then her father starts abusing her (only physically not sexually) so she distances herself from friends. I don't remember details about the boy. Read 2000-2004. Spoiler. [s]	In the ending the boy finds out about the abuse, and there's a part where the father almost kills her and the boy saves her, but she goes to the hospital.	9	https://goodreads.com/topic/show/22830095-solved-adult-romance-it-s-a-book-about-a-girl-who-was-popular-but-then-page_1	2025-06-27T00:00:00Z
22830865	2024-05-31T00:00:00Z	goodreads	Adult Thriller/ Mystery read in 2023. Book cover was black and neon pink. Set in UK. Title mentioning secrets maybe?! [s]	Three women, friends since school but haven’t seen each other in years until one texts that she needs them. They meet back in the town where they went to school - one still lives there in a house that’s in disrepair by a bog or marsh. One now has a baby who she brings with her on the train. A body is found in marsh / bog, and the 3 women are trying to cover something up about one of their fathers happened while they were at school.	4	https://goodreads.com/topic/show/22830865-solved-adult-thriller-mystery-read-in-2023-book-cover-was-black-and-n-page_1	2025-06-27T00:00:00Z
22831084	2024-05-31T00:00:00Z	goodreads	Adult Romance/ RomCom. Female editor mistakenly sends male editor manuscript that is a fantasy about him. The fake book gets selected anyway and they have to edit it together. [s]	He doesn’t seem to realize it’s about him but eventually he figures it out	4	https://goodreads.com/topic/show/22831084-solved-adult-romance-romcom-female-editor-mistakenly-sends-male-edito-page_1	2025-06-27T00:00:00Z
22831134	2024-05-31T00:00:00Z	goodreads	Adult Romance where the hero thinks he doesn’t have emotions so he begins dating a young woman that recently graduated college. Heroine might be a bartender, hero is a billionaire	Hello, I am looking for a book where the hero thought he had no “emotions” so he would create hypothesis on getting others to make him feel something. Read around 2017-202 Spoilers He had a childhood friend that fell in love with him but he didn’t feel the same. She left and came back with a boyfriend but he wanted to see if she could be manipulated into liking him again. He used her emotions and she walked in on him with some other girl so she ends up sleeping with his dad but loses the baby. Fast forward to them being adults and now he is intrigued by the heroine that recently graduated. His childhood friend and him now have a “game” of playing with other people’s emotions and the heroine is the target of the game. The heroine has a record of having “stalker tendencies” by her ex boyfriend and her brother (I think) didn’t believe her when she said it was a coincidence. Hero takes women to specific penthouse room and hadn’t let other women into his home. The hero’s name was something like Hudson or Harrison. The heroines name started with an A and the hero’s dads name was Jack I think.	2	https://goodreads.com/topic/show/22831134-solved-adult-romance-where-the-hero-thinks-he-doesn-t-have-emotions-so-page_1	2025-06-27T00:00:00Z
22831512	2024-06-01T00:00:00Z	goodreads	Adult Christian fiction about a group of women set in an American small town. Spoilers ahead. [s]	I read this book about seven years ago. Probable years of publication 1990-2015. The book is about a set of women who had a friend who died when she was a teenager, her name was probably Dove. The girl dies due to drowning during a girls trip. The other women are grown now and have their own issues. The dead girl's mother is diagnosed with cancer and she wants closure. The women get together again one last time and it is revealed that the dead girl had been pregnant at the time and her death is possibly a suicide. The dead girl's mother dies at the end.	3	https://goodreads.com/topic/show/22831512-solved-adult-christian-fiction-about-a-group-of-women-set-in-an-america-page_1	2025-06-27T00:00:00Z
22831589	2024-06-01T00:00:00Z	goodreads	New Adult Fiction about Renée Dubois, her family and other life struggles in the fashion world. Spoiler. [s]	I read this book in 2020, so it was written before then. It's a #fiction #drama #thriller #fashion type of book, from what I can remember anyway. The main character's name is Renée Dubois and I think the book starts with someone having had an accident then they start to tell her story. Renée came to a new city after her parents' death to live with someone, I think she had 2 siblings, I'm not sure but she has a brother. She ends up falling in love with some popular person or son of a popular person who also loves her, can't remember if it worked out at first though. (view spoiler) [Anyway, a lot of things happened, I know she, Renée, became a famous designer, her brother joined some kind of revolution/rebel group during one of these popular world events that had to do with a war.(view spoiler)[ They lived in I think Paris. Renée had a son with her first husband, then she got married again to, I think someone called Gary and had a daughter and her son hated her daughter because she was 'ugly' and stealing his mother and stepfather's attention from him. The story spills into their, her children's, stories when they're grown, including her brother's child or children. Anyways, I really loved the book but never finished it, I would like to read it again but I forgot the title, any help would be appreciated. Thanks. (hide spoiler)] (hide spoiler)]	4	https://goodreads.com/topic/show/22831589-solved-new-adult-fiction-about-ren-e-dubois-her-family-and-other-life-page_1	2025-06-27T00:00:00Z
22831759	2024-06-01T00:00:00Z	goodreads	Adult Sci-fi book about a woman trying to find her abducted son who communicates with her using electronics (?). Read in 2019. Spoiler. [s]	I read this book in 2019. I'm not sure it's really sci-fi though, but it has some qualities so.. Some school kids went on a trip in a bus and reportedly the bus wrecked and, I think, the kids all survived except her son whose body wasn't found. So she's depressed when suddenly her son starts communicating with her using electric waves or something like that to tell her that he had been abducted. There was a part where she was trying to convince this guy, who I think is her love interest, that she always thought her son was too special; the reasons she gave were: 1. A dog they had ran away and her son cried endlessly because he knew the dog had also died and not just run away 2. The first time he played poker or cards he did extremely well and won and she knew it wasn't just beginner's luck. Also, there was this part when she had decided to find her son herself that he communicated with her using I think a jukebox and another part where she enlisted the help of a hypnotist to help open her mind to communicate better with her son. Her son is 8 or more but I don't think he was up to 12. (view spoiler) [It was scientists who abducted him and they were running all these harmful tests on him.That's all I can remember. I would love to finish the book and any help would be appreciated. Thanks. (hide spoiler)]	5	https://goodreads.com/topic/show/22831759-solved-adult-sci-fi-book-about-a-woman-trying-to-find-her-abducted-son-page_1	2025-06-27T00:00:00Z
22832358	2024-06-02T00:00:00Z	goodreads	Young Adult gay romance fake dating	2 workplace rivals (both male) are caught kissing? (like they aren't actually kissing but photo makes it seem like that) the politician they work under sees it as opportunity to get woke voters and forces them to fake date	4	https://goodreads.com/topic/show/22832358-young-adult-gay-romance-fake-dating-page_1	2025-06-27T00:00:00Z
22832580	2024-06-02T00:00:00Z	goodreads	Adult Scifi. Female priest meets with someone from a lost colony planet with few survivors. Read 2010s. Spoilers. [s]	SPOILERS Story follows a bald female priest (order of Mary or Mary Magdalene?) who meets with a survivor of a failed colony world. The survivor is a child who has been alive for centuries. She has tattoos on her body marking each year. The priest tries to protect the girl from people trying to use her to become immortal.	5	https://goodreads.com/topic/show/22832580-solved-adult-scifi-female-priest-meets-with-someone-from-a-lost-colon-page_1	2025-06-27T00:00:00Z
22833230	2024-06-03T00:00:00Z	goodreads	Adult Fiction. Newspaper writer in St. Louis gets in trouble for writing obituaries in advanced. Read 2009-2024. [s]	I am pretty sure this book is set in St Louis and features as its protagonist a newspaper writer who gets in trouble for writing obituaries in advance- this is one plot point that really resonated with me. I read it in the last 15 years It's not YA.	10	https://goodreads.com/topic/show/22833230-solved-adult-fiction-newspaper-writer-in-st-louis-gets-in-trouble-for-page_1	2025-06-27T00:00:00Z
22833870	2024-06-04T00:00:00Z	goodreads	Adult Romance. Woman in finance gets divorced because husband cheated and got another woman pregnant. She starts a bakery, has hookup on roof with new guy (wealthy, in motorcycle club). Read 2024. [s]	So FMC husband gets another woman pregnant, she tries to stay because they've been together since middle school. The MIL is excited about the baby and doesn't like the wife so she's very pushy about him helping the baby mama. They tell FMC that she's not allowed in baby's life. She finally leaves when she catches him in their bed together. She starts a bakery after making cupcakes fir a birthday party, and ends up meeting a new guy, who had seen her years before at her old job in finance. They have triplets.	11	https://goodreads.com/topic/show/22833870-solved-adult-romance-woman-in-finance-gets-divorced-because-husband-ch-page_1	2025-06-27T00:00:00Z
22834091	2024-06-04T00:00:00Z	goodreads	Adult Mystery/ Thriller: Woman (Emlynn?) in her 20s helps former boyfriend search for their mutual female friend (Janessa?) and the friend's boyfriend (Bush) who live in a camper van but recently went radio silent and missed a check-in. Spoilers.	Former boyfriend of Emlynn has addiction issues and a few years earlier had left Emlynn alone in the wilderness without provisions where she almost died. Emlynn and former boyfriend find their mutual friend's camper van and decide to follow a trail which they hope leads to their friend. But the former boyfriend has ulterior motives for finding mutual friend--he and Bush are involved in drug running and Janessa is going to turn Bush in. Bush attacks the two women but the women prevail in the end and all are rescued. This book was recently published--I think maybe 2023 or 2024. I listened to the audiobook so I wasn't sure of the spelling of the main character's name. The only name for certain was the drug runner--Bush. Other character is Vargas (sp?) who is a forest ranger and he had found Emlynn naked and near death after boyfriend abandoned her. Hope this helps! Thanks :-)	3	https://goodreads.com/topic/show/22834091-solved-adult-mystery-thriller-woman-emlynn-in-her-20s-helps-forme-page_1	2025-06-27T00:00:00Z
22834429	2024-06-04T00:00:00Z	goodreads	Adult (Murder?) Mystery novel. Female protagonist. Takes place in southeast Minnesota. Restaurant called Canadian Honker. Cover: silhouetted person sitting in tunnel/ drain opening? Read 2014-2015. [s]	it was a mystery novel; if i remember correctly it was specifically a murder mystery. the protagonist was female. the book takes place in southeast minnesota. i don’t remember how the plot goes. i remember a scene between the protagonist and another character in a restaurant called the canadian honker. there was also a sex scene between the protagonist and a character. i read the book in 2014-2015 but i think it had been out for at least a few years by then. i think the cover was of a silhouetted person sitting in a tunnel/drain opening.	6	https://goodreads.com/topic/show/22834429-solved-adult-murder-mystery-novel-female-protagonist-takes-place-i-page_1	2025-06-27T00:00:00Z
22834703	2024-06-05T00:00:00Z	goodreads	Adult Thriller - 2015 to 2020? Plot: woman goes on vacation to meet her blind date who ends up kidnapping her and stealing her identity.	Plot: woman goes on vacation to meet her blind date who ends up abducting her and stealing her identity. Her son realizes the texts she’s sending aren’t really coming from her. He searches the picture of the man his mom is supposed to be meeting. It turns out that he is an FBI agent and catfishers used his picture to lure women on the picture on the dating site. The woman/ mom who was abducted is held captive in a box in the ground and they bring her out every few days to get her passwords for her accounts and gain other information to get more money from her and keep her family beliving that she is fine but choosing not to return home. This is huge scam they have quite a few others in boxes in the ground at the same time. Story ends with the big house on fire.. I think the book name has Fire or Pines in the title.. I've searched so many and I can't remember or find it! Any ideas!?	5	https://goodreads.com/topic/show/22834703-solved-adult-thriller---2015-to-2020-plot-woman-goes-on-vacation-to-page_1	2025-06-27T00:00:00Z
22834813	2024-06-05T00:00:00Z	goodreads	YA Fantasy book about a highly intelligent plant who inhabits a dead body and brings it back to life. [s]	Hi gals! I have a huge memory loss for sure because I can't seem to find a book that I have seen recently in my local bookstore. It's something about 2 guys tending to a garden and discovering an intelligent plant. So the synopsis ends with something along the lines of ""but all they need now is a body for it (i.e. the plant)"". Can you help me find this book please? It might be YA or fantasy and recently published, 2022/2023 maybe!! TIA PS: I might not remember correctly but the bookcover was a pale green color...	4	https://goodreads.com/topic/show/22834813-solved-ya-fantasy-book-about-a-highly-intelligent-plant-who-inhabits-a-page_1	2025-06-27T00:00:00Z
22834980	2024-06-05T00:00:00Z	goodreads	Adult Romance. A mother comes back after being in prison to reconnect with her daughter that she had to leave. Daughter is living with paternal grandparents, that don't want her to reconnect. Read 2018-2022. [s]	I unfortunately cannot remember many details or details are hazy but the mother comes back from prison (she was in for what turns out to be an accident / not her fault) for killing her then-boyfriend/ fiancee /also the daughter's father to reconnect with her daughter. She reconnects first I think with the best friend of her daughter's dead father who is an uncle to her daughter. The grandparents don't want her to reconnect because they blame her for the death of their son. She ends up falling for the best friend, the daughter continues to live with her grandparents but builds a good relationship with her mother. Read it I think between 2018 - 2022. The author is female. Thanks a lot, has been in my mind for some reason in the last few days.	5	https://goodreads.com/topic/show/22834980-solved-adult-romance-a-mother-comes-back-after-being-in-prison-to-reco-page_1	2025-06-27T00:00:00Z
22835052	2024-06-05T00:00:00Z	goodreads	Trashy Adult Romance/ Fantasy/Mate series. The relationship of the brother of the man/ monster in the first book and the third book was the relationship of the two brothers sister. [s]	I found it at walmart in the 2000s. I remember the trilogy each had a color for the books; blue, red and green, so the covers stood out because they were pretty birght and almost completely that color. I can't remember FOR SURE but I think the first book was blue or red, the second was the other color and the green was definitely the third. Each book focused on a different couple but the second book was the relationship of the brother of the man/monster in the first book and the third book was the relationship of the two brothers sister. I don't remember much of the plot tbh, but I ~think~ the women in the first book was an investigator of some kind and thats how she got on the trail of her monster/man/mate	8	https://goodreads.com/topic/show/22835052-solved-trashy-adult-romance-fantasy-mate-series-the-relationship-of-t-page_1	2025-06-27T00:00:00Z
22835075	2024-06-05T00:00:00Z	goodreads	Adult Romance. Prostitute falls in love with a cop they have a secret romance so her boss won’t find out he gets shipped out back to the military. Read around 2015. [s]	I read this book around 2015. The girl falls in love with this cop after he picks her up downtown. They start spending lots of time together and he takes her away on a romantic weekend to the country. A few weeks go by and he gets called back into service. The pimp has gotten over his head with the mafia and the mafia take the girl and the pimp out on a boat to the water she jumps into the rapids to try and survive then runs away to a small town. She eventually finds out she is pregnant and starts working at a diner that happens to be owned by the cops dad. A couple weeks go by then the owner of the diner gets news his son is dead which is the cop. She becomes depressed but turns out he was just missing in action and shows back up.	4	https://goodreads.com/topic/show/22835075-solved-adult-romance-prostitute-falls-in-love-with-a-cop-they-have-a-s-page_1	2025-06-27T00:00:00Z
22835198	2024-06-05T00:00:00Z	goodreads	New Adult Fantasy. 6 main characters, each one with their own ""power/ background"" and they come together to solve some life-threatening problem. Each book covers two characters and their love story, while solving the problem. Spoiler.	I remember that in the first book, the main female character was a painter and her painting ended up being able to transport people to different worlds. And another female character, covered more in either the second or third book, was a mermaid who left her pod to join them on this quest of theirs. One plot detail was that all three females went to go shopping and were advising the mermaid on how to tell the guy she loved, that she loved him. There were some more mature scenes in each book. I read the book from either 2015 to 2018. The book wasn't too old, fairly new I think. The book setting was modern, more country than city. One distinct thing I remember is that each cover of the book had a very artistic design, super nice to look at.	2	https://goodreads.com/topic/show/22835198-solved-new-adult-fantasy-6-main-characters-each-one-with-their-own-p-page_1	2025-06-27T00:00:00Z
22835803	2024-06-06T00:00:00Z	goodreads	Adult Time Travel Western Romance. Heroine is a nurse who goes back in time and people think she is one of her great-aunts and the hero name is Ben. Read around 2010-2013. [s]	I read this book around 2010 - 2013 but I think the book was older. The heroine goes back in time and everybody thinks she is one of her great-aunt or something like that because they look the same. I think her name or her aunt's name was Addie or Adelaide. The hero's name was Ben and he worked at her father's ranch. At first he coulnd't stand her because her aunt (the one who's place she took) was a bitch but he falls in love with her seeing she has changed. I think she has to stop the murder of her father and Ben which her aunt and some other guy plotted. I don't know why, but I've always thaught Linda Howard wrote this book but I couldn't find it anything to confirm that. I think the fact that in that period I read a lot of her books made me reach that conclusion.	4	https://goodreads.com/topic/show/22835803-solved-adult-time-travel-western-romance-heroine-is-a-nurse-who-goes-b-page_1	2025-06-27T00:00:00Z
22835972	2024-06-06T00:00:00Z	goodreads	Adult Mystery series where a female baker always gets involved in murder mysteries and her bakery always gets involved, then she found out her grandma is in a investigation team with her elderly friends. [s]	the baker also got together with a police who helped to solve her first mystery, they later got married, this series is in kindle when i read it around a few years ago like around 2019 to 2020 i think	5	https://goodreads.com/topic/show/22835972-solved-adult-mystery-series-where-a-female-baker-always-gets-involved-i-page_1	2025-06-27T00:00:00Z
22836462	2024-06-07T00:00:00Z	goodreads	Adult Fiction. Book Cover that had the side profile of a woman eating a handburger? [s]	There is a book cover I saw while scrolling of a woman in green? eatting a burger. The tile said something about good girl and the author might have been Meg or Megan? The page refreshed and i can't find it.	5	https://goodreads.com/topic/show/22836462-solved-adult-fiction-book-cover-that-had-the-side-profile-of-a-woman-e-page_1	2025-06-27T00:00:00Z
22836565	2024-06-07T00:00:00Z	goodreads	Adult fiction. Young woman wins lottery, also suffering illness, the name of the book i THOUGHT was Lilly or Lilah.	i read this book about 6 years ago. it was probably around 500+ pages. the book was about a young women, i remember her winning the lottery, taking a trip, i remember her having an illness and that i THOUGHT the title was Lily or Lilah but I cannot find this book.	7	https://goodreads.com/topic/show/22836565-solved-adult-fiction-young-woman-wins-lottery-also-suffering-illness-page_1	2025-06-27T00:00:00Z
22836933	2024-06-08T00:00:00Z	goodreads	Mystery, Murder fiction. An orphan girl gets framed for the king's death and she's on the run trying to solve it herself. 2015-2017. [s]	I only got to read a little bit of the first chapter, but the orphan girl had a family before getting adopted by the king. It starts off with her family getting brutally murdered order by the king.... I guess her actual dad did something to piss him off.... But for some reason her let's the little girl live and takes her. All I know is that the title has forest or woods in it.	4	https://goodreads.com/topic/show/22836933-solved-mystery-murder-fiction-an-orphan-girl-gets-framed-for-the-king-page_1	2025-06-27T00:00:00Z
22837496	2024-06-09T00:00:00Z	goodreads	Adult Fantasy about a girl who fixes magic, finds love with a golden dragon prince and has a brother that turns into a phoenix. [s]	No idea who the author is or the antagonists. I read this maybe 4-5 years ago (2019-2020) YA Fantasy vs Adult fantasy (as there are some hot sex scenes) female main character lives in a world where magic has disappeared, people used to be able to turn into animals and their prince was a golden dragon who flew through their lands. She is a healer of sorts and has a brother. She starts to heal people, magic starts coming back, she eventually can shift into a dragon, falls in love which the prince who was cursed along with the land? and plot twist: her brother can turn into a phoenix but has to be killed first.	5	https://goodreads.com/topic/show/22837496-solved-adult-fantasy-about-a-girl-who-fixes-magic-finds-love-with-a-go-page_1	2025-06-27T00:00:00Z
22837598	2024-06-09T00:00:00Z	goodreads	Shifter Adult Romance - Human taken by shifter held captive at start of the book	2022 - Read this 1 - 2 years ago, feel it was new at the time. Shifter book, starts in a fighting ring, shifter forced to fight shifter, humans watch on. FMC is watching the fight with her father and fiancé. She influences the fight. Shifter MMC is an alpha, breaks out of the fighting ring. He was only there to gain info and help other shifters escape. Takes human FMC with him when he leaves. Set in an environment like Scotland, highlands / remote area. Females dont like the Human FMC, put her at risk. Other shift male watches out for her, ambiguous if helping or hurting. Slowly main characters become attached. Interference from shifter packs. Magic involved. FMC becomes a wolf also. Its part of a series but I have only read the first one.	2	https://goodreads.com/topic/show/22837598-solved-shifter-adult-romance---human-taken-by-shifter-held-captive-at-s-page_1	2025-06-27T00:00:00Z
22838000	2024-06-09T00:00:00Z	goodreads	Adult Mystery fiction. It’s about a detective who returns home to take her fathers place who recently died (maybe suicide) either way she was investigating it and maybe her childhood friends death too?	In this book each chapter is in one of the characters pov. A woman’s dad dies so she returns to her hometown to take his place. She reconnects with the town bad boy who she used to love. He was driving and hit a young girl then brings her home and calls the detective. The detective is snooping around trying to solve an old case, I believe the death or her best friend. She gets really close and she’s digging in a field in the rain when she’s murdered. The book the switches to the pov to the girl that was hit by the car and is her hoping to find what happened to the detective. I think there’s a few other things I remember but I read so many mystery books I might be getting it confused and this is what I know for sure. I read about 2 years ago Please help me find	3	https://goodreads.com/topic/show/22838000-solved-adult-mystery-fiction-it-s-about-a-detective-who-returns-home-t-page_1	2025-06-27T00:00:00Z
22838179	2024-06-10T00:00:00Z	goodreads	Adult Mystery. Ex police woman tries helping a little boy who lost his parents. Spoiler. [s]	Ex police officer, she’s recently been dismissed but still wants to help this kid n the guy who’s care he’s been left in is someone she went on a date with one time n she thinks it’s odd that he was left in this guys care. (SPOILERS ISH just in case I don’t wanna say too much) It’s all over the place, explained at the end and was absolutely not the ending I thought was gunna happen. They live in a house on a hill not really near anything n there’s a cave he wants to take him to n keeps going on ab it. You find out what she was dismissed for later on in the book n her partner who’s still in the force joins in to try to help.	3	https://goodreads.com/topic/show/22838179-solved-adult-mystery-ex-police-woman-tries-helping-a-little-boy-who-lo-page_1	2025-06-27T00:00:00Z
22839254	2024-06-11T00:00:00Z	goodreads	Adult Contemporary Romance. Stuck in a cabin. Female lead is a doctor/ surgeon and male lead is a prince. She just broke up with boyfriend, and found him in her family's cabin. He rented cabin to get away. [s]	Thank you!!	9	https://goodreads.com/topic/show/22839254-solved-adult-contemporary-romance-stuck-in-a-cabin-female-lead-is-a-d-page_1	2025-06-27T00:00:00Z
22840204	2024-06-12T00:00:00Z	goodreads	Adult Horror/ Thriller: A male writer of true crime murder novels gets fan mail from a suspicious source. Spoiler. [s]	The writer goes out to find the person writing the letters and gets kidnapped and put in a house in a badlands. Later he finds out it’s his brother who kills women and keeps their hearts in a freezer. His brother tries to get him to kill a couple women that he kidnaps but he wont do it. I read the book about two years ago but it was older maybe 90s or early 2000s. I think it takes place in Montana but im not sure of that. I think it was the first book in a series.	7	https://goodreads.com/topic/show/22840204-solved-adult-horror-thriller-a-male-writer-of-true-crime-murder-novel-page_1	2025-06-27T00:00:00Z
22840699	2024-06-13T00:00:00Z	goodreads	Adult Fiction. Woman texts AI program after parent's death to keep their memory alive... Read around 2015-2019. [s]	I cannot remember a whole lot about this book's cover besides that I think it had some sky on it? Not sure though. The plot was basically a woman had created some kind of AI program that people could use to alleviate their grief of a dying loved one. The program could sort through texts and videos of a person and create a sort of profile of that person that could then send texts/videos/calls to you. The less texts and videos you had of the dead person, the worse the program was at emulating them...I remember something at the end of the book about parents of dying children using the technology and something being said about how sad it was that the parents were using the small amount of time their kids had left to make them make videos/texts for the program to use after their death than the parents actually spending quality time with their kids. I'm pretty sure I read this somewhere around 2015-2019, but could be a couple of years off either way. I unfortunately did not add this book to my Goodreads profile for some unknown reason!? Thanks so much for any/all help! And I am so sorry if someone has looked for this before, I could not find on any of the other threads.	3	https://goodreads.com/topic/show/22840699-solved-adult-fiction-woman-texts-ai-program-after-parent-s-death-to-ke-page_1	2025-06-27T00:00:00Z
22840853	2024-06-13T00:00:00Z	goodreads	Adult SciFi. Generation Ship SciFi with Attention to Culture; Male Protagonist, Memory Loss. Spoiler. [s]	This reading would have been between 2012 and 2015. I don't think the book was especially new. It was an adult-oriented paperback published in English. The cover showed a metal space ship against a black starfield background. I lived in the Salish coast area. Very general spoilers follow. -- (view spoiler) [In this somewhat lengthy scifi novel, an amnesiac is dropped into the boiling depths of ongoing intracrew strife. One faction has been moving more and more toward togetherness and peace, but the other division is growing more and more aggressive . . . and prone to devotion toward their leader. Is open conflict close to breaking out? (hide spoiler)] There may have been romance, I can't recall (but I think so). I think the opening scenes take place on a planet, but the rest of what I remember was on the ship. I recommend the book, although I can't entirely vouch for younger-me's taste or perceptiveness, but I remember enjoying it. Thank you for your attention. Edit: solved! The Dark Beyond the Stars by Frank M. Robinson, 1991.	6	https://goodreads.com/topic/show/22840853-solved-adult-scifi-generation-ship-scifi-with-attention-to-culture-ma-page_1	2025-06-27T00:00:00Z
22841322	2024-06-14T00:00:00Z	goodreads	Dystopia where differences are not allowed. [s]	I read this in 2007 but it's an older book possibly from the 1960s or 1970s. I just remember kids contacting each other as they are on the run. They are not accepted in society because they are different.	5	https://goodreads.com/topic/show/22841322-solved-dystopia-where-differences-are-not-allowed-s-page_1	2025-06-27T00:00:00Z
22841400	2024-06-14T00:00:00Z	goodreads	Adult Historical Romance. Heroine raises stepdaughter's child who dies in childbirth. [s]	The heroine travels by train when notified that her runaway step daughter is about to give birth. She arrives to find the stepdaughter tied to the bed by crazy hero’s sister and stepdaughter dies in childbirth. Heroine agrees to stay to raise the baby and marries the farmer., who makes furniture in his spare time. Written in the style of Lavryle Spencer or Linda Lael Miller. I think the crazy sister name is Hattie and the hero name is Daniel. Old book.	5	https://goodreads.com/topic/show/22841400-solved-adult-historical-romance-heroine-raises-stepdaughter-s-child-wh-page_1	2025-06-27T00:00:00Z
22841671	2024-06-15T00:00:00Z	goodreads	Comedian fiction. Allotment vegetables, funny bonkers. After 2010.	I think the author is/was a comedian. Gut says North east but equally could be a cockney. V funny, v quirky book. I think there is a vegetable in the title. An allotment features.	2	https://goodreads.com/topic/show/22841671-solved-comedian-fiction-allotment-vegetables-funny-bonkers-after-201-page_1	2025-06-27T00:00:00Z
22841890	2024-06-15T00:00:00Z	goodreads	Australian Adult novel about a bridge engineer and a museum curator. Published in 2001? [s]	They meet in a small town in Australia and are initially in conflict over the potential destruction of a heritage bridge. The engineer is called Douglas. I think it was published in 2001 and the author is female.	3	https://goodreads.com/topic/show/22841890-solved-australian-adult-novel-about-a-bridge-engineer-and-a-museum-cura-page_1	2025-06-27T00:00:00Z
22842729	2024-06-16T00:00:00Z	goodreads	Odd Science Fiction novel about Halley’s Comet. Read around 1983. [s]	I’m trying to remember the name of a very strange novel about the return of Halley’s Comet in 1985/1986. I read it in approximately 1983; it was a trade paperback and quite thick. It was very trippy and didn’t have a conventional plot line, which I suspect is part of why I find it hard to remember. However, there was one thing I will always remember, as it was repeated many times in the text. There was a litany of titles given to the comet, and they were repeated almost ritualistically. One of these titles, the one burned into my brain, was “Cain-raising kind of comet!” I know this is not much to go on, but unfortunately it’s all I’ve got. Thanks in advance, — HC Edit: I'm reasonably sure that the title didn't include the word ""comet""--I checked The Internet Speculative Fiction Database for SF novels with ""comet"" in the title and it was not included in the results. Edit 2: Well, it’s there now. Not sure if I messed up the original search or if I just missed it somehow.	18	https://goodreads.com/topic/show/22842729-solved-odd-science-fiction-novel-about-halley-s-comet-read-around-1983-page_1	2025-06-27T00:00:00Z
22843228	2024-06-17T00:00:00Z	goodreads	Double sided Thriller/ Mystery novel. About a woman's murder,one of the POV may be from the murdered woman. you need to read both sides to get the complete story. the title works together from both sides. cover may black & white. saw in 2024. [s]	Added info: - book can be started from either side depening on POV and then the black pages tell ou when to flip - saw this either on TT or insta but never saved/liked video so can't find title - google was no luck either	5	https://goodreads.com/topic/show/22843228-solved-double-sided-thriller-mystery-novel-about-a-woman-s-murder-one-page_1	2025-06-27T00:00:00Z
22843706	2024-06-18T00:00:00Z	goodreads	Superpowers - not YA - S tier supervillains are basically undefeatable, even by superheros. [s]	I'm time-blind, but I'll guess I read this book in the 2010s? I remember being disturbed by some things; I don't think it was quite grimdark, but it wasn't light either. Some people had powers, I think they were rated on a tier system and the S tier villains were basically unbeatable. One that I remember was a woman who was maybe black and white striped and her position in spacetime could be absolute. Meaning nothing could move her and nothing could harm her. She was also crazy and largely unpredictable. I feel like maybe she liked the MC for some reason. I'm fairly confident that the story included cognitohazards as well. I honestly can't remember anything about the MC other thank I'm pretty sure he/she got the s*it beat out of him/her on several occasions. No idea what his/her powers were. Fair warning: This book could have been on a website somewhere and never published. Solved: The book is called Worm and is a self-published web serial by John C. ""Wildbow"" McCrae [I dug out my old kindle and just browsed through, opening anything I didn't immediately recognize until I found it.]	1	https://goodreads.com/topic/show/22843706-solved-superpowers---not-ya---s-tier-supervillains-are-basically-undefe-page_1	2025-06-27T00:00:00Z
22843910	2024-06-18T00:00:00Z	goodreads	Adult Science Fiction, Detective novel. Man joins interplanetary investigation service. Character named Tog with Chinese surname. Read in 1970's.	Here are some SFF double-sided book lists of the type you describe: https://en.wikipedia.org/wiki/List_of... https://www.goodreads.com/list/show/1...	4	https://goodreads.com/topic/show/22843910-solved-adult-science-fiction-detective-novel-man-joins-interplanetary-page_1	2025-06-27T00:00:00Z
22844122	2024-06-18T00:00:00Z	goodreads	Adult SciFi. Cyborg-Space Travel, Mid-80s: Injured astronaut fixed with robot parts, can travel to extreme environments. [s]	Working-class male astronaut injured by crane accident, gets a cyborg body; most of his body was destroyed, but his brain and spinal column were saved. I think he was Asian. He can travel to extreme environments like close to the sun or in the depths of a methane sea on a moon of Jupiter. I don't recall much other details about the plot, what he was after. Also, gotta say I love doing recaptcha over and over again while typing this.	5	https://goodreads.com/topic/show/22844122-solved-adult-scifi-cyborg-space-travel-mid-80s-injured-astronaut-fix-page_1	2025-06-27T00:00:00Z
22844962	2024-06-19T00:00:00Z	goodreads	Adult Romance series. Three adult siblings' rich father dies; funeral; set in USA. 2nd chance romance with lawyer who betrayed her for father's land he wanted. Famous reality show star? has stalker. Brother doesn't want inheritance. Read 2019-2022.	Hello beautiful people..the book series as I remember is three books about three adult siblings who live all over the country ,their father is rich and he dies and the two older sister come home for the funeral The first book is about the eldest sister she has a 2nd chance romance with a lawyer who knew her father he's young and he betrayed her for a peace of land he wanted from her fathe3nd book is about the second daughter shes famous i think a reality show star and has a stalker and when she comes home for the funeral she stayes with an old grumpty friend for protection Book 3 is the brother book he doesnt want his inheritance and the fmc is a lawyer O i think their estate called king lands or something	8	https://goodreads.com/topic/show/22844962-solved-adult-romance-series-three-adult-siblings-rich-father-dies-fu-page_1	2025-06-27T00:00:00Z
22845523	2024-06-20T00:00:00Z	goodreads	Adult Short Story about women prisoners' recipes. [s]	Book of short stories - the last one is women prisoners writing stories to their daughters - discovered it is their recipes. Title is the most wonderful/beautiful/something book in the world.	7	https://goodreads.com/topic/show/22845523-solved-adult-short-story-about-women-prisoners-recipes-s-page_1	2025-06-27T00:00:00Z
22845563	2024-06-20T00:00:00Z	goodreads	Adult realistic novel about a female protagonist who can ""hear"" her clothes talk to her. Early 1990s, possibly late 1980s, deals with the fashion industry. [s]	To recap the title: The adult female protagonist can hear the clothes in her closet talk to her and has an uncanny knack for personal style (?) She is certainly fashion conscious; I don't know if she is actually a fashion designer, but the book definitely touches on the fashion industry in some way, and there is a gay male character (friend?) who is a designer and who reveals himself at the end as *not* gay (he pretends at it to get by in the industry) and as being romantically interested in her. I think this is either before or after she tells him that she can hear her clothes talk to her. Eccentric, playful overtone, probably a pretty tame read - I don't remember anything graphic about it, anyway. I read this book in the early or mid-90s. Probably published in either the late 80s or early 90s. Adult rather than YA or children's, and essentially realistic fiction, despite the fact that she can hear her clothes talk to her. Paperback, trade paperback rather than mass paperback, and I don't remember the cover but it likely involved clothing and/or clothes hangers in some way. Could be British or Canadian, might be American. I went googling and found a Reddit topic, ""[TOMT][MOVIE][1990s-2000s] Fashion Designer Pretends to be Gay"" that sounds dead similar, like the film they were looking for could have been based on the book I'm trying to remember, but none of the titles they came up with were right. I guess the pretending-to-be-gay fashion designer trope is more common than I realized; anyway, that was only revealed at the end of the book, which is from the POV of the, erstwhile unaware, female protagonist.	5	https://goodreads.com/topic/show/22845563-solved-adult-realistic-novel-about-a-female-protagonist-who-can-hear-page_1	2025-06-27T00:00:00Z
22845775	2024-06-20T00:00:00Z	goodreads	Adult Horror novel, read around 2010, about a haunted house being investigated. [s]	Adult Horror, read around 2010, book about a haunting, ghosts would repeat their deaths, investigation team wakes up house when someone trips and bleeds on porch, and they are trapped in house, teen sibling ghosts assist inveatigators. Teens were murdered by their Dad, also had a baby ghost name Theodore? That would wail in the fireplace. Psychic on investigation wanted to contact Houdini's ghost. Cover was gray, had a long hallway, or doorway pattern with the teens standing in center.	5	https://goodreads.com/topic/show/22845775-solved-adult-horror-novel-read-around-2010-about-a-haunted-house-bein-page_1	2025-06-27T00:00:00Z
22846241	2024-06-21T00:00:00Z	goodreads	Adult Romance, RH Reverse Harem. last year. A woman is on the run and stumbles upon a music band whose name is called after her after she broke the heart of one of the members. book name? [s]	In the band, there is a member that she broke his heart. He hate her. She wrote songs with him. The band name start with b. Can't remember the book name. Thanks	4	https://goodreads.com/topic/show/22846241-solved-adult-romance-rh-reverse-harem-last-year-a-woman-is-on-the-ru-page_1	2025-06-27T00:00:00Z
22847340	2024-06-23T00:00:00Z	goodreads	SciFi book from last 8 years. Female Lead. Mixed Alien Characters. Sentient Cats? [s]	Space adventure. Main character is female in her 30s roughly. She has a sister. Her father is a dodgy businessman of some sort. She earns a living as a freight transporter. There's an alien who develops an obsession with her. She has a cat or cats that have some sort of mind powers. One of the alien crew becomes an arena fighter of some sort. Might be a series.	5	https://goodreads.com/topic/show/22847340-solved-scifi-book-from-last-8-years-female-lead-mixed-alien-character-page_1	2025-06-27T00:00:00Z
22847732	2024-06-23T00:00:00Z	goodreads	Older Adult Romance. Think it was published in the 1990s, about a retired soldier going into the jungle to rescue a woman who was being held hostage by a drug lord. Spoilers. [s]	I can not remember the title of this book for the life of me and it's killing me. It was a double romance novel, both stories tied together. The first one was about a retired Vietnam solider, who became a man for hire, he was hired by a wealthy man to bring his daughter back from the jungle, where she was being held hostage in some drug lords plantation in the jungle. Turns out the woman already halfway had a plan to get out of there, and they ended up stuck in the jungle for several days. At one point a massive python drops on her shoulders and he kills it, she freaks out over all the blood. Cause she'd been held hostage as a child before, they bond. Hide out in a cave behind a waterfall I think for a few days. They make it out of the jungle but the drug lord finds them in some little village, she hot wires a car after watching him do it once, bad guy dies and they make it out and home safe. He then leaves her ""For her own good"" She doesn't like that, and ends up doing other halfway dangerous stuff, he finds her on another job months later and they stay together after that. I think the woman was in her early thirties? I don't fully remember. Next story was about the other man's sorta boss? He was on a boat in the ocean, boat gets shot up, so does he. Ends up washed up on the shore passed out, where a woman finds him, drags him back to her house, with a stray dog she found. Nurses him back to health, they start bonding. Oh there was a vet in the story too, she helped take care of the gut shot wounds and the stray dog. She didn't have a massive role in the book. The bad guys who blew up his boat the first time, find him. He called the guy from the first story to come help, first guys now wife comes too. They all end up bunkering down in the house and having a shootout. Bad guys die, all is good. The man who was nursed back to health, leaves the woman, again with the for her own good, he isn't a good man. You know the whole shabang. She gets depressed, first man's now wife calls the other man and cusses him out and implies that his love interest is pregnant. She isn't but he shows back up at the house and they stay together after that. The book ends with the two men sitting on a front porch of the first guys house. Kids are running around the yard and one of the wives is pregnant and they all are talking and that's it. Happy ending all around. The cover was a ocean sunset, I think. I remember shades of orange and soft yellows. It is a older romance novel. Got it from my grandma but we can't remember the title or author. It was thicker too. Please if you can remember the name tell me, I have been trying to find my copy or a new book for years now. It haunts me and drives me up the wall not being able to remember the title. My sister thinks these characters were side characters from a different series that people loved so the author wrote stories about them to tie it all together. But we can't remember the author or the series she thinks they are originally from.	6	https://goodreads.com/topic/show/22847732-solved-older-adult-romance-think-it-was-published-in-the-1990s-about-page_1	2025-06-27T00:00:00Z
22848551	2024-06-24T00:00:00Z	goodreads	Adult fiction. Man in middle aged crisis has an affair and makes peace. He lives in Rhode Island or Connecticut, she's spending the summer on New England shore. Read in 1990s. Spoiler. [s]	Around the time I read the Shipping News and Middlesex, I read a novel about a local Rhode Island or CT man who has an affair with a women from the city spending her summer on the New England shore, she gets pregnant, the wife of the man makes peace with him and they end up helping to raise the child. I remember reading how the wife and the man were less intellectual versus the urban out of towners, the writing was beautiful. What is the title? Thank you!	8	https://goodreads.com/topic/show/22848551-solved-adult-fiction-man-in-middle-aged-crisis-has-an-affair-and-makes-page_1	2025-06-27T00:00:00Z
22849066	2024-06-25T00:00:00Z	goodreads	YA Science Fiction. Guy on Spaceship bonds with Alien. [s]	Two or three years ago I read this book for high school book club, and it was about this guy who wakes up with amnesia in space and the whole book goes between current time and him having flashbacks to before they got sent off. He finds this other ship and they connect and there was an alien that reminded me of a crab made out of rocks. I don't remember the cover as I read it hardcover without the dust jacket. It was relatively new at the time.	4	https://goodreads.com/topic/show/22849066-solved-ya-science-fiction-guy-on-spaceship-bonds-with-alien-s-page_1	2025-06-27T00:00:00Z
22849168	2024-06-25T00:00:00Z	goodreads	Fiction, Time Travel. The book cover is blue with plain windows and little gimmicks like a whale or a traveling back	There is this girl and she has a cat. I remember in the beginning the cat dies and she has a guy that she sort of dating and she works at the bookstore and at the beginning of each chapter. It says a time like 30 minutes before ( iforget, her name) decided to die. Then when she does die, she gets transported to a library of second choices. the librarian is a school teacher librarian, that she liked. Then she finds the big book about all the choices in her life that she regrets and she gets to choose which ones to undo one by one and she gets to realize a live if she had chosen different	6	https://goodreads.com/topic/show/22849168-solved-fiction-time-travel-the-book-cover-is-blue-with-plain-windows-page_1	2025-06-27T00:00:00Z
22849262	2024-06-25T00:00:00Z	goodreads	Adult Romance. Read in the last 5-10 years, a young single mom saves a hockey player after he crashes into a tree and his car catches fire. She is isolated from her family because her child was a scandal (taken advantage of by her teacher). [s]	Please help!	5	https://goodreads.com/topic/show/22849262-solved-adult-romance-read-in-the-last-5-10-years-a-young-single-mom-s-page_1	2025-06-27T00:00:00Z
22849710	2024-06-26T00:00:00Z	goodreads	Adult Scifi book about aliens living on Earth, building a secret spaceship. Read in 1980s.		5	https://goodreads.com/topic/show/22849710-solved-adult-scifi-book-about-aliens-living-on-earth-building-a-secret-page_1	2025-06-27T00:00:00Z
22850474	2024-06-27T00:00:00Z	goodreads	Romance, Why choose, academia, second chance, supernatural/fantasy. FMC is bullied by her 4 childhood friends and they are now with her sister. It is her second chance and she will no longer take their bullying. [s]	Read the book a year ago.	3	https://goodreads.com/topic/show/22850474-solved-romance-why-choose-academia-second-chance-supernatural-fanta-page_1	2025-06-27T00:00:00Z
22850749	2024-06-27T00:00:00Z	goodreads	Adult Regency Romance. Hero was accidentally shot by his carriage by a young man and woman, who were running away, but didn't mean to shoot him. [s]	They just needed money. They then took him to their relative or friend to nurse him back to health. Hero is a duke or some kind of lord. The dialogue was humourous. I thought it was a Georgette Heyer, but I can't find any of her books that sound like this. I read this probably in the early 2000s.	3	https://goodreads.com/topic/show/22850749-solved-adult-regency-romance-hero-was-accidentally-shot-by-his-carriag-page_1	2025-06-27T00:00:00Z
22851475	2024-06-28T00:00:00Z	goodreads	Adult fiction. 2 men live in the sewers of a city, hidden from society because they are different. Read around 2020. [s]	So I read this book around 2020, and not knowing the name of it has been bothering me for months. From what I remember, it was written by a male author. The plot is as follows-- two men live in the sewers below a large city because they are different. They scavenge for food at night and have to stay hidden because people/society will try to kill them. Years go by and the older man dies. The younger man witnesses a young woman being attacked in a library at night by some strange men. She is trying to find her father's killer and she has a severe touch aversion. They go on an adventure around the city together to try to find her father's killer. Here is where my memory gets fuzzy. There is also an element of the supernatural/angels from what I remember? At the end it turns out that the reason that the men had to hide is because they were too beautiful? The very end of the story culminates in a plague or virus of some kind.	5	https://goodreads.com/topic/show/22851475-solved-adult-fiction-2-men-live-in-the-sewers-of-a-city-hidden-from-s-page_1	2025-06-27T00:00:00Z
22851608	2024-06-29T00:00:00Z	goodreads	Adult Romance. Follows woman who runs away in wedding dress by hopping on a plane and ends up in a bar and the bar owner takes her in and romance ensues. Read around 2015-2020. [s]	I read this book/book series about 2015-2020 (sorry can't be more specific). The comtempoary adult romance book follows a woman who runs away in her wedding dress by hopping onto a small plane (i think set in america and she goes north) she ends up in a bar in this town where the plane dropped her off. The bar owner helps her out & gives her job and a place to stay and romance stuff happens. I don't remember much abotuth the female lead but the male lead is the bar owner. He's taking over the bar from his father who has passed away and there is something in the will that requires him and his brothers to return to town and help run the bar for a year(?). I think there is a military brother, twins who make music, a tech brother at uni/college and the book continues in a series that follows the other brothers where they find love.	4	https://goodreads.com/topic/show/22851608-solved-adult-romance-follows-woman-who-runs-away-in-wedding-dress-by-h-page_1	2025-06-27T00:00:00Z
22851803	2024-06-29T00:00:00Z	goodreads	Adult Thriller about a Serial killer of women (brands numbers) and a female detective protagonist who is trying to find him. Amish woman. Snowed in. Read in 2014-2015. [s]	read the book around 8–9 years ago. borrowed from a friend. about a female detective (i think) in search of a serial killer, who only kills women, and brands numbers on them in the sequence he kills them. Roman numerals I , II and so on and so forth. there is a final showdown with the serial killer and the protagonist in a remote cabin where she almost becomes his next victim. the town is small and snowed in. Vague detail : one of the murdered women is an Amish woman who left the community (hence why it took some time to find her, since no one reported her missing) and another one a pregnant woman (it is possible that it was the Amish woman who was pregnant). Please help me find this book, i have searched for it years on end, with no avail.	6	https://goodreads.com/topic/show/22851803-solved-adult-thriller-about-a-serial-killer-of-women-brands-numbers-a-page_1	2025-06-27T00:00:00Z
22852713	2024-06-30T00:00:00Z	goodreads	Adult fiction, translated from Spanish. I read it in the early 2010s. Story was around drag queens/ gay/ drug/ heroin culture. [s]	I recall the prose was somewhat non-linear, non-traditional punctuation. I want to say the story was based in central america (I was reading a lot of latin american authors at the time) but might have been Portugal. I believe there was a child involved in the plot. Think the word “Fire” was in the title. As I said in the ""topic"" centered around some drag queens (one main ""narrator"") and drug culture. I think anyway! Any help would be great!	3	https://goodreads.com/topic/show/22852713-solved-adult-fiction-translated-from-spanish-i-read-it-in-the-early-2-page_1	2025-06-27T00:00:00Z
22852966	2024-06-30T00:00:00Z	goodreads	Adult Romance - werewolf mates at Werewolf School with alpha king- ad from facebook	Ok sorry this is all I know, it's an ad on facebook for AlphaNovel app and it looked somewhat interesting, so long shot was wondering if anyone recognized it? No idea the actual plot, or even if it's available anywhere except the app.. but this is the excerpt from the ad: ""When it's your first day at Werewolf School, and you are about to be sorted into your rank. Anxious, you enter the hall and sit down next to an attractive man covered in tattoos. He's all alone and exudes danger. ""As you wait for your turn, you notice how close your legs are to touching. Suddenly, everyone falls silent and you feel your wolf going into heat. Before you go crazy, you stand up and want to leave, but his strong hand grabs you. 'Why is everyone staring at us?' you whisper, confused. His gaze glides over your body and he says 'it's the first time I let anyone sit next to me.'"" The second excerpt: ""'Mate' he said. 'No'. Panic surged through me. It was the Alpha King. In that moment, all I wanted was to disappear, to escape the attention and the impending consequences of meeting my mate."" That's all I got. Just saw the ad today so I'm assuming the book hasn't been available very long. Any takers?	10	https://goodreads.com/topic/show/22852966-solved-adult-romance---werewolf-mates-at-werewolf-school-with-alpha-kin-page_1	2025-06-27T00:00:00Z
22853199	2024-07-01T00:00:00Z	goodreads	Fantasy. A queen or princess is in a war against “bad” or “evil” king? There is a young, overweight mage sent from an island of mages. Eventually he loses weight and develops/ utilizes “dragon scale? armor.” [s]	A queen or princess is in a war against “bad” or “evil” king? She puts together a team to help her. There is a young, overweight mage sent from an island of mages. He is not held in high regard by those on the island. Eventually he loses weight and develops/utilizes “dragon scale? armor.” He returns to the island in a position of power. There is a “knight” who is in love with a “lady in waiting” to the queen/princess. This lady came from a working class background, but her father developed a way to shave a tiny bit of gold off of coins and she is very wealthy now. The blushing knight who loves makes a comment about her at one point regarding “how can one woman make so many parts shake/move at one time as she walks?” It seems like there is an older man who is on the team. It seems like there is a male “hero” on the team, not the knight, who has a love/hate/love relationship with the queen/princess. The team has 5+ members. They must deafest the enemy for “good to prevail.”	4	https://goodreads.com/topic/show/22853199-solved-fantasy-a-queen-or-princess-is-in-a-war-against-bad-or-evil-page_1	2025-06-27T00:00:00Z
22853315	2024-07-01T00:00:00Z	goodreads	Australian Adult fiction, written approx 20 yrs ago about a girl (Lolly??) who is overfed by her mother as a way of controlling her. [s]	I thought the book was titled Lolly but that may have been the nickname of the main character. The book follows the relationship between the mother and daughter, who (from memory) becomes pregnant at a young teen-age. They may have gone to live in a remote cottage, possibly on an island (Kangaroo Island??...or a Tasmanian island). It's a little off-key, almost a psychological thriller yet also a very in depth examination of the power dynamics between mother and daughter, and their obsession with food, especially cake. Written brilliantly, and would love to read it again. Appreciate any leads! (Apologies for previous post not meeting the rules!)	3	https://goodreads.com/topic/show/22853315-solved-australian-adult-fiction-written-approx-20-yrs-ago-about-a-girl-page_1	2025-06-27T00:00:00Z
22853936	2024-07-01T00:00:00Z	goodreads	Fantasy Romance about foreign girl sent to far away court, Captain kills King to marry her and she becomes Queen to save the Kingdom. [s]	I read this book over 10 years ago. A girl from a different land is shipped to the Royal Court as a Courtier Lady. She meets a Captain who leaves her books as gifts on her favorite bench as a Secret Admirer because he is too nervous to speak to her. Time goes by and King dies after being poisoned. She is made Queen because she wields rare magic. The Kingdom is in jeopardy so she must marry the Captain to save the Kingdom and solve who poisoned the King while traveling around the Kingdom dancing with gypsies and stuff. Anyway. The Captain killed the King because the King refused to let him marry the FMC. The Queen saves the Kingdom and turns her crown over to the Rightful Ruler and goes off to dance with the gypsies again. The Captain follows her. Sounds horrible as I write this but it was actually well written. I wanted to see if the story had been refreshed or if the author wrote a sequel.	3	https://goodreads.com/topic/show/22853936-solved-fantasy-romance-about-foreign-girl-sent-to-far-away-court-capta-page_1	2025-06-27T00:00:00Z
22854128	2024-07-01T00:00:00Z	goodreads	Modern day Adult Fantasy about a dragon in a cave above a town. Read in 1980s. [s]		10	https://goodreads.com/topic/show/22854128-solved-modern-day-adult-fantasy-about-a-dragon-in-a-cave-above-a-town-page_1	2025-06-27T00:00:00Z
22855476	2024-07-03T00:00:00Z	goodreads	YA Fantasy book - MC fights invading demons	Book is about a secret group that fights invading demons. They have power from making ""soul knots""(?) which gives them abilities and enhanced strength/speed. First book starts with MC in hiding until demons attack his school. There's some ability they have that hides the demons from most people. MC goes to a training facility after. The demons have different tiers with the lowest being animal intelligence and getting smarter at higher levels. I think they may have been enslaved to higher tiers? Later books have the secret come out and the organization teams up with the world militaries.	2	https://goodreads.com/topic/show/22855476-solved-ya-fantasy-book---mc-fights-invading-demons-page_1	2025-06-27T00:00:00Z
22855644	2024-07-03T00:00:00Z	goodreads	Adult Romance. Singer has a online singing contest and female winner covers his song and he watches the video hundreds of times	He loves her version more than his.	2	https://goodreads.com/topic/show/22855644-solved-adult-romance-singer-has-a-online-singing-contest-and-female-wi-page_1	2025-06-27T00:00:00Z
22855945	2024-07-03T00:00:00Z	goodreads	YA fiction. Brother & sister orphaned & living out of car. [s]	Young boy & girl are abandoned and orphaned and rather than be separated, they live out of their car. The boy hunts for an sells lost golf balls. They eventually join the circus where the girl's gymnastic talents allow her to become a flyer/aerialist	3	https://goodreads.com/topic/show/22855945-solved-ya-fiction-brother-sister-orphaned-living-out-of-car-s-page_1	2025-06-27T00:00:00Z
22856720	2024-07-05T00:00:00Z	goodreads	Adult Literary/ Feminist fiction. Mother leaves family to live alone out of town, sands and oils an old table. Read late 1980s/early 1990s. [s]	I read this in the UK in the late 80s/early 90s (no later than 1994) and it had a contemporary feel so I wouldn't think it was written earlier than about 1970. It was one of my mum's literary/feminist type fiction books, so I had it in my head it was published by Virago, but that's just a guess! The main character is a mother who leaves her family to go and live alone in a cabin(?) in the mountains(?) - certainly somewhere away from other people. The setting makes me think it was the US rather than the UK. I particularly remember a scene of her sitting outside the cabin sanding an old table, and it making her hands hurt but she keeps at it until it's really smooth, then oiling it and the wood being so dry that it drinks up the oil. I think she drives into the nearest town once or twice a year to get supplies, so I think she stays in the cabin for at least a year or two. I think her daughter finds her (the daughter is a young adult), but I can't remember if she returns to her family in the end. This is all super vague I know, but any help would be appreciated!	4	https://goodreads.com/topic/show/22856720-solved-adult-literary-feminist-fiction-mother-leaves-family-to-live-a-page_1	2025-06-27T00:00:00Z
22857164	2024-07-05T00:00:00Z	goodreads	Contemporary fiction. Rural setting, teenage girl living alone with her father. [s]	The story is a first-person narrative, from the POV of a teenage girl, probably 16 or so. She lives with her father, just the two of them and not by choice - the mother's absence is an important part of the story. Father and daughter have a difficult relationship - the one scene I remember is he made her kneel on the kitchen floor as punishment, while he sat at the table reading the newspaper. There may have been rice involved, as in either he made her kneel on uncooked rice, or he threatened to, or she was grateful that he didn't. I don't believe the father is actually abusive to her, IIRC it feels more like he's trying to do his best under difficult circumstances. Additional details: *Takes place in a small town or farming community *Setting is contemporary to the time it was written - I think early 2000's *Probably a female author, probably Canadian *It's a coming-of-age story, character-driven rather than plot It has the same kind of feel as A Complicated Kindness by Miriam Toews, but I just re-read it with that scene in mind, and it's definitely not the right book. I appreciate everyone's help on this!	14	https://goodreads.com/topic/show/22857164-solved-contemporary-fiction-rural-setting-teenage-girl-living-alone-w-page_1	2025-06-27T00:00:00Z
22857545	2024-07-06T00:00:00Z	goodreads	Mystery. A girl who lives in a boring town then is excited when she hears voices. and find out it's a ghost. Title was long(ish). Think Title started with ""you're""??? [s]	She hears the voices and finds out it's a ghost. I think the protagonist was fourteen or sixteen. Title was long(ish). I think the title started with ""you're""???	6	https://goodreads.com/topic/show/22857545-solved-mystery-a-girl-who-lives-in-a-boring-town-then-is-excited-when-page_1	2025-06-27T00:00:00Z
22857929	2024-07-06T00:00:00Z	goodreads	Adult Thriller about a young girl who goes missing and dad receives notes from some secret society leading him to do his own investigation. [s]	I read this book back in 2022 and can not remember what it was called but it was so good. It’s a thriller type book.	6	https://goodreads.com/topic/show/22857929-solved-adult-thriller-about-a-young-girl-who-goes-missing-and-dad-recei-page_1	2025-06-27T00:00:00Z
22857985	2024-07-06T00:00:00Z	goodreads	Adult Romance. Former astronaut (?) finds out he has teenage son. Spoiler? [s]	Former Astonaut (?) finds out he has a teenage son being raised by sister of deceased ex. Begins building realtionship with boy, including spoiling him with expensive gifts. Aunt always there for boy but not well off, couldn't afford same level of gifts. Potential spoilers: Boy has 16th birthday during book; father buys him expensive brand new car; aunt scrimped for use one (hid from boy) Aunt and father begin a relationship and fall in love HEA	3	https://goodreads.com/topic/show/22857985-solved-adult-romance-former-astronaut-finds-out-he-has-teenage-son-page_1	2025-06-27T00:00:00Z
22858106	2024-07-07T00:00:00Z	goodreads	Book: based in England, traveller, plants/flowers	Hello, I began and unfinished a book years ago about a boy growing in England and how he begins to work in some garden and later on the the Queen 's garden and he is sent to travel to other countries and continents in search for more rare and beautiful plants and flowers. I stopped there and it's been in my mind ever since but don't remember the author nor the title. I looked in my library list of books but it is not there...	6	https://goodreads.com/topic/show/22858106-book-based-in-england-traveller-plants-flowers-page_1	2025-06-27T00:00:00Z
22858418	2024-07-07T00:00:00Z	goodreads	Adult Paranormal Romance. Woman who died needs to help a guy find a girlfriend so she can go to heaven. Set in UK 2000s.	After she died this women is back to world of living because she has assignment to help one to find a girlfriend because that the way she go to heaven.She came's back to same town where she used live, she lives in house with two people who are also have similar assignment' s. She also got a job as web designer and she is spying her friends and fiance but they can't recognize her.This book is set in UK in the 2000s.	4	https://goodreads.com/topic/show/22858418-adult-paranormal-romance-woman-who-died-needs-to-help-a-guy-find-a-girl-page_1	2025-06-27T00:00:00Z
22859843	2024-07-09T00:00:00Z	goodreads	Adult Romance. Twin sister poses as her twin and is abducted to Italy (Sardinia or Sicily possibly) by rich Italian. I think I read this in the 1980’s. [s]	Twin sister poses as her twin to enable her twin elope with her boyfriend. Boyfriend’s big brother comes on scene and demands she comes to Italy with him ( ? abducted her). Loses her virginity to brother. Occasionally humorous. Twin eventually escapes on back of a motorbike. Cover of book had woman’s lips. Can not remember title at all but possibly ‘love’ ‘desire’ or ‘sin’ in title but might just have imagined it lol.	9	https://goodreads.com/topic/show/22859843-solved-adult-romance-twin-sister-poses-as-her-twin-and-is-abducted-to-page_1	2025-06-27T00:00:00Z
22860151	2024-07-09T00:00:00Z	goodreads	Sci Fi Short Story. Time travel with intentional change concerning Hemingway and his final years. [s]	Read in a collection of short sci-fi stories book 2023/2024 (but the book was older) about a Hemingway superfan who has obtained time travel (alteration) powers and sets about to make right the last years of Hemingway	6	https://goodreads.com/topic/show/22860151-solved-sci-fi-short-story-time-travel-with-intentional-change-concerni-page_1	2025-06-27T00:00:00Z
22860398	2024-07-09T00:00:00Z	goodreads	Fiction. Teen pregnancy of twins, murder of a baby, dual pov from sisters. [s]	Okay, I can't remember when I read this book, I think around 2011-2014. The book is about a ""golden child"" who gives birth to twins at home, during a storm, her parents aren't home, but her sister is. She is accused of murdering the one twin. I know at one point she is living in a halfway home and works in a bookstore that (unknown to her) the other twin's (boy) adopted mom owns. I vividly remember at the halfway home someone putting a babydoll in a bucket. I also remember her helping the little boy get glitter of himself using tape. TIA	3	https://goodreads.com/topic/show/22860398-solved-fiction-teen-pregnancy-of-twins-murder-of-a-baby-dual-pov-fro-page_1	2025-06-27T00:00:00Z
22860445	2024-07-09T00:00:00Z	goodreads	Adult Romance. Young woman's dad dies, young wealthy employer (rancher?) lets her remain on property, she's best friends with his sister. He wears eyepatch. Read around 1990's/2000's. Spoilers. [s]	A young woman’s dad dies and his young and wealthy Employer allows her to remain in her home on his property where she and her dad had lived for many years. Maybe the Employer/main guy is a rancher? They are attracted to each other. He has the use of only one eye and wears a patch. She is best friends with his sister until the sisters boyfriend makes a play for her and the sister gets jealous and lies about her to the main guy. He believes his sister and is furious with the girl and chews her out and humiliates her on Main Street calling her ugly names and telling her to never come around again. She graduates with no one to watch her & celebrate with her and moves away that same day. The main guy won’t let his brother and sister even say her name around him. She is hit by a vehicle and the doctor finds a paper with the main guy’s name & number and contacts him- Very similar to Wild Obsession. The guy flies his sister and younger brother in his own plane to go to her and bring her home. They resolve their differences. The sister is sorry she lied and she is so impacted by the nurses at the hospital that she decides to become a nurse. This is the basis for a sequel about her and her love interest which is very similar to Lietha ward’s book, Seth & Priscilla.	11	https://goodreads.com/topic/show/22860445-solved-adult-romance-young-woman-s-dad-dies-young-wealthy-employer-r-page_1	2025-06-27T00:00:00Z
22860756	2024-07-10T00:00:00Z	goodreads	Adult Thriller. Man tells a woman he wants to kill his cheating wife, she offers to help. She tells story of drifters who stayed at her parents' (professors) home. Read 2019-2003. Spoilers.	I believe I read this book sometime between 2019- 2003 and it seemed like it had been fairly recently published. I believe some part of the blurb, but definitively a plot point, was it's a girl (late teen? early 20s? ) who lives at home and her parents are professors who aren't really into parenting her and they have students/drifters who stay and she catches one looking at her as she is laying out by the pool and before he can do anything bad to her she murders him and buries him in the back in a well. Because nobody seems to notice he's missing, she seems to get away with it. She does the same with at least one other person (don't remember if it's a man or woman) and moves away but not far away because I remember at the end she's driving back to the house because her dad sells the house. Maybe the mom leaves the dad also at some point which spurs on the sale of the house, the marriage seemed kind of open with maybe him traveling and the mother ""entertaining"" the male drfters. The girl is the main character, I can't remember if it's written in first person. Thank you in advance if anyone can tell me, it's been driving my sister and I nuts!	6	https://goodreads.com/topic/show/22860756-solved-adult-thriller-man-tells-a-woman-he-wants-to-kill-his-cheating-page_1	2025-06-27T00:00:00Z
22861420	2024-07-11T00:00:00Z	goodreads	Adult Romance. Son is cop and dies, single mom and roommate develop relationship. Read at least 20 years ago. [s]	I read a book of my mother's, at least 20+ years ago. I thought the title was ""family affair"" but am not finding this book under that title. It was a single mom, with 2 kids still at home. She worked at a flowershop with sister called Absolutely Floral since AB would come first in yellow pages. Oldest son was a cop and lived with a close friend. Oldest died, and mom and roomate bonded in grief and trying to clean out his stuff. Roommate showed off his new truck, took over mowing the lawn, etc. They started a relationship, and family didnt approve, especiallythe daughter as she had a crush on him. Decided to get married, left youngest son with her ex father in law, who plotted to throw them a wedding reception. He called family members, kinda guilted them, and then let them talk to the very excited youngest son.	4	https://goodreads.com/topic/show/22861420-solved-adult-romance-son-is-cop-and-dies-single-mom-and-roommate-deve-page_1	2025-06-27T00:00:00Z
22861548	2024-07-11T00:00:00Z	goodreads	Adult Dark Fantasy series. Dark semi post apocalyptic fantasy world ruled by Sorcerers that once waged war on the ""gods"". [s]	Main character is a ""slum"" boy trained to be an assasin of sorts. First volume ends in some sort of city wide riot and a tidal wave. Second volume starts at at a cemetery like place. Writing style was somewhat simular to Glen Cook.	4	https://goodreads.com/topic/show/22861548-solved-adult-dark-fantasy-series-dark-semi-post-apocalyptic-fantasy-wo-page_1	2025-06-27T00:00:00Z
22861720	2024-07-11T00:00:00Z	goodreads	Adult Crime Detective/ Supernatural Thriller set in future Australia. Every person has their own ghost that is always present but can't be seen by others. Read around 2016-2018. [s]	This is a crime/supernatural thriller. A detective/supernatural book where one of the plot points is that every person has their own ghost that is always present and can be seen by no one else. Specifically, it is some other dead person, not themself. I believe the author is Australian and the story is set there, as well. I read the book around 2016-2018.	9	https://goodreads.com/topic/show/22861720-solved-adult-crime-detective-supernatural-thriller-set-in-future-austr-page_1	2025-06-27T00:00:00Z
22861841	2024-07-11T00:00:00Z	goodreads	Teen YA Thriller. Girl is adopted and children in the family start dying in weird accidents. Read 1995. Spoilers. [s]	Year read: 1995. Book published year possibly 1980s. Young woman turns up with her new born baby girl at the doorstep of another young family (couple with 3 kids). The couple take pity and offer her a place to stay for the night. The next morning they find that she has left the place but has left the baby girl behind. They love the baby girl and adopt her but it turns out that one after another the step-siblings in the family are dying. (SPOILER ALERT) The dad finally notices some wierd jealousy type behavior and infact is a first-hand witness about an incident in the park where the little girl attempts to use the wooden swing to hit the elder girls head, but the mom is not convinced. Do you know the name of this book? Thanks in advance	6	https://goodreads.com/topic/show/22861841-solved-teen-ya-thriller-girl-is-adopted-and-children-in-the-family-sta-page_1	2025-06-27T00:00:00Z
22862970	2024-07-13T00:00:00Z	goodreads	Adult Mystery novel about missing actress trapped in a movie. [s]	Paperback book I saw a couple of weeks ago in my local bookstore and didn’t buy. Synopsis is : the mysterious disappearance of an actress from the 1950s, who is later found to be trapped within the film she was making. The movie is re-released every decade with new and unexplained scenes. The narrative alternates between the 1950s and the present day, as a student investigates the film to uncover the truth.	4	https://goodreads.com/topic/show/22862970-solved-adult-mystery-novel-about-missing-actress-trapped-in-a-movie-s-page_1	2025-06-27T00:00:00Z
22863034	2024-07-13T00:00:00Z	goodreads	Adult Romcom with side character 'Art School Rachel'. [s]	Romcom with side character 'Art School Rachel' who is a career influencer who posts realistic images of her unattractive self each week to remind people that it is all fake and they all engage with her because they find her 'relatable' so she is cynical. She is the main female character's hero and friend.	3	https://goodreads.com/topic/show/22863034-solved-adult-romcom-with-side-character-art-school-rachel-s-page_1	2025-06-27T00:00:00Z
22863844	2024-07-14T00:00:00Z	goodreads	Adult Fiction. Married couple wife is seriously ill and husband is a eulogy writer. He starts looking into her more against her wishes and finds out there is a lot he doesn't know about her past. [s]	I started reading a book in January 2024, bought in December 2023 but left it on a plane. Female lead was ill and told husband not to write a eulogy on her and husband started doing it in secret at night to help him cope with emotional stress of his wifes illness. As he started to look into her he realised a lot of what he knew about his wife's past was not true.	6	https://goodreads.com/topic/show/22863844-solved-adult-fiction-married-couple-wife-is-seriously-ill-and-husband-page_1	2025-06-27T00:00:00Z
22865151	2024-07-16T00:00:00Z	goodreads	Adult Sci Fi about a depressed man who discovers other worlds/ realms. [s]	In 2023 I was watching a YouTube video about a book where two characters discover (I think 5?) different realms or worlds. The two main characters are one, a depressed man (I think he's a painter) who has nothing going on for him, and two, a gorgeous woman who never gives any man the time of day. I know that the man later on in the story finds out his father is the god of one of these realms. I believe the beginning of the story is set in England and I also believe the book came out in the 1800s. Please forgive me for having such vague memories of this book. I haven't heard anything about it since that YouTube video I watched but I remember being intrigued by the story. Also, I think the title might have some variation of the word ""dream,"" ""utopia,"" ""garden,"" or something along those lines. I appreciate any help I can get.	4	https://goodreads.com/topic/show/22865151-solved-adult-sci-fi-about-a-depressed-man-who-discovers-other-worlds-r-page_1	2025-06-27T00:00:00Z
22865247	2024-07-16T00:00:00Z	goodreads	Adult fiction about ""family"" made of misfits in England	SOLVED: It is Half Broken Things Moderators: I cannot seem to save this change--I've tried 4x. The book is Half Broken Things by Morag Joss. I also cannot add it to a Solved folder. I'm not sure if I'm doing something wrong--site seems a bit glitchy today. Thank you! I read this in the early oughts or possibly after 2012. I thought Margot Livesy wrote it but I can't find it anywhere under her name. It's about a middle aged woman who house-sits. She's very lonely. While she is watching the home of a well-to-do family, she places an ad in the local paper stating she is seeking her son, born out of wedlock. She doesn't really have a son tho. A local young man sees the ad and since he is adopted, he thinks she might be his birth mother. then there is a teen girl who is pregnant (dad is not in the picture). They all move into the house and start ordering food and other things using the rich people's accounts. The young man is a thief and (I think) would-be actor. When money runs low, he steals some religious figurines to sell. As you might guess, this novel doesn't end well. Thanks very much!	2	https://goodreads.com/topic/show/22865247-solved-adult-fiction-about-family-made-of-misfits-in-england-page_1	2025-06-27T00:00:00Z
22865670	2024-07-17T00:00:00Z	goodreads	Sleazy historical / action-adventure: Red Baron on mission to rescue the Romanovs. Spoilers ahead. [s]	Back again, with yet another one. Age group: adult Genre: historical / action-adventure Date: 1960-1990 (read it early 90s), but most likely 1970s. Origin: probably British. Standard: trashy. Plot details (so far as I can remember): Book is written from PoV of the Red Baron, Manfred von Richthofen. He is shot down in early 1918 (as in reality), but survives (unlike reality), and wakes up in a British hospital. After a celebratory bonk with his nurse, he is recruited by British Intelligence to fly a large biplane bomber on a mission to Russia to rescue the Romanovs (Russian royals), held captive by the Bolsheviks. He flies to Russia via the Middle East, with nurse in tow. Various adventures ensue (don't recall what, however). I don't recall much about the plot, other than it was mainly action, and that it featured several sex scenes, including the shag with his nurse in hospital, and being partially stripped and extensively groped while sneaking through the harem of some Middle Eastern dignitary. The numerous sex scenes give the book a distinctly 1970s feel (also, the book looked somewhat aged when I got it). The writing is (from memory) of pretty low standard, though it may have been (semi-)satirical. There are some in-jokes in this book, such as encountering detectives called Thomson and Thompson. One of these refers to women as 'crumpet', making me think this is more likely to be of British origin than American (or other English-speaking country). Possible spoiler: not sure about this, but think the aircraft was destroyed by a misdirected signal flare, which set it on fire. Cover: don't recall clearly, but think it had an aviator (dressed in flying gear) in front of things apt to the book - biplane bomber, horsemen, etc. Though I am not confident about this. Progress so far: Had a look at the 'Fiction featuring the Romanov family', but did not find anything - almost all are too late (since 2000). There was one book from the 1970s with no description (something by Geoffrey Trease), but the cover identifies it as a children's novel, which my book definitely is not. There are no possibilities on 'The best Romanov books' or 'Romanov retellings' lists either. I discounted the YA / teen lists, as this is clearly not intended as a teen book (though I read it when I was a teen). I also googled Red Baron Romanov fiction, but the only suggestion was The Bloody Red Baron , by Kim Newman, but this is not it. It is far too late and features vampires, which this book does not. As always, thanks to all who make suggestions.	7	https://goodreads.com/topic/show/22865670-solved-sleazy-historical-action-adventure-red-baron-on-mission-to-r-page_1	2025-06-27T00:00:00Z
22866291	2024-07-18T00:00:00Z	goodreads	Fiction. A teen has a Dad dying of cancer and hosts all of the Dad's old friends for the weekend. [s]	Read about 8-10 years ago. Dad has some kind of bowel or colon cancer and is very grumpy/mean. Old friends staying/visiting for the weekend are quite uncomfortable about the situation the whole time. The teens name is Kit and helps to look after him. He gets close to one of the women staying and ends up kissing her. English. Set in America.	3	https://goodreads.com/topic/show/22866291-solved-fiction-a-teen-has-a-dad-dying-of-cancer-and-hosts-all-of-the-d-page_1	2025-06-27T00:00:00Z
22866766	2024-07-18T00:00:00Z	goodreads	Adult British workplace Romcom with a meet cute on the train that involves a flying squirrel in the metro newspaper! [s]	I think was released possibly early 2000's. I thought I had read it via iBooks but I have scoured my library to no avail! What I remember of the story - Girl & guy meet on a busy commuter train (possibly in London?) as the share a laugh over a news article in the metro newspaper relating to a flying squirrel that can ski I think?. They then discover they work at the same place. I believe he's new and she already works there and he's potentially her boss / senior. I think is possibly a newspaper or magazine business. They have obvious chemistry but I think he's come out of a relationship that started at work and ended badly so has vowed to never do it again... but of course they have chemistry and fall for eachother in classic workplace friends to lovers fashion with of course the odd obstacle in the way. I remember the female character lived with her dad and was somewhat of a carer for him. Can't remember his specific condition but do remember he wore a helmet most of the time as he was prone to fainting or falling maybe? That's about as much as I can remember but it's driven me mad on and off over the last few years... so much so that it's led me to create a Reddit account specifically for this lol so thank you in advance for any help anyone can offer!!	4	https://goodreads.com/topic/show/22866766-solved-adult-british-workplace-romcom-with-a-meet-cute-on-the-train-tha-page_1	2025-06-27T00:00:00Z
22867129	2024-07-19T00:00:00Z	goodreads	Adult Historical Romance about widow who posts ad for new husband. [s]	My mom is trying to find a book she read probably 20 years ago, about a widow with small children on a farm who posts an ad for a new husband and the man who responds to the ad is fresh out of jail/prison. Book might be set in the 1800's (whenever people trusted ads to find spouses). We think it was called Bittersweet, however so many books share that title and we can't find the one we're looking for so we're hoping to find the author's name.	5	https://goodreads.com/topic/show/22867129-solved-adult-historical-romance-about-widow-who-posts-ad-for-new-husban-page_1	2025-06-27T00:00:00Z
22868111	2024-07-20T00:00:00Z	goodreads	NA Romance. Teenage girl refuses to speak fell in love with her brother’s friend who is a musician. [s]	Hi! I’ve read several years ago a YA book about a girl who can speak but refuses to do it and doesn’t go outside. One day, she meets her brother’s friend and they discuss about books (he talks, she writes). He is a musician who becomes famous and goes on tour, leaving her. They continue to discuss about books through letters, but one day, he write to her that he has a girlfriend and she stops writing to him. Months or years later, he comes back to see his brother and her. They admit they’re in love with each other and they have a HEA. Thank you for helping me, I remember lots of things about the story but I forgot the title and I can’t find it in my Goodreads shelves.	6	https://goodreads.com/topic/show/22868111-solved-na-romance-teenage-girl-refuses-to-speak-fell-in-love-with-her-page_1	2025-06-27T00:00:00Z
22868734	2024-07-21T00:00:00Z	goodreads	Adult Fantasy portal story with a college (?) student (F) who ends up in Fairy and falls in love with a cranky, much older magician.	I read this fantasy novel within the last 10 years. I think it was the start of a series, but not entirely sure. There was a college woman who was in a car accident or her car broke down, she walked into the woods and ended up in Fairy (I think). She was set to marry the prince (not entirely of her own will), who was horrible, and escaped out of Fairy and ended up with a cranky old magician. Some quest that I can't remember. It involved a wooden flying contraption that barely worked. There was a library where the books were alive? Or the characters popped out of the books? There was a legendary female magician - sort of like Cadsuane from Wheel of time. A jaguar or leopard, maybe? At the end, young woman realizes she loves the cranky wizard. Maybe he reciprocates, but probably not. Any ideas?	2	https://goodreads.com/topic/show/22868734-solved-adult-fantasy-portal-story-with-a-college-student-f-who-en-page_1	2025-06-27T00:00:00Z
22868899	2024-07-21T00:00:00Z	goodreads	Adult Contemporary Romance. Athlete Amnesia thinks he's married to his high school Sweetheart. [s]	Hello :)! I am looking for a contemporary Romance that I read in end 2023. It's probably a little bit older than that and set in present times. The MC is a football player (not 100% sure though) that gets amnesia after a head injury. He subsequently thinks he's married to his high school sweetheart whom he hadn't seen in 10 years. The FMC (the said girl) thought the MC would propose at the end of high school, but due to pressure from his father, he ends up breaking up with so that she won't hold him back. The parents of the MC call the FMC and she agrees to play pretend for a while. The MC thinks his ""wife"" is mad at him and he tries to win her back. That's more or less what I remember. Thank you all in advance :)!	4	https://goodreads.com/topic/show/22868899-solved-adult-contemporary-romance-athlete-amnesia-thinks-he-s-married-page_1	2025-06-27T00:00:00Z
22868913	2024-07-21T00:00:00Z	goodreads	Adult Romance about two girls who fake date at ex’s wedding	I just saw this book and then lost it. All I remember is that there’s a girl who works at a bookstore, and her old crush comes into town. The old crush’s life is falling apart so she’s forced to come back and work for her mum ? (I think) and she doesn’t want to go alone to her ex’s wedding so she grabs the nearest person (which happens to be the girl) and says she’s dating her.	2	https://goodreads.com/topic/show/22868913-solved-adult-romance-about-two-girls-who-fake-date-at-ex-s-wedding-page_1	2025-06-27T00:00:00Z
22869490	2024-07-22T00:00:00Z	goodreads	Adult Thriller. Read 2023. Officer Cort of the US Marshals Protection Service is assigned to protect a family of 3, his ""Principals"" (man, woman and daughter). They are being hunted by an ""Extractor” (Frank?). [s]	Thriller - Read 2023 - Officer Cort of the US Marshals Protection Service is assigned to protect a family of 3, his ""Principals"" (man, woman and daughter). They are being hunted by an ""Extractor"", an evil super-villain type who extracts information from targets by torture (sandpaper and alcohol to the feet). I think this villain was named Frank. The book uses great jargon and lingo from the Protection Services agency, like Cort insisting he is not an ""agent"", and his ""Principals"" are the people he protects, and an ""Extractor"" differs from an ""Assassin"" by the nature of their task. The Extractor nearly always finds them, including when the girl is shipped off to stay at a remote friend's house because she goes next door and uses the neighbor's computer to post on Social Media. As I recall, the climax occurs in a prison where the Princpals are under protective custody. It was an awesome book and I want to read it again, and others from the same author/series! Thanks Matt	4	https://goodreads.com/topic/show/22869490-solved-adult-thriller-read-2023-officer-cort-of-the-us-marshals-prote-page_1	2025-06-27T00:00:00Z
22869762	2024-07-22T00:00:00Z	goodreads	Adult fiction. One of the lines is that the protagonist's husband washes used condoms and reuses them. Read 2002-2009. Spoiler. [s]	I read the book between 2002 and 2009. It is set in the UK. Main points of the book: There are 2 Female protagonist. 1 is definitely a lawyer who has had to represent the other female protagonist who I think is a journalist out of a sticky situation. The journalist and her husband live a very flashy life in the city. She wants a baby and they move to a village but once she gives birth, gets bored and leaves the husband to raise the baby. I think they name the baby Theo or Hugo. The lawyer meets a charismatic man at a wedding and sleeps with him. She finds out she is pregnant. Both couples live in the same village. The journalist's husband and the lawyer bond over childcare and start falling for each other. The journalist's husband serves the lawyer pasta where the sauce is baby food. The lawyer also finds out that her husband is gay and that she got pregnant because he washes the condoms after use as he is very environmentally concious. The journalist remarries a hollywood producer. HELP!!!	3	https://goodreads.com/topic/show/22869762-solved-adult-fiction-one-of-the-lines-is-that-the-protagonist-s-husban-page_1	2025-06-27T00:00:00Z
22869990	2024-07-22T00:00:00Z	goodreads	Adult Contemporary Western Romance: Ugly Cowboy and an adopted woman who knows her birth mother. Read in early 2000s.	Genre: Western Contemporary, Contemporary Romance, Contemporary Cowboy Romance Plot: A women (I believe was a writer or a reporter) went to a rural town to shadow a female farmer/rancher (cannot remember which). The woman, I do believe, went by the name of Maggie. While she is there she meets a man in public (cafe/restaurant/store). He is ugly in her opinion, his skin weathered and his face plain. Later she finds that he is helping Maggie on her farm. At some point she either falls or gets thrown by a horse and ends up in a pond or a lake. He pulls her out and saves her from hypothermia. The rest is murky but I *think* there might be a secret baby plot. I stole it from my mother- I read it in the 00s, but I think it is possible that it was written from 70s-90s. Though it *may* be from the early 00s.	2	https://goodreads.com/topic/show/22869990-solved-adult-contemporary-western-romance-ugly-cowboy-and-an-adopted-w-page_1	2025-06-27T00:00:00Z
22870424	2024-07-23T00:00:00Z	goodreads	Adult Fiction - An academic is supposed to present a paper at a convention but puts off writing it until he is out of time and contemplates plagiarism and murder. Read in 2017. Spoiler. [s]	Fiction - An academic is supposed to present a paper at a convention, but he hadn't written it yet. He keeps procrastinating until he is out of time, and eventually decides to present a peer's work as his own. But then that peer turns up at the convention unexpectedly, and to save face the protagonist plans to murder him, but he doesn't go through with it in the end. I read the book in 2017, the copy I had was in English but I think it had been translated from German.	4	https://goodreads.com/topic/show/22870424-solved-adult-fiction---an-academic-is-supposed-to-present-a-paper-at-a-page_1	2025-06-27T00:00:00Z
22871271	2024-07-24T00:00:00Z	goodreads	Adult Paranormal Romance. About a ""witch"" who travels into the future. [s]	I read this book when I was about 15-16, so it was published around 2000. I bought the book from Weis Markets, in their book section. I thought it was written by Maggie Shayne and had the word Twilight in the title but I cannot seem to find it. What I can remember is that a ""witch"" somehow time travels from her time into present day (2000). The man in the book works with computers/tech and had a partner who took the tech and disappeared. You discovered what happened to him in the book. I think there was a HEA for the MFC and MMC. If I can think of anything else I will edit and add it.	4	https://goodreads.com/topic/show/22871271-solved-adult-paranormal-romance-about-a-witch-who-travels-into-the-f-page_1	2025-06-27T00:00:00Z
22871838	2024-07-25T00:00:00Z	goodreads	Adult Romance Motorcycle Club series. Female character in one books dies when saving her boyfriends (and member of the clubs) son from his ex/sons mother. Club president also dies when saving the son. The president is also the male characters dad.	Hi I read a motorcycle club book series last year (2023) and I stupidly forgot to note them down on my Goodreads profile,I have searched in every way I can think on Google and I cannot find the names of them. Any help would be really appreciated. It’s driving me crazy. Book 1 of the series the female main character gets dared to go to the local motorcycle club by her friends and the male main character follows her back to her friends and threatens them all. Can’t remember much else about the plot but I do know that the female main character owns a strip club that she inherited off her uncle. I think at the end someone gets shot in the strip club when a family member tries to take back the club from her. In another book the motorcycle club is tasked to look after the daughter of I think a senitor/someone powerful and the male character ends up looking after her at her apartment and falling for her. He is messed up about relationships though as he had an ex that died and he blamed himself. Another book in the series is the female main character is the best friend of the female main character in book one and ends up babysitting for the male main characters son. They fall for each other but his ex kidnaps the fmc and his son. She escaped (after horrible things happen to her). The club find the ex with another motorcycle club and when saving the son the female gets shot saving the boy and so does the club president (who is also the male main characters dad) and they both die. The male character ends up leaving town with his son and a woman from the club that had an emotional relationship with the president and has been his friend for a long time. They fall in love and move back to the club together. There is a scene in the book where the dead dad/president and girlfriend that died are watching from heaven over the couple. Thank you	4	https://goodreads.com/topic/show/22871838-solved-adult-romance-motorcycle-club-series-female-character-in-one-bo-page_1	2025-06-27T00:00:00Z
22871850	2024-07-25T00:00:00Z	goodreads	Adult Romance book duet. Female main character passes out in club the male character owns with his brother. She has a fear of leaving the house due to being in the 9/11 attack. He ends up being in the 2015 Paris terror attacks later in the book.	Hi. I read the 1st book in this duet last year (2023). Female main character is scared to leave her house she has a fear of leaving and it turns out later in the book it was because she was stuck in a train cart when the 9/11 attacks took place. At the beginning of the book her sister/stepsister talks her into leaving for a club and she takes a pill to call her down and ends up passing out in the club which is owned by the male character. Male character takes her home to her apartment. Male character and his brother own the club, they took it over after their father was sent to prison after being investigated by the FBI for I think drugs and are cleaning up its act. Later in the book the male character flys to Paris for a wedding (I think his friends) and ends up being in the club when the 2015 Paris terror attacks took place. He and his friends survive but one is badly wounded. The next book is about the other brother and the female character is an undercover FBI agent that was working the club case when his father was the owner, she got close to the male character but disappeared, I didn’t get to read that one.	2	https://goodreads.com/topic/show/22871850-solved-adult-romance-book-duet-female-main-character-passes-out-in-clu-page_1	2025-06-27T00:00:00Z
22871859	2024-07-25T00:00:00Z	goodreads	Adult Thriller. Father & child locked in basement by an intruder.	I read this approx within last 5/10 years. 2014+ I believe it was based in uk but could also be USA. The book starts off around their family life, wife travels for work. I seem to recall there was some friction in the marriage. It’s based in modern times.	2	https://goodreads.com/topic/show/22871859-solved-adult-thriller-father-child-locked-in-basement-by-an-intruder-page_1	2025-06-27T00:00:00Z
22872089	2024-07-25T00:00:00Z	goodreads	Adult Romance. Woman with bright pink/ red hair wins lottery and restores an old theater. Read 2012-2016. [s]	I believe her name was Skye and she has a young daughter named Toni. Steamy romance with a bartender. Second book in the series is her more strait laced sister falling for a veterinarian.	7	https://goodreads.com/topic/show/22872089-solved-adult-romance-woman-with-bright-pink-red-hair-wins-lottery-an-page_1	2025-06-27T00:00:00Z
22872876	2024-07-26T00:00:00Z	goodreads	Adult Murder Mystery/ Suspense involving a Female FBI Agent from New Mexico. Read around 2016-2017.	Trackable link Blood of Like Souls by Val Conrad .	1	https://goodreads.com/topic/show/22872876-solved-adult-murder-mystery-suspense-involving-a-female-fbi-agent-from-page_1	2025-06-27T00:00:00Z
22873320	2024-07-27T00:00:00Z	goodreads	Adult Romance book. The cover art was a man and woman looking for bigfoot I think? [s]	I vaguely remember the silhouette of bigfoot on the cover with the 2 people holding a flashlight. Seems newer the cover was artsy like the new romance covers today. Might be about 2 people who enjoy myths/stories and then they fall in love?	4	https://goodreads.com/topic/show/22873320-solved-adult-romance-book-the-cover-art-was-a-man-and-woman-looking-fo-page_1	2025-06-27T00:00:00Z
22873613	2024-07-27T00:00:00Z	goodreads	Adult Fantasy series. Women summoned from Earth to magical world by different factions, Marshalls, Chevaliers, and Wizards. [s]	I read this series about 15 years ago (2010 to 2012). It was not a new/recent release at the time. There are at least four books, each written from the perspective of a different woman. Each faction in the world (which has a French-inspired language) has an opportunity to summon a person to help fight an evil force plaguing their world. The first book is about Alex, who is summoned by the Marshalls. Another book is about Callie, who is summoned by the Chevaliers (they ride flying horses). Another book is about the wizard group. In the last book, a popular singer is summoned who works with the other three women to fight the evil force. Some of the native inhabitants of the world are magically attracted or repelled to women from Earth.	4	https://goodreads.com/topic/show/22873613-solved-adult-fantasy-series-women-summoned-from-earth-to-magical-world-page_1	2025-06-27T00:00:00Z
22873668	2024-07-27T00:00:00Z	goodreads	Adult Fiction Dystopian world where women can't wear clothes until they are married and are forced to be naked. [s]	I read the book around 5 years ago so 2019, and it's about a dystopian world where women can't wear clothing until they are married	6	https://goodreads.com/topic/show/22873668-solved-adult-fiction-dystopian-world-where-women-can-t-wear-clothes-unt-page_1	2025-06-27T00:00:00Z
22873787	2024-07-28T00:00:00Z	goodreads	Adult Horror book. Town of cultists? Read many years ago. Ends with... Spoiler. [s]	There is a book I read many years ago. I dont remember many details, but i remember that it was about a town of cultists, maybe. At the end, most of the people of the town mutate together into a blob of flesh with many mouths, and it sings a sort of psychic song that draws animals in to eat.	6	https://goodreads.com/topic/show/22873787-solved-adult-horror-book-town-of-cultists-read-many-years-ago-ends-w-page_1	2025-06-27T00:00:00Z
22874361	2024-07-28T00:00:00Z	goodreads	Adult Mystery/ Thriller where the male lead is kidnapped and female antagonist drives nails into his chest in the shape of a heart. Probably read between 2010-2017. [s]	It was an adult book, the MMC might have been a detective. ChatGPT suggested The Girl Next Door by Jack Ketchum but I'm fairly certain that's not it.	4	https://goodreads.com/topic/show/22874361-solved-adult-mystery-thriller-where-the-male-lead-is-kidnapped-and-fem-page_1	2025-06-27T00:00:00Z
22874752	2024-07-29T00:00:00Z	goodreads	Adult Romance between Australian teacher on holiday and Scottish hunk. [s]	An Australian teacher goes on holiday to Scotland and falls for Scottish hunky artist(?). If I recall, she is overweight. I also think her principal asked her out at some point. In line with Talia Hibbert's Brown Sisters books, as far as steaminess.	3	https://goodreads.com/topic/show/22874752-solved-adult-romance-between-australian-teacher-on-holiday-and-scottish-page_1	2025-06-27T00:00:00Z
22875949	2024-07-30T00:00:00Z	goodreads	Adult Fantasy book with a female lead and a junkyard god/ diety. Possibly a romance? [s]	I have been searching this book for so long! These are the details I remember, but have no idea on what the cover looked like? •god/angels living among the city •male love interest is “cursed” with always leaving/never being able to settle •female protagonist •tree is in middle of city… has significance (the rich/royalty live in it (?) not sure on that) •a scene of book in female protagonist saves/befriends the god/diety that lives in junkyard •ending is the female and male get together BUT he ends up having to leave her while she is in the bathtub in “their” house •swords timeframe… not modern. •read between 2010-2015, so could be published around there! Not sure if it was a new publish when I read it so I would say 2005-2015	4	https://goodreads.com/topic/show/22875949-solved-adult-fantasy-book-with-a-female-lead-and-a-junkyard-god-diety-page_1	2025-06-27T00:00:00Z
22877608	2024-08-01T00:00:00Z	goodreads	Adult Horror/ Thriller. College kids rent cabin and are murdered. Published 2019-2024. Spoiler. [s]	Published in the last 5 years. Theme of women surviving. Parallel plot lines of other women in similar circumstance. At the end they realize it’s a trap created on an island by a millionaire.	4	https://goodreads.com/topic/show/22877608-solved-adult-horror-thriller-college-kids-rent-cabin-and-are-murdered-page_1	2025-06-27T00:00:00Z
22877870	2024-08-01T00:00:00Z	goodreads	Adult Historical Romance. Josephine’s? father was framed for smuggling? And she was determined to prove his innocence with her pet ferret. Read around 2008-2014. [s]	Josephine was once Lazarus right hand girl as a child when he bought her after her mother died. When her father came back from his travels he bought her back from Lazarus. She helped him run his business until he was arrested. She was determined to prove him innocent and sets out to get evidence to help prove it with her pet ferret the first man she pick pockets she ends up falling in love with and eventually finds out it was her fathers best friend who was smuggling?.	5	https://goodreads.com/topic/show/22877870-solved-adult-historical-romance-josephine-s-father-was-framed-for-smu-page_1	2025-06-27T00:00:00Z
22878455	2024-08-02T00:00:00Z	goodreads	YA/Adult Fantasy. A woman from Faerie comes to Earth in the 1980s and starts a rock band. Read in 1988. [s]	The genre is YA Fantasy. A woman from Faerie comes to 1980s Earth. I think her name might have been Krista, but I’m not sure. She has long, red hair and speaks with an Irish accent. She speaks Irish Gaelic sometimes in the book. She is an accomplished musician and plays the harp. When she comes to Earth, she lands in an urban American city, maybe someplace in California. She meets some musicians and decides to start a rock band. She learns to play the electric guitar. There is some Irish mythology mentioned in the book. Maybe something about the Seelie Court or how time passes differently in Faerie compared to Earth. There is a racist scene in the book that shocked me. A white, male musician decides to have sex with a black woman (who may have been a band member). But when he is having sex with her, he calls her the N word. The black woman is devastated by this. This scene really struck me at the time. In one scene, they go into detail about the various different band instruments—the guitars, the drums, keyboards, and synthesizers. It had a very heavy 1980s vibe and was probably published in the 80s. I read it in 1988. The Cover looked like a typical Fantasy cover. It had a woman with long, red hair standing. She may have held a harp or guitar in her hands. There was a Faerie setting in the background.	6	https://goodreads.com/topic/show/22878455-solved-ya-adult-fantasy-a-woman-from-faerie-comes-to-earth-in-the-1980-page_1	2025-06-27T00:00:00Z
22878949	2024-08-03T00:00:00Z	goodreads	Adult Scifi series. Man (ex-military) hired to capture creature on another planet. Read 2010-2020.	This part of a 3-4 book series. Read last in 2010-2020. Hunter is former military. Uses tank in hunt. Creature is huge and nearly indestructable. Meets local woman who helps him. Spoiler: creature is telepathic and sentient.	2	https://goodreads.com/topic/show/22878949-solved-adult-scifi-series-man-ex-military-hired-to-capture-creature-page_1	2025-06-27T00:00:00Z
22879210	2024-08-03T00:00:00Z	goodreads	Romance book that used to be in the Chapters game app. Spoilers.	A girl moves into an apartment. She has had a boyfriend for a while and her friends don’t like him and she’s thinking she should dump him. She meets an attractive neighbor who happens to be a popular ‘playboy’ and they hook up (its her first time). Her friends are obsessed with this guy but she doesn’t tell them she is now seeing him. They secretly date/hook up for a while because she doesn’t want to tell anyone before she breaks up with her terrible boyfriend. She doesn’t have family support because her mom is insanely horrible to her and her dad is a coward. She goes on a family trip or work trip or something with her two friends and finds out that her boyfriend is hooking up with her sister and dumps him. Main guy is there with his friends and when this girls now ex boyfriend abuses her he comes to her aid and her friends find out they’ve been dating the whole time. Everything is now out in the open, they fall in love even more. He tells her his high society family has promised him to a stranger since birth and he doesn’t know how to get out of it. He plans to stay with her anyways but they have to be smart about it. She finds out her mom isn’t really her mom through a newfound brother which is why she never loved her and her brother brings her home to (Italy?) to meet her real mom. She is also promised to someone in marriage. They find out eventually that they’re each promised to each other but don’t want to go along with family’s wishes so they go away together in secret….. I know the entire plot haha but I have no clue about the author, any of the character names or the title of the story and I don’t believe it’s on the chapters app anymore. If anyone can help i want to try and find the actual book and read it!! Thank you!	4	https://goodreads.com/topic/show/22879210-solved-romance-book-that-used-to-be-in-the-chapters-game-app-spoilers-page_1	2025-06-27T00:00:00Z
22879379	2024-08-03T00:00:00Z	goodreads	Adult Thriller. Woman dates rich man, she renovates his boat, confrontation in rich man’s greenhouse with another woman who is killed, she is buried in greenhouse, and couple’s wedding takes place in there. Read last 2 years.	I remember small details about this book, but am unsure if i am confusing multiple books OR if it is indeed just one. this is driving me crazy! please help lol Setting: East coast of the US because I remember that the couple go out on the repaired boat once she is done fixing it Characters: A wealthy man, his girlfriend, possibly a third woman who is murdered Other scenes/details that I think I remember: she was told NOT to go into the greenhouse (maybe the guy had already murdered someone? I can’t remember); a kitten is somehow involved and maybe cared for in the greenhouse?	6	https://goodreads.com/topic/show/22879379-solved-adult-thriller-woman-dates-rich-man-she-renovates-his-boat-co-page_1	2025-06-27T00:00:00Z
22880419	2024-08-05T00:00:00Z	goodreads	Adult contemporary fiction, drama. Teenage drifter travels in trains, has mental issues, plans to shoot a senator? American male author. [s]	Hello all, I have a vague recolection of a novel from an American male author, about a teenager that is a drifter, travels in trains , it is a contemporary novel, he has mental issues and is planning or imagine a plot to shot a senator? Think? It is set in Midwest , and the think that I remembered vividly that he is obsessed with the song Today, from Smashing pumpkins. Some of the details are probably not completely correct, but I really forgot the title and most of the plot, thanks for your help	5	https://goodreads.com/topic/show/22880419-solved-adult-contemporary-fiction-drama-teenage-drifter-travels-in-t-page_1	2025-06-27T00:00:00Z
22880867	2024-08-05T00:00:00Z	goodreads	Adult Historical Fiction. Pregnant woman who is a prisoner on a ship. Read around 2021. Spoiler? [s]	I read this book around 2021. It was about a woman who was wrongfully convicted of a crime and she was put on a ship to the ""colonies"" in America from Europe. She was pregnant (possibly from rape?). Many people did not survive the journey, as they got sick. She befriended the doctor on board the ship. She survived the journey and survived her servant work in the colonies and then eventually gained her freedom. I think she found her baby in the end? She may have delivered the baby on the ship?	4	https://goodreads.com/topic/show/22880867-solved-adult-historical-fiction-pregnant-woman-who-is-a-prisoner-on-a-page_1	2025-06-27T00:00:00Z
22881137	2024-08-05T00:00:00Z	goodreads	Adult Romance/ Mystery - takes place at a lake house and the main character ends up drowning	the book starts with two friends going to a family lake house for the summer, and the main characters boyfriend will also be there Throughout the book you learn the best friend and boyfriend want to be together but obviously can't because of the main character Later when the boyfriend tries to break up with the girlfriend, she thinks he's actually going to propose. Somehow I think she falls off the boat and drowns. The book ends with the best friend and boyfriend ending up together anyways, even after the main character died. I read this sometime in 2021/2022, it was from the library and unfortunately I can't look back that far into my previously checked out books.	6	https://goodreads.com/topic/show/22881137-solved-adult-romance-mystery---takes-place-at-a-lake-house-and-the-mai-page_1	2025-06-27T00:00:00Z
22881936	2024-08-06T00:00:00Z	goodreads	Adult Thriller. Starts with a farmer finding a girl's body in farm, then girl is looking down at her own body. [s]	There is a sneak peek in the end of ‘everyone here is lying’ and I can’t remember that name of it. Thriller starts with a farmer finding a body of a girl in farm and then girl is looking down at her own body I thought it was called what did you do but can’t find it Anyone know the name	4	https://goodreads.com/topic/show/22881936-solved-adult-thriller-starts-with-a-farmer-finding-a-girl-s-body-in-fa-page_1	2025-06-27T00:00:00Z
22881993	2024-08-06T00:00:00Z	goodreads	Fantasy series from the 90s. There's a magic user girl named Responsible. Book of the Month Club compiled the series into a hardcover with a girl riding a donkey through sunset clouds. [s]	A fantasy series where a girl is always named Responsible or Responsibility. She rules as a magic user and has a talking donkey who when he flies, doesn't move his legs. He says flying horses use their legs when flying but it's not necessary so he refuses to make the effort. She thinks it looks silly but the donkey is going to do as he pleases	3	https://goodreads.com/topic/show/22881993-solved-fantasy-series-from-the-90s-there-s-a-magic-user-girl-named-res-page_1	2025-06-27T00:00:00Z
22883438	2024-08-07T00:00:00Z	goodreads	Adult Historical Fiction, around Great Depression. Family of fisherman (clams & mussels) in British coastal town. Stubborn patriarch injures his back in accident. Daughter Pam gets pregnant by his rival's son. Spoiler.	read it years ago.. book is set in British coastal town i believe during or after great depression.. its about a family whose patriarch earns living by fishing clams and mussels .. he is stubborn and gets injured in an accident damaging his back.. his one daughter pam gets pregnant with the child of his rival's son and throws her out.. other character names i can remember is arthur who is cockney one daughter name is connie or constance i think .. father gets better in the end and reconciles	7	https://goodreads.com/topic/show/22883438-solved-adult-historical-fiction-around-great-depression-family-of-fis-page_1	2025-06-27T00:00:00Z
22883442	2024-08-07T00:00:00Z	goodreads	Adult fiction book about Anne Frank. [s]	I never read the book but I'm trying to find a book that was a work of fiction. I do remember the story was about about someone who in the present day had Anne Frank living in their house (?) / attic. Unfortunately that is all the info I have on it. I don't remember specifically when the book came out but I'd say sometime in the 2010's to be safe.	4	https://goodreads.com/topic/show/22883442-solved-adult-fiction-book-about-anne-frank-s-page_1	2025-06-27T00:00:00Z
22883798	2024-08-07T00:00:00Z	goodreads	Adult Historical Romance between a duke and his managing friend published 2010-2024	In between friends-to-lovers and enemies-to-lovers (think verbal sparring). The duke (MMC) makes a list of potential brides and has his friend (FMC) help choose between them because he trusts her judgement and intellect. They are possibly at a house party at the duke's house? They are alone together in a room and the duke chooses to kiss her knowing they will get caught. They are forced to marry and go through with it... (I can't remember the rest) Other random facts I might remember: - the duke chokes on a strawberry and his servant gives him sass - the FMC has pale blond hair so the duke calls her Sigrid or something like that - there's a scene (possibly in the opening) where the duke goes to the FMC's house to take tea and visit her	1	https://goodreads.com/topic/show/22883798-solved-adult-historical-romance-between-a-duke-and-his-managing-friend-page_1	2025-06-27T00:00:00Z
22884141	2024-08-08T00:00:00Z	goodreads	Adult Erotic Romance series. Group of men raised in Russia at an assassins school all trying to dismantle the people that abused them when they are adults. [s]	One of the men in the group marries a financial advisor to save her from a man trying to kill her for her money.	7	https://goodreads.com/topic/show/22884141-solved-adult-erotic-romance-series-group-of-men-raised-in-russia-at-an-page_1	2025-06-27T00:00:00Z
22884272	2024-08-08T00:00:00Z	goodreads	Adult Romance. A single mum with about 4 or 5 kids meets a military or navy man on the beach. [s]	Worth the Fall by Claudia Connor ?	4	https://goodreads.com/topic/show/22884272-solved-adult-romance-a-single-mum-with-about-4-or-5-kids-meets-a-milit-page_1	2025-06-27T00:00:00Z
22885210	2024-08-08T00:00:00Z	goodreads	Adult Fiction set in Hollywood. Daughter of Former Child Star. Read in 1990's. [s]	This is driving me crazy. I read this book in the early to mid 1990's but I think it was the readers digest version and might have been published in the 70's-80's. I spent a summer at my aunt's house as a young teen and was absolutely desperate for reading material. The main character is the daughter of a former child star named Bunny Something, it is set in Hollywood and is mainly about the daughter trying to take care of both of them as the mother is neglectful and never quite grew up. A major plot point is the daughter learning jewelry design and then starting a scam where she designs pieces using her mother's jewels and then swapping out the actual gems for fakes when they are bought. I have a vague memory of there being a romance sideplot with an Englishman? And something about the mother having a career comeback? I think there's an epilogue set in the future where the daughter is happily married and living in England? I have looked in every search engine I can find but using the terms child star and bunny always throw it off and I can't remember anything else specific enough to narrow it down. Thanks for the help!	3	https://goodreads.com/topic/show/22885210-solved-adult-fiction-set-in-hollywood-daughter-of-former-child-star-r-page_1	2025-06-27T00:00:00Z
22885219	2024-08-08T00:00:00Z	goodreads	Adult Suspense/ Thriller. Woman works in the courts-either as a reporter or an artist. She has the ability to see the evil inside of people. The color of the book cover is blue. [s]	Adult Suspense/Thriller book I saw on book talk recently so the book is not very old. Woman works in the courts-either as a reporter or an artist. She can psychically/mysteriously see the evil inside of people. The color of the book is blue. I think the word ""hide"" is in the title. I don't know much more than that.	3	https://goodreads.com/topic/show/22885219-solved-adult-suspense-thriller-woman-works-in-the-courts-either-as-a-page_1	2025-06-27T00:00:00Z
22885232	2024-08-08T00:00:00Z	goodreads	Adult Fiction Mystery Thriller. Woman's child is abducted for experiments and taken to Belize. Female author. Read 1980s/early 1990s. Spoiler. [s]	American paperback read in 80s or early 90s. Believe female author. Plot: woman runs a new age business attached to her home. Her mother is psychic, maybe referred to as gypsy or witch, and lives with her or nearby. Woman's son is kidnapped and taken to Belize for experiments of some kind. There's a tiny black lizard bead from necklace or bracelet that's a clue. Woman, grandmother, and a man (father??) go after son. Much discussion in book about the lizard and tarpon/bone fish. The grandmother foresees her death as 'I will feed the fishes' and is eaten by sharks near end of the book. Boy is rescued if I recall correctly.	3	https://goodreads.com/topic/show/22885232-solved-adult-fiction-mystery-thriller-woman-s-child-is-abducted-for-ex-page_1	2025-06-27T00:00:00Z
22885859	2024-08-09T00:00:00Z	goodreads	Adult Historical/ Literary Fiction: Man returns to hometown and marries childhood best friend with intellectual disability. He cheats on her. Possibly Eastern Europe before or after WWII. Read 2008-2009.	I remember reading a book between 2008-2009 about a man who comes back to his hometown and marries his childhood best friend who has an intellectual disability. He cheats on her multiple times while professing his love for her. Her mother deeply opposes the marriage. I think the book was at least 5-10 years old when I read it? The characters may have been Jewish or Eastern European.	9	https://goodreads.com/topic/show/22885859-solved-adult-historical-literary-fiction-man-returns-to-hometown-and-page_1	2025-06-27T00:00:00Z
22885946	2024-08-09T00:00:00Z	goodreads	Adult Sci Fi colonization series with years in titles. [s]	A group of Earth people find and colonize another planet. The books are about the trials and tribulations of the colonization. There are about four books in the series. There is a year in the title; something like America 2060. I read them in the late 1960s or early 1970s. Driving me nuts that I can't remember the book titles. Would love to revisit them. ~Paulette	4	https://goodreads.com/topic/show/22885946-solved-adult-sci-fi-colonization-series-with-years-in-titles-s-page_1	2025-06-27T00:00:00Z
22886024	2024-08-10T00:00:00Z	goodreads	Adult novel about an Arab or Arabs. Title: ""The [Good] Arab""? Perhaps philosophical and political. Published 1999 or earlier. [s]	I'm looking for the name of a book that was written in 1999 or sometime before. A friend gave it to me. It was a small paperback, but not necessarily thin. I think it was a novel, but all I remember is I think that the title was ""The Arab"". I thought it was called ""The Good Arab."" If it helps, my friend was from Israel, living in the U.S. and the book was in English, though possibly a translation or an original. Thanks. Sorry I don't know more.	9	https://goodreads.com/topic/show/22886024-solved-adult-novel-about-an-arab-or-arabs-title-the-good-arab-pe-page_1	2025-06-27T00:00:00Z
22886264	2024-08-10T00:00:00Z	goodreads	Epic Adventure fiction maybe Fantasy? Adult Female mc orphan? Trained as prostitute/ spy/assassin. Set in ancient china or similar. Friends with emperor's (Son of Heaven?) sister? [s]	I read this book/s i think 4 to 10 years ago. It was quite epic. The mc was trained in all sorts of things to help be spy & assassin. I specifically remember something she used to jam in cracks to help climb walls. To the public she was prostitute, a highly trained and highly sort after one. Grew up as orphan or similar where they were all trained to help with the assassin & spy thing. I think she got into the Emperor's palace and became friends with his sister. I dont specifically remember much magic except MAYBE something to do with music or sound. It would be odd if there was no magic though, because thats pretty much all i read (Fantasy/SciFi) I dearly want to read this again. I hope someone can help. TIA	5	https://goodreads.com/topic/show/22886264-solved-epic-adventure-fiction-maybe-fantasy-adult-female-mc-orphan-tr-page_1	2025-06-27T00:00:00Z
22886316	2024-08-10T00:00:00Z	goodreads	Adult fiction. Short Story collection. 1980s. American. All stories theme is teddy bears. Definitely NOT kids book.	Borrowed from library. Book had several stories but all included teddy bears prominently in them. One of the stories involved the Royal family with Diana trying to protect Sarah Ferguson from her fate. Written long before Diana had died, obviously. I believe most of the stories were mystery or thriller type but a couple bordered on horror.	3	https://goodreads.com/topic/show/22886316-solved-adult-fiction-short-story-collection-1980s-american-all-stor-page_1	2025-06-27T00:00:00Z
22887128	2024-08-11T00:00:00Z	goodreads	Adult Crime novel read about 5 years ago. Retired hit man looks for boy who killed his daughter by throwing a rock in her car while she as driving. Forms new family type relationships with a group of misfits. [s]	Looking for title and/or author	6	https://goodreads.com/topic/show/22887128-solved-adult-crime-novel-read-about-5-years-ago-retired-hit-man-looks-page_1	2025-06-27T00:00:00Z
22887315	2024-08-11T00:00:00Z	goodreads	Adult Supernatural/ Romance (series) about a man who is some sort of supernatural and opens a bar/ club in a boring town. Club name has a distinctive name. Falls in love with human woman. Read around 2014? [s]	I read this series of books years ago so i only remember vague parts of it. Its driving me mad! Maybe read it around 2014 but i dont know when it was published. Dont remember the name of the book or the author. I remember at the beginning, this young woman is walking through woods in her town. She runs into this guy and they instantly have a connection/attraction. Later she goes to a new club that has opened in her town with a friend. The town is usually really boring so it's a big deal. When she walks in the club she looks up a long set of stairs and sees the same guy who she saw in the woods. Turns out he is the owner of the club. At some point the owner of the club offers her a job. She starts working in the upstairs VIP section where all the supernaturals hang out. She waits tables. Downstairs is where humans are allowed. The supernaturals never really go downstairs with the humans The owner of the club and the waitress fall in love. They is jealousy of an of an old lover of the club owner who is at the club, not sure if she lives there? The woman moves into the club and they start living together. At some point she gets kidnapped in one of the books. In the end they have twin babies i think. Thanks i hope it's enough!	5	https://goodreads.com/topic/show/22887315-solved-adult-supernatural-romance-series-about-a-man-who-is-some-sor-page_1	2025-06-27T00:00:00Z
22887323	2024-08-11T00:00:00Z	goodreads	Adult Romance. Neighbors to lovers. Male lead is Jagger King Scott? he's her childhood boyfriend's big brother. Couple meets when he drops soil on her door step.	In this book the main Male character name is Jagger King Scott. i think . he and Main FC meets when he drop soil on her door step. And he is her childhood boyfriend's big brother and he's friends with her boss.	7	https://goodreads.com/topic/show/22887323-solved-adult-romance-neighbors-to-lovers-male-lead-is-jagger-king-sco-page_1	2025-06-27T00:00:00Z
22887467	2024-08-11T00:00:00Z	goodreads	Adult Sci-fi series. Alien warriors fighting an insect-like scourge. They bring cloned bodies with them to the battle. If they’re fatally wounded their partner can grab and hold their essence to place in the new body. [s]	Sci-fi series w/alien warriors protecting vulnerable planets against insect-like opponents. The warriors are psychic, finding and training women who show signs of being psychically compatible to act as their partner/soul catchers. When they fight they bring cloned bodies of themselves, so if they’re too badly wounded their female partner can psychically hold their essence long enough to place it in the new body, leaving the other body behind. They are physically beautiful, but they have a hideous yet effective battle form. Names Chaos, Legion… Some romantic pairing.	10	https://goodreads.com/topic/show/22887467-solved-adult-sci-fi-series-alien-warriors-fighting-an-insect-like-scou-page_1	2025-06-27T00:00:00Z
22888141	2024-08-12T00:00:00Z	goodreads	Adult Romance - The male character has diabetes.	I'm looking for a book where the main couple are neighbours. I think she's a big nerd and proud of it. They first meet when he goes over to her place to get a Disney DVD. She thinks it's because he's trying to impress a girl but it's really because his son wants to see it and he (the male character) knows she has it. She tells him that she's not going to give it to him. Then, after a couple of hours, a small child - his child- knocks on her door and tell her that his dad is sick. She goes over to help them, take the guy to the hospital where she learns that he has diabetes.	7	https://goodreads.com/topic/show/22888141-solved-adult-romance---the-male-character-has-diabetes-page_1	2025-06-27T00:00:00Z
22888166	2024-08-12T00:00:00Z	goodreads	Adult Romance. Girl wants to be a chef but has to go to a farm to strike a deal for produce, and she finds out the farm is owned by her ex-boyfriend from college. She gets to know him again and his family, cooks for them, drinks cider... [s]	Hi! I'm looking for this romance novel I read a while back a few years ago, perhaps between 2019 to 2022. The girl is working at a fancy restaurant, but she is doing boring jobs like peeling potatoes, and not doing proper kitchen work. Her boss says that he will give her a chance if she goes to a farm they want to work with and get the deal signed. The restaurant wants the farm's produce. She heads to the farm and finds out that it is owned by her ex-boyfriend from college. She lives there for a while, and gets to know his family and falls in love again with him and starts to grow fond of his family. She makes food there, pork chops and some sort of chutney I think, she drinks cider as he's a cider maker... Her mum is also a chef too, very well-regarded. There might have been something about spiked brownies too. Any help in trying to find this book would be very much appreciated, I've been trying to find it for ages. Thanks for any help you might be able to provide :)	4	https://goodreads.com/topic/show/22888166-solved-adult-romance-girl-wants-to-be-a-chef-but-has-to-go-to-a-farm-t-page_1	2025-06-27T00:00:00Z
22888207	2024-08-12T00:00:00Z	goodreads	Adult Contemporary fiction book that I read sometime between 2015-2018. It was a paperback when I bought it. I think it had a blue cover with flowers & a ""handwritten"" title? Dealt with beauty standards. Spoilers in comment	I remember one of the characters was described as having her eyes too close together, and she was supposed to be the ""ugly"" one (didn't do too many good things for me lol). I don't remember anything happening in the plot except for maybe that this ""ugly"" character turns into a monster at the end – like within the last couple pages. It's also possible that this doesn't happen or I've remembered it wrong. As far as the plot is concerned, I don't think much happened. From my memory, it was a kind of ""no plot just vibes"" type of story. I think there might have been a ""pretty"" character and the ""ugly"" character described above. Unsure of what their roles were or what they did. It's possible it was satirical. The book was very realistic until the end. Edit: possibly takes place in New York city.	7	https://goodreads.com/topic/show/22888207-solved-adult-contemporary-fiction-book-that-i-read-sometime-between-201-page_1	2025-06-27T00:00:00Z
22888243	2024-08-12T00:00:00Z	goodreads	Adult Reverse harem Fantasy/ supernatural Romance where the female lead is being tracked/ followed by the male leads. [s]	Hi so I don't really remember many details about this book as I read it a few years ago. What I do remember Cover: the girl on the front surrounded by pink Plot: I really don't remember it well unfortunately but I think the FMC hunts monsters/creatures and she runs into one of the MMC who she then escapes from, and then him and the rest of the group follow her. The MMC may have a brother who is her partner in hunting. One of the MMCs turns into a fox/kitsune that can produce heat(?) I think once the FMC is found by the men, the reason is a misunderstanding so they help her They help her because she's gained powers or has just shifted into some animal and needs training	6	https://goodreads.com/topic/show/22888243-solved-adult-reverse-harem-fantasy-supernatural-romance-where-the-fema-page_1	2025-06-27T00:00:00Z
22888461	2024-08-13T00:00:00Z	goodreads	Historical novel. Young girl/ woman from Indian tribe in North America (hundreds of years ago), called cannibals by rival tribe. She travels alone, north to Canada. [s]	Hi. I'm trying to find the name of a novel. Googling hasn't helped so far. From what I remember (although vague) A young girl/woman from an Indian tribe in north america has a rival tribe who calls her tribe cannibals. Is set hundreds of years ago and there may be a sequal. She escapes alone and goes north to canada and is taken in by another group of people and gets very home sick and keeps traveling possibly to greenland and marries a man who may be nordic? Any idea?? Thanks!	6	https://goodreads.com/topic/show/22888461-solved-historical-novel-young-girl-woman-from-indian-tribe-in-north-a-page_1	2025-06-27T00:00:00Z
22888540	2024-08-13T00:00:00Z	goodreads	Adult Dark Romance series. The male character meets female character after their divorce in hospital as his mother is admitted due to heart attack. Read around 2022. Spoiler. [s]	Spoiler This book is a series of novel which starts with the female and male character meeting after long time of their divorce in hospital as male character's mother is in hospital due to heart attack and after that they have to stay in the one house due to snowstorm and from there the story goes on retelling on why they divorced and how female characters father never liked the male character and helped her to get the divorce but now he is dead and also how he( male character )becomes very rich and takes over her company and to take back the company he forces her to marry him again I think I read this book around 2022 and the series is not complete and maybe it's 3rd sequence in this novel was going to be released by end of 2024	5	https://goodreads.com/topic/show/22888540-solved-adult-dark-romance-series-the-male-character-meets-female-chara-page_1	2025-06-27T00:00:00Z
22888644	2024-08-13T00:00:00Z	goodreads	Adult Historical Romance book set in Italy around 1920s/1930s. Female lead really interested in insects, meets male painter at villa. [s]	Hi, there was this book that I read from my secondary school Library and it had a turquoise and gold cover. I remember that it was set in Italy in around the 1920s or 30s. The main character is called Bea I think and she is rlly interested in insects and she goes to visit a villa in Italy who is owned by a family friend and there is a painter guy who is also staying at the villa and I think the title has the words 'under' 'sky' 'sun' or 'sky'. I really loved it and wanted to read it again and review it bc I loved it so much. Hope u guys know what book I'm talking about!!! Thanks Gigi	5	https://goodreads.com/topic/show/22888644-solved-adult-historical-romance-book-set-in-italy-around-1920s-1930s-f-page_1	2025-06-27T00:00:00Z
22888684	2024-08-13T00:00:00Z	goodreads	Adult Sci-Fi. Father and 2 daughters flee apocalyptic disease where humans turn into semi-humans. [s]	I think one daughter was named Raine or similar. At the start of the book they are stuck in traffic. They are taken in by a group, and then one daughter is infected and turns into a semi-human, and then the conclusion of the book is them all giving up and realizing that this is the next evolution of humans.	4	https://goodreads.com/topic/show/22888684-solved-adult-sci-fi-father-and-2-daughters-flee-apocalyptic-disease-wh-page_1	2025-06-27T00:00:00Z
22888841	2024-08-13T00:00:00Z	goodreads	Second chance secret baby rockstar romance. He broke up with her. She has his baby. Years later he finds out and also has another son that she basically raised also. Read in the last 3 years.	Her best friend told him she was cheating on him. He broke up with her and married her best friend. She had his baby. He became a rockstar. She became an FBI agent (maybe?) and basically raised his other son also. His band mates know about the boy.	2	https://goodreads.com/topic/show/22888841-second-chance-secret-baby-rockstar-romance-he-broke-up-with-her-she-ha-page_1	2025-06-27T00:00:00Z
22889163	2024-08-13T00:00:00Z	goodreads	Adult Fiction (probably 2023). Best friends “break up” over the years; when one of them gets engaged and doesn’t have them as a bridesmaid this causes the big rift - maybe penguin house? [s]	Okay so I just listened to this crazy podcast episode about someone whose ex best friend wrote a book about their friendship break up. They didn’t name the book, but said it came out within the past year and was a fiction novel by Penguin House. That being said, they may be changing those details for anonymity so that may not be the publisher or year . I’m desperately trying to figure out the book because I want to read it after listening to the podcast. General plot: two best friends who lived across the street from each other and grew up inseparable have a friendship break up when one of them doesn’t ask her to be a bridesmaid after they had slowly been drifting apart. There’s apparently a major plot where the main character has a relationship with the friend’s brother during high school (sounds like there was maybe some non consensual or sketchy stuff with this but she didn’t go into it). There’s also a couple chapters written in second person “to” the former best friend.	9	https://goodreads.com/topic/show/22889163-solved-adult-fiction-probably-2023-best-friends-break-up-over-the-page_1	2025-06-27T00:00:00Z
22889844	2024-08-14T00:00:00Z	goodreads	Fiction book: siblings pretending to be psychic [s]	I saw a book at Books-A-Million a few weeks ago (2024) and meant to make a note of it but can’t remember. I know it is green and has a frog on the cover of it and I saw it in an area that was showcasing newer books. The synopsis was something like: two siblings pretend to be psychic and cheat people out of their money, until one session starts to become too real and scary things start happening. Or something like that. Does anyone know what this book is??	3	https://goodreads.com/topic/show/22889844-solved-fiction-book-siblings-pretending-to-be-psychic-s-page_1	2025-06-27T00:00:00Z
22890527	2024-08-15T00:00:00Z	goodreads	Adult Short Story, read between 2000-2002 about a world in which all women are wives. Spoilers.	I thought I had read this story in one of the few short story anthologies on my shelf, but I've checked those again and again and it's not there. I'm pretty sure it was contemporary feminist literature. PLOT/SPOILERS: The story starts with a young girl hiding and the whole family/community thinks she's run away. She is trying to run away because she's going to be betrothed to a man who is an older adult, like 30's to 40's while she is only 8-10 years old. A neighbor woman finds the girl hiding in the basement, planning to run away, and sympathizes. The neighbor says she felt the same as a little girl and was going to run away but then realized (or maybe the girl had this thought?) that all the women she knew in life are wives. Women in their world/culture had no other function; no woman worked for wages. The betrothed man comes into the basement where the girl has been hiding. He is sensitive or scared or something, and he tells her he was worried she didn't like him. Whatever he says to her or however he says it softens her, and she returns to normal life. I think the girl has to stop going to school and stay home learning how to be a housewife. The mother has a line at one point where she says she was proud of her daughter because the spaghetti sauce was starting to boil and make a mess and the girl turned down the heat and stirred it, which was the right thing to do. This was said when the time came for the girl to actually be married and go live with the man. I want to say the story starts when she is 8 getting betrothed but she doesn't go to live with him til she's 10, but that may not be accurate. It may be that the father arranges the marriage and there is a party and only a few weeks/months between the engagement party and the wedding. The girl does marry the man, and at the end of the story she is a teenager, having been married for some years. She mentions that her husband has never made her have sex with him, although some men do that, and she talks about another girl from her class who was made pregnant at 13 by her husband. The story ends with the main character saying she is learning about business from her successful husband. She is allowed to sit in on a meeting, taking minutes or something. It's noted that this is unusual for their culture and somewhat progressive of her husband but maybe it's just because he loves her so much? It drives me crazy that I can't think of the name of the story or the book it appeared in, PLEASE HELP ME!	5	https://goodreads.com/topic/show/22890527-solved-adult-short-story-read-between-2000-2002-about-a-world-in-which-page_1	2025-06-27T00:00:00Z
22891009	2024-08-16T00:00:00Z	goodreads	Adult Fantasy, Romance. Girl could control fate by writing it out in her blood. Read in 2022.	The genres were fantasy and romance. She is not supposed to use her power. pretty sure she had a girlfriend who was getting married to another guy (its complicated) so she used her power and I think destroyed the village.	6	https://goodreads.com/topic/show/22891009-solved-adult-fantasy-romance-girl-could-control-fate-by-writing-it-ou-page_1	2025-06-27T00:00:00Z
22893089	2024-08-18T00:00:00Z	goodreads	Adult Contemporary Romance. Arabian Horse Breeder and son of a Sheik that has a thing for Washington D.C. government employee with a talent for sculpting. Published 1980s/mid 1990s.	The story features a romance between a female sculptor who creates Arabian horse busts and an Arabian horse breeder who is also the son of a sheik. They meet in the Caribbean, and the plot includes themes of art, diplomacy, and horse breeding. The couple meet on a beach where he stumbles over her sand sculpture. Set in Virginia? Outside Washington D.C.? This should be a single book not part of a series. Contemporary Romance Published 1980s-to mid 1990s Any help in tracking the name and author is very much appreciated!	3	https://goodreads.com/topic/show/22893089-solved-adult-contemporary-romance-arabian-horse-breeder-and-son-of-a-s-page_1	2025-06-27T00:00:00Z
22893874	2024-08-19T00:00:00Z	goodreads	Early 1990s, obscure, light female-oriented fiction. Humour (romance?). Like Tama Janowitz but less literary. Australian female author. Young woman in NY works the door of a club. Obsessed with her vintage frocks. Many descriptions of clothes.	I read this in the early 90s and it was obscure then. I definitely remember the author was Australian. The main character lives in a small apartment in New York. She’s probably skint. She is obsessed with her collection of vintage dresses she refers to as her frocks (but I can’t remember if she is supposed to be Australian?) she works on the door at a club and decides who gets in. Or maybe her trans friend does? There is a lot of description of clothing. I think there is a romance at some point but I can’t remember the detail.	4	https://goodreads.com/topic/show/22893874-solved-early-1990s-obscure-light-female-oriented-fiction-humour-rom-page_1	2025-06-27T00:00:00Z
22894882	2024-08-20T00:00:00Z	goodreads	YA Historical Fiction: White orphan boy gets a job to help take care of slaves on a slave ship from America headed to Africa, possibly as doctor's assistant (helped him home after drinking too much at a bar?). Branding. Read 2004-2010. Spoilers.	Forgive me I read this book a long time ago in either middle or high school. So 2004-2010. An orphan somehow comes under the care of a doctor. I think the boy may have helped the doctor home after a trip to the bar. The doctor is old and may have a drinking problem. The doctor gets a job aboard a slave ship to help take care of the slaves. The boy gets branded by an enslaved man who is attempting to escape. The man is captured, and the boy is told/forced to brand the enslaved man in the face. On the ship, some of the enslaved people are brought to the top deck. When they see large pots, they begin shouting in fear. A shiphand explains to the boy that they are stupid and superstitious and think we are going to cook and eat them. A pregnant enslaved woman goes into labor. The doctor is passed out. The boy tries to deliver the baby. Sadly both mother and child pass. There is a line about the woman screaming and the blood under his fingernails. The boy is later disgusted by everyone's lack of empathy towards the woman and child. The enslaved people take over the ship with the boy's help but I don't remember what happens next. Thanks.	6	https://goodreads.com/topic/show/22894882-solved-ya-historical-fiction-white-orphan-boy-gets-a-job-to-help-take-page_1	2025-06-27T00:00:00Z
22895685	2024-08-21T00:00:00Z	goodreads	Sci Fi. Boy with mirror face/ eyes. Spoilers.	(Spoilers) What’s the name of that book? It’s a story about a little boy who everybody hates or is afraid of (including his mom who is an alcoholic) and trying to kill. He has to hide his face and he thinks he’s ugly. They lived in a mountain shack until he was about 5 and his mom made him leave. Then he’s homeless and people, even cops, want to kill him on sight. He meets a man with a similar affliction and it turns out his face (eyes?) reflect the true nature of a person.	3	https://goodreads.com/topic/show/22895685-solved-sci-fi-boy-with-mirror-face-eyes-spoilers-page_1	2025-06-27T00:00:00Z
22895694	2024-08-21T00:00:00Z	goodreads	Adult fiction, romance. Protagonist is former child star who agrees to star in reboot of her teen (90210-like) show. The cast is shipwrecked on their way to the filming location. Love interest is named Hayes.	The protagonist is a former child star but now lives an unglamorous life as a landlord and is strapped for cash. She is nervous to go on the show because of former relationships, incl Hayes and also former best friend who is maybe named Liz? The main cast is traveling to the island where they will film when there is a storm and they end up on a small island with a creepy mansion, which they figure out was owned by a famous porn director. They find creepy cameras and the situation gets dire.	4	https://goodreads.com/topic/show/22895694-solved-adult-fiction-romance-protagonist-is-former-child-star-who-agr-page_1	2025-06-27T00:00:00Z
22895710	2024-08-21T00:00:00Z	goodreads	Adult fiction. Young woman gets a job caring for Seth Thomas, the rich old grump in her small town. Her grandmother hates Seth Thomas and stops talking to her when she takes the job. Spoiler.	The protagonist is a young woman (with curly red hair) who lives in a small town. She was raised by her grandmother (grandmas name is something like Tansy). Her grandmother has two enemies in town from her high school years: Seth Thomas and another guy maybe named Luke. Protagonist is engaged to the grandson of (Luke) and she gets a job caring for Seth in his old age, in his fancy mansion on the hill. She learns more about their history and her own--Seth is her secret grandfather.	4	https://goodreads.com/topic/show/22895710-solved-adult-fiction-young-woman-gets-a-job-caring-for-seth-thomas-th-page_1	2025-06-27T00:00:00Z
22895712	2024-08-21T00:00:00Z	goodreads	Adult erotica genre about a set of male twins involved with the same woman	Read this book in highschool so must have been 2006-2009. When the protagonist meets the twins she passes them while running in what sounds like Runyon. This is the opening scene. They start to talk and she finds out 1 is married and the other is single. The single twin is an artist I believe. The married twin is married to a beautiful and popular newscaster. Both twins sleep with the woman. The married twin is jealous of her and his brother.	2	https://goodreads.com/topic/show/22895712-solved-adult-erotica-genre-about-a-set-of-male-twins-involved-with-the-page_1	2025-06-27T00:00:00Z
22895864	2024-08-21T00:00:00Z	goodreads	Adult Romance Series – Brothers (one was a mechanic and one was a martial arts teacher?), neighbors, cookout. Read 2021, published early 2010s. Possible Spoilers ahead.	I’m looking for the name of a romance series that followed brothers in a small town. I read this book in 2021 and I think it was published by a female author in early 2010s. It started with a girl who had moved into a neighborhood and got to know her neighbor/the main character (the buff and burley, rough around the edges brother). I think 2 of the brothers and one of their sons + dog was living in one house. They helped her move in and get settled, helped when she got scared in the middle of the night. Someone broke her window or something, so I think this is what led to them spending the night together for the first time? At the end of the book they had a big cookout. Maybe it was a BBQ competition? The next book was about her friend (maybe?) who was getting to know one of the other brothers. I don’t remember much from this book, but I think he was a martial arts teacher or did something with troubled kids. I donated these books to the thrift store before I updated my goodreads, and now I want to read them again. Of course I don’t remember the title or authors. Help please! This is my first post so please let me know if I missed something that could help.	2	https://goodreads.com/topic/show/22895864-solved-adult-romance-series-brothers-one-was-a-mechanic-and-one-was-page_1	2025-06-27T00:00:00Z
22896170	2024-08-21T00:00:00Z	goodreads	Adult Sci-Fi/ Time Travel in which a woman from future observes the daily life of a man in current timeline. Spoiler.	Don't remember much. The book starts with 2 women (possibly sisters?) floating in a different world or something. They observe the life of people on our planet in the present day. Only thing I remember is the ending. So mentioning that here - so it's going to be a spoiler. ***Spoiler Alert*** It ends with a banger - with the protagonist's dead wife walking towards him.	5	https://goodreads.com/topic/show/22896170-solved-adult-sci-fi-time-travel-in-which-a-woman-from-future-observes-page_1	2025-06-27T00:00:00Z
22896814	2024-08-22T00:00:00Z	goodreads	Adult Fiction. Father (professor?) suspects daughter of posting adult content online for money. She later becomes highly successful and moves to the US (California? from the Netherlands?). Read around 2015-2018. Spoilers.	I would really more than appreciate your help on this one. Someone gave me this book to read around 2015-18, and I am a bit confused about this now. It would mean the world to me to find out what the title/author is. I marked details that I'm unsure about with (?). 1. Genre: Fiction (I believe I read it in Dutch) Plot details: A father (who's a professor?!) suspects that his daughter (student) posts adult content online. He sees things online that remind him of her but he can't believe this could be true. He is also suspicious of her spending (?!). Through the plot, you learn that he is not mistaken, and that her boyfriend helps her to produce content and that she makes a lot of money this way. I don't remember how or if she is found out, but there is some rupture. She moves away, and becomes highly successful (becoming a consultant?!) in the US (Los Angeles, California?!). The plot details that in the end, she is married, has a beautiful house, but shocks with some additional details that she also still works in the adult movie industry. I read the rules and hope I didn't miss anything. If so, I apologize. Again, your help would mean a lot to me.	5	https://goodreads.com/topic/show/22896814-solved-adult-fiction-father-professor-suspects-daughter-of-posting-page_1	2025-06-27T00:00:00Z
22897288	2024-08-23T00:00:00Z	goodreads	Adult Romance. Woman runs out on wedding to small town	Woman runs out on own wedding after receiving message from twin who is trouble, finds out she has a niece who she now looks after and falls in love with local town guy who owns barber/bar she works in?	3	https://goodreads.com/topic/show/22897288-solved-adult-romance-woman-runs-out-on-wedding-to-small-town-page_1	2025-06-27T00:00:00Z
22898288	2024-08-24T00:00:00Z	goodreads	Adult Romance book about a girl who owns cabins and a guy who rents the same cabin through the years year could be 2017-2020	Hi,im looking for a book about a girl who owns cabins in the mountain/island and a shady / criminal silent guy who comes back through the years and rents the same cabin. Ahe first started the business with a boyfirend but they broke up in the meantime. So this guy sometimes stayed in the same house, i vaguely remember they had intimate moments on the table(?!) And he helped her redecorate some of the place. In the end they end up together but there was much suffering from his sied and as i recall a playlist through the book and he listened to the songs in the end, posobly appologise by one direction or let her go by passenger Please help!	3	https://goodreads.com/topic/show/22898288-solved-adult-romance-book-about-a-girl-who-owns-cabins-and-a-guy-who-re-page_1	2025-06-27T00:00:00Z
22898831	2024-08-25T00:00:00Z	goodreads	Family saga: poor fish gutter becomes millionaire by selling fried fish after cutting hand	I read this book in the 90’s but it may have been written earlier. Set in the late 19th century I think, a man working as a fish gutter cuts his hand on a knife when working and can no longer work to support the family. He instead sells trays of fried fish, increasing business, eventually becoming a millionaire. One of his sons isnt very nice so in the will is left the original knife that started the journey.	3	https://goodreads.com/topic/show/22898831-solved-family-saga-poor-fish-gutter-becomes-millionaire-by-selling-fri-page_1	2025-06-27T00:00:00Z
22899090	2024-08-25T00:00:00Z	goodreads	Adult Romantic Suspense. Heroine's daughter is kidnapped, goes to hero for help (either ex husband and the father of the daughter or exboyfriend). Hero is military or private security.	ROMANCE-SUSPENSE h's daughter is kidnapped, goes to H for help (either ex husband and the father of the daughter or exboyfriend). H is military or private security. If I remember correctly, it is relatively old book, perhaps an author such as Linda Howard or Nora Roberts.	5	https://goodreads.com/topic/show/22899090-solved-adult-romantic-suspense-heroine-s-daughter-is-kidnapped-goes-t-page_1	2025-06-27T00:00:00Z
22900156	2024-08-26T00:00:00Z	goodreads	Adult Historical Romance, Regency/ Victorian: Companion spies on rake leading to relationship. Read 2015-2020.	Regency/Victorian era. Read 2015-2020, possibly an older author (?) The woman is companion to a family. The man is part of the family (son/nephew?). The woman sees the man having sex with a maid in the library and is curious/aroused which eventually leads to them having a physical relationship. **SPOILERS BELOW** the woman ends up getting pregnant (they did not use contraceptives because the man had measles(?) as a child and was thought to be barren). She runs away/is kicked out of her position. The man searches for her and eventually they have a HEA.	2	https://goodreads.com/topic/show/22900156-solved-adult-historical-romance-regency-victorian-companion-spies-on-page_1	2025-06-27T00:00:00Z
22903636	2024-08-30T00:00:00Z	goodreads	Adult Historical Romance. Book 1: Poor young woman (Titania?) becomes live-in teacher to rich widower's young boys. Ghost of first wife. Female painter who is deaf. Read around 2018-2019.	I read this book about 5 -6 years ago and something triggered it in my memory recently. The story is about a poor young woman who has educated herself and gets a job as a live-in teacher to the local rich widower's young boys. It has a ""Jane Eyre"" feel with the young FMC, the rich widower MMC, and the ghost of the first wife in the attic. There is a supporting FC that is deaf and enjoying ""listening"" to the piano by laying her head on the top. I believe this supporting character is also a painter. This book is part of a duet. If it helps, the second book is set in the Louisiana bayou and a young woman is trying to hold on to her family's estate without enough money. There is pirate treasure in that one.	7	https://goodreads.com/topic/show/22903636-solved-adult-historical-romance-book-1-poor-young-woman-titania-be-page_1	2025-06-27T00:00:00Z
22903643	2024-08-30T00:00:00Z	goodreads	Adult Romance novel about a woman who is getting married and finds out her fiancé is in the mob. Spoilers.	Spoilers ahead! Looking for romance novel where a woman is at her wedding and goes to surprise her fiancé Sonny only to overhear him talking about committing a crime. She hides in a dumpster and hits her head and ends up stumbling into a van which just happens to have an fbi agent in it doing surveillance on her fiance. I believe the fbi agents name is Jake. She ends up pretending that she was mugged and meets with the fbi at a spa she is pretending to have rehab at. It turns out her fiancé is trying to get something incriminating to him from one of her sisters children. Falls in love with FBI agent taking care of her.	2	https://goodreads.com/topic/show/22903643-solved-adult-romance-novel-about-a-woman-who-is-getting-married-and-fin-page_1	2025-06-27T00:00:00Z
22904562	2024-09-01T00:00:00Z	goodreads	New Adult Romance Drama novel with athletics stuff involved	The main character is a female runner athlete and the love interest is this guy who lives on a farm and he helps her out of her eating disorder from her running because i think she had an abusive background (??). In the end she lives on his farm with him. don’t quite remember the rest but i read it 2-3 years ago and it was fairly new	9	https://goodreads.com/topic/show/22904562-solved-new-adult-romance-drama-novel-with-athletics-stuff-involved-page_1	2025-06-27T00:00:00Z
22906628	2024-09-03T00:00:00Z	goodreads	Adult Thriller. Woman who is adopted finds out her birth father is a serial killed nicknamed Campsite Killer, her mother was a victim, only woman to escape is a university professor. Whale tours. Spoiler.	A woman who is adopted finds out that her birth father is a serial killer that the police have been looking for years.nicknamed camp site killer her birth mother was a victim and the only woman to escape she is a university professor.When the serial killer finds out he has a daughter he starts phoning her up.she has a husband and daughter her husband works away on whale tours so she starts working with 2 police offices to bring him to justice.who have been looking for him for years based I think in canada	5	https://goodreads.com/topic/show/22906628-solved-adult-thriller-woman-who-is-adopted-finds-out-her-birth-father-page_1	2025-06-27T00:00:00Z
22907980	2024-09-04T00:00:00Z	goodreads	Adult Mafia Romance. Arranged marriage between mafia families, the bride is considered weak but she is actually running the show as her father is sick, the groom expects to take over her family’s business but is in for a shock after marriage	Mafia romance	4	https://goodreads.com/topic/show/22907980-solved-adult-mafia-romance-arranged-marriage-between-mafia-families-t-page_1	2025-06-27T00:00:00Z
22910541	2024-09-08T00:00:00Z	goodreads	Adult Romance set in Chicago - Lawyer falls for guesthouse renter opening bakery	romance series - set in chicago - 6 or more brothers and two female cousins. Grandma owned bookstore, heroes - vintner, lawyer, architect, hockey player, doctor, tech guy. Most have offices in same building, later open a hotel Lawyer buys house, honors rent of guest house, falls for tenant. She is saving to open a bakery Hockey player falls for social worker helping repair his image Architect falls for intern at office	3	https://goodreads.com/topic/show/22910541-solved-adult-romance-set-in-chicago---lawyer-falls-for-guesthouse-rente-page_1	2025-06-27T00:00:00Z
22914175	2024-09-13T00:00:00Z	goodreads	Adult Romance. Secret Baby, Musician/ rockstar romance I'm pretty sure I read it between 2019-2023 but can't remember exactly.	I can only remember a few key details. There was a woman named scarlett and she meets a man at a concert (he was a band member) they end up talking all night and forming a strong connection (insta love basically) They hook up one night and she gets pregnant. She gives birth to a baby girl but dies in a car accident (i think) and her best friend(possibly her sister) gets custody of the baby because scarlett never told anyone about the father only that she loved him etc. I cant remember who was looking for who but the guy finds out that scarlett is dead and he has a daughter but scarletts friend wont give up custody or something and they end up falling for each other	4	https://goodreads.com/topic/show/22914175-solved-adult-romance-secret-baby-musician-rockstar-romance-i-m-prett-page_1	2025-06-27T00:00:00Z
22915070	2024-09-15T00:00:00Z	goodreads	80s/90s Adult Fantasy novel about a widower summoned to become king in another world	I read this book (and the ensuing series) about a decade ago, but it was already at least 20 or 30 years old at that point. I remember being intrigued by the whole concept of the main character, because I was used to MCs in ""summoned to another world"" stories being in their teens or maybe early twenties, just starting out in their lives, but this guy was in, like, his thirties or forties and already had a somewhat established life. He didn't have any kids (I think his wife may have been pregnant when she died). Don't remember much about the plot itself although I think at some point he falls in love with and eventually marries this nymph or elf or something along those lines whose name is something like ""Willow"".	3	https://goodreads.com/topic/show/22915070-solved-80s-90s-adult-fantasy-novel-about-a-widower-summoned-to-become-k-page_1	2025-06-27T00:00:00Z
22915356	2024-09-15T00:00:00Z	goodreads	Adult fiction. Male librarian in the book, something mysterious or circus-like.	Trying to remember this book, read it probably between 2011 and the present - vague shadowy memories of a male librarian who is working on a grant I think and there might be a girl and a guy with some connection to magic or a circus. Card tricks, juggling? Tattoos? Something like that. I think it was a big deal at the time. I believe it was a contemporary setting. Went through my Amazon and Ebay and can't find it there in the purchases ... maybe I checked it out of the library. Thanks for any hints or tips.	4	https://goodreads.com/topic/show/22915356-solved-adult-fiction-male-librarian-in-the-book-something-mysterious-page_1	2025-06-27T00:00:00Z
22916166	2024-09-16T00:00:00Z	goodreads	Recent Adult Mystery novel by a male author, about a murder in a southern state (Alabama, Georgia, or Louisiana?) Not Grisham or Garden of Good and Evil	I think I have most of the details in the header. My friend recommended this book this past winter (2023/2024) and I believe it was a recent publication because she's in at least one book club, and is a frequent flyer at the library. I forgot the name of the book though, and do did she! The author's name wasn't familiar to me, and seemed to be fairy common, like Bob or Dave. I guess the main clues are that it was likely a book club read, published after 2020, and was very good! If I at least get some titles I think we can figure it out. Thanks much!	7	https://goodreads.com/topic/show/22916166-solved-recent-adult-mystery-novel-by-a-male-author-about-a-murder-in-a-page_1	2025-06-27T00:00:00Z
22916526	2024-09-17T00:00:00Z	goodreads	Adult Biker MC Romance where the male lead sleeps with the female lead and I think they separate, she falls pregnant and ends up loosing or giving birth but the baby dies, while around the same time a club girl claims she’s pregnant.	I’m looking for a book which is A MC romance where the ML sleeps with the FL and I think they separate, she falls pregnant and ends up loosing or giving birth but the baby dies, while around the same time a club girl claims she’s pregnant, a few years pass by and the FL moves back and the ML starts to try and win her back but also stays with the club girl on the day every year when she claims to have lost the baby which also happens to be around the same time as the FL. He eventually finds out the club girl lied to him. I think that he’s the enforcer and that it is a part of a series. It was also in the last couple of years. Any help would be appreciated ☺️	5	https://goodreads.com/topic/show/22916526-solved-adult-biker-mc-romance-where-the-male-lead-sleeps-with-the-femal-page_1	2025-06-27T00:00:00Z
22916942	2024-09-17T00:00:00Z	goodreads	Adult Historical Fiction novel about artist Berthe Morisot, Title includes name of flowers (violets?).	I read a novel about Berthe Morisot. All I remember is that in the title of the book it had the name of flowers. I THINK it may have been violets. There was a picture of her on the jacket and I think surrounded by some flowers??? It was a novel and not a bio.	4	https://goodreads.com/topic/show/22916942-solved-adult-historical-fiction-novel-about-artist-berthe-morisot-titl-page_1	2025-06-27T00:00:00Z
22917632	2024-09-18T00:00:00Z	goodreads	YA or Adult series about life after an earthquake splits California from the main land.	SOLVED! There was a big earthquake and because of it, the ocean rushed into the west coast, making California an island. Our hero was a ex military dude who lost his family in this - or maybe they were kidnapped by a bad guy. It is the “Outrider” series by Richard Harding. Thank you to everyone for the suggestions	8	https://goodreads.com/topic/show/22917632-solved-ya-or-adult-series-about-life-after-an-earthquake-splits-califor-page_1	2025-06-27T00:00:00Z
22918348	2024-09-19T00:00:00Z	goodreads	Adult Fantasy. Witches (?) not sure of the year but I don't think older than 10	Hi All - I read a book a couple of years ago and can't remember the title. I don't think it's YA, but I think the protagonist is herself a ya. I think she is a witch and the only thing I can remember is she had a sister who was killed in a church (I think). If I remember correctly, she was the one who found her sister. TIA!	2	https://goodreads.com/topic/show/22918348-solved-adult-fantasy-witches-not-sure-of-the-year-but-i-don-t-thin-page_1	2025-06-27T00:00:00Z
22919744	2024-09-22T00:00:00Z	goodreads	Adult Romance. ‘One Day’ or maybe ‘Every Day’ in title. 2 people meet for first time in Louvre, Paris. The lights go out but they get along. Then they meet a lot of years later without realising it was the other person from all those years ago.	Was recommended alongside christmas-holiday books like one day in december by josie silver	6	https://goodreads.com/topic/show/22919744-solved-adult-romance-one-day-or-maybe-every-day-in-title-2-people-page_1	2025-06-27T00:00:00Z
22920104	2024-09-22T00:00:00Z	goodreads	Adult Thriller: Husband & wife in a manor house, wife finds recording of psychologist who lived there	I think the recording may be about a patient, or reveal something criminal. Possibly revealing something bad and previously unknown about the husband or wife. I believe it’s a dual POV of wife and husband.	3	https://goodreads.com/topic/show/22920104-solved-adult-thriller-husband-wife-in-a-manor-house-wife-finds-reco-page_1	2025-06-27T00:00:00Z
22920269	2024-09-22T00:00:00Z	goodreads	Adult Romance - Woman works at grocery store, hero owns it. Meet at company meeting.	Hey everyone, I’m trying to find a book I read awhile ago that I cannot find the title to anymore. It’s about a women who works at a grocery store (retail) with her special needs sister. Needing to talk to someone higher up in the company she goes to a company meeting & meets the hero of the story who is in charge/owners the chain store. I thought it was apart of the “happily ever alpha world” but going through the list, I’m not seeing it. Does this ring any bells to anyone!? Thanks for your time!	7	https://goodreads.com/topic/show/22920269-solved-adult-romance---woman-works-at-grocery-store-hero-owns-it-meet-page_1	2025-06-27T00:00:00Z
22921673	2024-09-24T00:00:00Z	goodreads	Adult Contemporary Romance. Mmc has the flu, sees the back of fmc & mistakes her for his girlfriend. Ends up kissing her in greeting & gets fmc sick & misses job interview. Mmc hires her to move in & take care of his dog since he travels for work.	Contemporary romance that I read years ago. in the opening chapters, mmc and fmc are attending the same party/event. mmc has the flu and is on some cough meds that makes him a bit delirious. He is looking for his girlfriend, sees the back of fmc and mistakes her for his girlfriend. Ends up kissing her in greeting then promptly either throws up or sneezes into her face. A few days later fmc ends up getting sick thus missing a job interview. She somehow gets in contact with mmc and berates him for getting her sick and making her lose out on a job. As an apology he offers her a job to take care of his dog. He travels for work and since him and his girlfriend broke up he needs a new caretaker. Fmc moves in to take care of the dog. While mmc is away they start getting closer while talking on the phone. I also vaguely remember an intimate scene between them involving purple lipstick🌶️🌶️ I remember also reading the second book in the series that was stand alone about fmc best friend. In the opening chapters she is about to get married. After the ceremony during the reception the whole wedding hears the groom cheating on his new bride because some audio was being captured in the room he was in. She is devastated and embarrassed. She somehow gets into a relationship with the mmc best friend or brother. She confides with him that her sex life with her ex husband was not what she wanted. He would make her shower before hand and would not perform oral for her and she always had to take care of herself afterward. So they go in this sexual awakening together where they use her entire suitcase of unused toys to figure out what she likes.	2	https://goodreads.com/topic/show/22921673-solved-adult-contemporary-romance-mmc-has-the-flu-sees-the-back-of-fm-page_1	2025-06-27T00:00:00Z
22922351	2024-09-25T00:00:00Z	goodreads	Adult Mystery - Longmire rescues Henry in a storm/ carries to safety. Read in 2023-2024.	Looking for the specific Longmire book where Walt carries Henry to safety. During the rescue, he hears chanting/singing and believes Henry is singing to him… this is referenced in his 7th title, Hell is Empty but I’m having a heckuva time finding it. I read in 2023/24 but would have been written in the early 20-teens.	6	https://goodreads.com/topic/show/22922351-solved-adult-mystery---longmire-rescues-henry-in-a-storm-carries-to-sa-page_1	2025-06-27T00:00:00Z
22923338	2024-09-26T00:00:00Z	goodreads	Indian Literature. Twin boy and girl and how their lives diverged. Well received and won prizes, maybe the Booker?	A book by an Indian writer about twins - a boy and a girl, and how their lives diverged. Was well received and won prizes, maybe the Booker?	4	https://goodreads.com/topic/show/22923338-solved-indian-literature-twin-boy-and-girl-and-how-their-lives-diverge-page_1	2025-06-27T00:00:00Z
22924780	2024-09-28T00:00:00Z	goodreads	Possibly YA Fantasy. Female lead is a dragon riding princess whose island gets attacked on her wedding day and she is kidnapped.	the invaders that attack kill her fiance, family and her dragon. she escapes the castle with her younger sibling who she takes to her dead fiance's grandparents to hide the sibling. she goes back to the palace and attacks a pronce from the kingdom that invaded. he kidnaps her and takes her home to his kingdom and marries her. he has had other wifes who were killed on the wedding day or maybe right before the wedding? he manages to dave her from assassins on their wedding night. some time after that she ends up in the dungeon where there is a boy in another cell. there is some kind of water way with dangerous creatures in it so she cant escape. she tries to befriend a wild dragon that comes in the waterway. at some point she makes a deal with the prince to pretend marriage is real, or something like that, but still ends up back in the dungeon where she and the boy escape on the dragon. book one ends with the prince letting her escape but vowing to find her. book 2 starts with the f lead and the boy from the dungeon finding the resistance members who are lead by her aunt.	6	https://goodreads.com/topic/show/22924780-solved-possibly-ya-fantasy-female-lead-is-a-dragon-riding-princess-who-page_1	2025-06-27T00:00:00Z
22925695	2024-09-29T00:00:00Z	goodreads	Fantasy. Dark academia book about a guy who’s parents are self help gurus, and he’s shown sharpie-ing words out of one of their books in a fit of angst to create some sort of poem.	He’s friends with another guy, who in their shared science course decides to do their project on- I think, extra powered humans (??) (but that’s a maybe, I’m not sure). Either him or the friend are apparently extremely intelligent and they attend a very prestigious college. I only read a little bit of this book before I dropped it, so that’s why I only know this much. It was some time earlier this year or last year. Any help would be appreciated!	5	https://goodreads.com/topic/show/22925695-solved-fantasy-dark-academia-book-about-a-guy-who-s-parents-are-self-h-page_1	2025-06-27T00:00:00Z
22928297	2024-10-02T00:00:00Z	goodreads	Adult Romance. Guy is widower with three daughters, one is teenager Heather. Female lead had crush on him in high school. Years later, they hook up in a hotel one night.	The guy is a widower with three daughters one is a teenager named Heather. He and the women went to highschool together she had a crush on him but they weren't friends or anything back then. They end up hooking on in a hotal one night after running in to each other she ends up pregnant. She tells him but isn't sure they should be a couple as they spend time together getting to know each other they fall in love. The teenager finally calls her mom at the end of the book she didn't like the women at first but comes around in the end.	5	https://goodreads.com/topic/show/22928297-solved-adult-romance-guy-is-widower-with-three-daughters-one-is-teena-page_1	2025-06-27T00:00:00Z
22930193	2024-10-04T00:00:00Z	goodreads	Motorcycle Club Romance featuring Infidelity	I'm looking for a book that features a young woman and man who are forced into an arranged marriage by their fathers, I believe the girl's father is the president of the club and the mmc's dad is the right hand man. They get married but he's resentful and he basically abandons her to flaunt his mistress at the club. Meanwhile the leading lady doesn't have money for anything like groceries and has to walk everywhere because he refuses to let her have access to a car. The dads eventually find out what he's been doing and the are extremely upset at the man. The kids were neighbors growing up and the boy never liked the girl from my memory.	2	https://goodreads.com/topic/show/22930193-solved-motorcycle-club-romance-featuring-infidelity-page_1	2025-06-27T00:00:00Z
22932640	2024-10-08T00:00:00Z	goodreads	Adult Romance. Smart female college I believe spends spring brake with fellow students. They stay iin a mansion by a lake owned by one of the male students father.	Olved. The author is Penny Reid. There are 2 books. Titles are Elementsof Chemesty and Laws of Physics	1	https://goodreads.com/topic/show/22932640-solved-adult-romance-smart-female-college-i-believe-spends-spring-brak-page_1	2025-06-27T00:00:00Z
22932966	2024-10-08T00:00:00Z	goodreads	Adult Thriller about a guy who kidnaps swimmer students and makes them compete. Spoilers.	I am probably mixing a few books, but the book involves a teenage boy who is having trouble at home who gets kidnapped by a guy who makes him work out and swim and compete with other kidnapped teens. There is a girl who lives in the locked room next to the main character who tries to help him but is sad herself because the kidnapper assaults her. There is a part about a woman who tries to figure out what is happening and even goes to the kidnappers home to find out about something and realizes he is the kidnapper. The children are in his basement. Very specific details I remember: - Boy is kidnapped when a woman on the street pretends to have a stroke/accident and he rushes to help her and a van pulls up and he is taken - The boy recalls that the guy used to sit in the bleachers and watch him pretending to be a university guy trying to scout a prospective student	4	https://goodreads.com/topic/show/22932966-solved-adult-thriller-about-a-guy-who-kidnaps-swimmer-students-and-make-page_1	2025-06-27T00:00:00Z
22934816	2024-10-11T00:00:00Z	goodreads	Adult Romance triology about millionaire brothers. 1) Older brother gets woman pregnant and they marry. 2) Brother has one night stand & woman raises his secret baby.	I´m looking for a series of books I read almost a decade ago. It´s a romance triology folowing three millionaire brother´s, each book is about each of them. After that there was a spin off series about their cousins. In the first book the older brother gets a woman pregnant and they marry. In the second one the brother has a one night stand and she raises his child for like a year before he find out. In the third the bother is a cowboy in a ranch and falls for the ranch´s cook who is a single mother	4	https://goodreads.com/topic/show/22934816-solved-adult-romance-triology-about-millionaire-brothers-1-older-brot-page_1	2025-06-27T00:00:00Z
22935272	2024-10-12T00:00:00Z	goodreads	Adult SciFi short story desert planet 1 man with illusion powers	The humans on the desert planet begin to fight with each other over who gets to ""keep"" the young man who can conjure up comforting illusions of being back on earth and civilization, and one stray bullet shoots the illusion-maker to death.	2	https://goodreads.com/topic/show/22935272-solved-adult-scifi-short-story-desert-planet-1-man-with-illusion-powers-page_1	2025-06-27T00:00:00Z
22935472	2024-10-12T00:00:00Z	goodreads	Adult Contempory Romance: Rich/poor, secret baby, she scams her work address to get into posh school?	Ebook At least 5+ years old MFC is from the wrong side of the tracks. Uses her work (petrol station) address to qualify to get into private school on scholarship. MMC leaves for college and didn’t know she was pregnant. Possibly just a end of year party hook up before he goes? He returns as adult, and story is about then. MMC’s mother figures out the baby’s his, but doesn’t tell anyone (even the MFC). Hires MFC to clean house and arranges a scholarship for the smart granddaughter to go private primary school. She remains a snobby bitch to MFC. The MFC’s car breaks down and she walks the kid through the woods to a rich cabin for the phone. Don’t think it works, but there’s a storm, and someone tries to kill them by burning the cabin down. Thanks for looking 😊	3	https://goodreads.com/topic/show/22935472-solved-adult-contempory-romance-rich-poor-secret-baby-she-scams-her-page_1	2025-06-27T00:00:00Z
22937569	2024-10-15T00:00:00Z	goodreads	Adult Fiction - Set on Broadway (Golden Age Era early to mid 1900s, Three Main Characters with a Love Triangle) - Author is American Theatre Producer	Hello all, Everyone here has been so helpful before. Looking for a specific fiction book (Broadway setting), male author, author is a Broadway producer, more details in the topic line. Thank you all so much!	3	https://goodreads.com/topic/show/22937569-solved-adult-fiction---set-on-broadway-golden-age-era-early-to-mid-190-page_1	2025-06-27T00:00:00Z
22940161	2024-10-19T00:00:00Z	goodreads	Adult Contemporary Fiction: Former classmates who reunite for a wedding. Spoilers.	This is so silly, I read it just a few weeks ago, and I've already forgotten the title! The story is about a group of former classmates who reunite for a wedding. It's two of the classmates who are getting married - they were a couple when they were in school, then they both married other people, divorced, and found each other again. There's some urgency to the wedding because she's dying of cancer. His adult daughter doesn't like her at first, and they're disappointed that she's not coming to the wedding, but of course she turns up just as they're about to walk down the aisle. Multiple perspectives - the story is told in both present-day and flashbacks, from the POV of each of the classmates. The wedding takes place at a hotel which is owned by one of the former classmates. She's the widow of a famous poet, and it comes out over the course of the story that he was cheating on her. One of the other classmates never married, because she has been having an affair with a (married) professor all this time; she still teaches at the school they all attended. One of them is rich and obnoxious, and married to an ice queen who doesn't fit in at the beginning but turns out to be on the side of the former classmates by the end. Several of the former classmates were on the baseball team together; one of them was good enough that he might have played in the major leagues, but he died right after graduation. Lots of unpacking of this in the present day parts of the story. One of them brings his husband to the wedding; lots of unpacking of this as well. And in case there weren't enough tropes here, there's also a big snowstorm that keeps them inside longer than they expected. Obviously I have a good recollection of the story, but the title and author have completely escaped me!	2	https://goodreads.com/topic/show/22940161-solved-adult-contemporary-fiction-former-classmates-who-reunite-for-a-page_1	2025-06-27T00:00:00Z
22940672	2024-10-20T00:00:00Z	goodreads	Adult fiction. 30 something woman wants to live life as a 20 something again. Published 2017-2022.	In this book I’ve forgotten the name of a 30 something year old woman wants to live life as a 20 something year old again. She goes to parties, dresses all fancy, and dates slightly younger guys. The cover has her wearing a fancy dress with a scarf.	7	https://goodreads.com/topic/show/22940672-solved-adult-fiction-30-something-woman-wants-to-live-life-as-a-20-som-page_1	2025-06-27T00:00:00Z
22944871	2024-10-26T00:00:00Z	goodreads	Adult Romance. Red haired woman and Palliative Care Nurse guy who live together and eat baked good together.	The book is about a red haired woman and a curly haired (pretty sure) palliative care nurse guy that live together and fall in love. The girl bakes sometimes and they share what she bakes. One day, her obsessive ex comes back and proposes forcefully to her on a livestream. Nurse guy sees it, gets mad, but eventually figures out he misunderstood and comes back to the girl's balcony and they make up. I read this book around 2016-2018 I think. Please help me find it bro	4	https://goodreads.com/topic/show/22944871-solved-adult-romance-red-haired-woman-and-palliative-care-nurse-guy-wh-page_1	2025-06-27T00:00:00Z
22948011	2024-10-30T00:00:00Z	goodreads	doesn't go through with bet/dare	need help please. these have been going through my head the past few days. looking for a duet mm romance books that i read a few years ago and cant remember the titles or who wrote them. first book is about a couple of guys (i think) they are f buddies and they make a bet/dare that the nerd/geek has sex with one of the guys and has to take a video of them ""doining it"" but he doesnt as he starts to get feelings for they guy and he backs out of the bet/dare and his friend gets mad and tries to break them up but it doesnt work and they have a hea. second book is about the second guy in the above book uses a service that sends subs and he gets sent a dom as he abuses the subs sent to him and turns out he is a sub but didnt want to acknowlege until the guy works with him for a while and (i think) the two guys fix their friendship and of course he also has a hea. FOUND Dangerous Games by Claire Thompson Turning the Tables by Claire Thompson	1	https://goodreads.com/topic/show/22948011-doesn-t-go-through-with-bet-dare-page_1	2025-06-27T00:00:00Z
22948960	2024-10-31T00:00:00Z	goodreads	Adult modern vampire romance maybe in the 80's or 90's	book from a vampire series the details of the book are when the evil vampires turn someone they come back crazy and need to be put down for everyones safety at the start the main female gets turned that way but the vampire who killed the bad guys decides to try to save her the main guy in the story was the first vampire and also a demigod son of Nyx the goddess of darkness but no one knows this but him at one point in the story Apollo kidnaps the girl and traps her outside just before daybreak and when the mc goes to save her he cant get the chains off so has to shield her with her body from the sun while Apollo taunts him and while the sun cant kill him since he is a demigod he is hurt Thanks	2	https://goodreads.com/topic/show/22948960-solved-adult-modern-vampire-romance-maybe-in-the-80-s-or-90-s-page_1	2025-06-27T00:00:00Z
22952337	2024-11-04T00:00:00Z	goodreads	Adult Romance book about mother that leaves baby with the father and then later returns. Read around 2019-2021. Spoilers.	I probably read this book between 2019-2021 but it was likely published somewhere between 2011-2016. The book starts out with a young girl who’s mother is an undocumented immigrant who had crossed the border from Mexico to the United States and found work on a farm (I’m almost certain it was a strawberry farm) and this work caused her back problems. The young girl befriended the twin sons of the owner of the farm, they were rich and popular meanwhile at school she was picked on because she had I think bedbugs or lice on her clothes. Her mother was somewhat cruel to her and said that she had the eyes of the devil because during her journey across the border her husband had been killed and she had been sexually asssulted resulting in the child. When the sons of the farm owner graduate high school they throw a party and during this party the girl sleeps with one of them and soon after one of the boys dies (I can’t remember how) and she then discovers she’s pregnant. The boy that she had slept with marries her and I think they have a daughter, shortly after she leaves town (I can’t remember why again but I think she may have been depressed). Then the book focuses on when she returns to town and she is trying to gain her husbands trust again and spend time with her daughter and build a better relationship with her mother. If anybody can help me find this book I would be incredibly grateful, I’ve looked through my kindle history but I just can’t seem to find the right book and it’s driving me insane. Many thanks.	4	https://goodreads.com/topic/show/22952337-solved-adult-romance-book-about-mother-that-leaves-baby-with-the-father-page_1	2025-06-27T00:00:00Z
22955040	2024-11-08T00:00:00Z	goodreads	Adult Science Fiction possibly author Ben Bova alien society in ocean like lobsters	Trying to remember the title and author. Read last year or the year before. Scientists are in an alien ocean possibly in our own solar system like moon of Jupiter or Saturn maybe. Encounter aliens like large lobsters living a society on floor of ocean. Any help appreciated.	4	https://goodreads.com/topic/show/22955040-solved-adult-science-fiction-possibly-author-ben-bova-alien-society-in-page_1	2025-06-27T00:00:00Z
22957137	2024-11-11T00:00:00Z	goodreads	Adult Historical Romance - Woman falls into River an found by a genius painter. Read around 2022.	Read around 2022 (before or after) A young woman around 20ish is told by her mother to seduce a peer so he will marry her. She winds up pregnant and not married when her mother finds out she throws her out of the house. the young woman wonders around and eventually meanders to a river. It is winter and she falls/jumps in. A hermit finds her and take her home. this hermit is either autistic or maybe jus a bit mentally handicap. But he decides to keep her. His butler/keeper tries to talk him out of it especially when they find out she is pregnant. Eventually the woman wins them over and the hermit and she are married. She finds out he is actually a peer and a brilliant painter. She also finds out they are needing funds she she talks the men into showcasing his works in London at the art exhibit but is meant to be semi private. He is all the rage once his painting come out and the ton can not get enough of his paintings. Lo and behold her mother shows up at the art show to try to meet this famous painter knowing that her daughter is married to him. the daughter shuns the mother. The daughter has a wonderful group of friends at th end of the book. It is a part of a series and not the first book because the friends are the former books. The series is like oddballs of the ton or something meaning that. thank you for your help.	4	https://goodreads.com/topic/show/22957137-solved-adult-historical-romance---woman-falls-into-river-an-found-by-a-page_1	2025-06-27T00:00:00Z
22957621	2024-11-12T00:00:00Z	goodreads	Adult Mystery novel. Based in Seattle. Time period jumps, almost like a bunch of short stories. Read in early 2000s.	I read this book in the early 2000s. There were time period jumps. Chapters didnt always go with the others. Almost like a bunch of short stories but written as one. I *think* the book was white. I want to say that the word ""Point"" was in the title, but not sure.	5	https://goodreads.com/topic/show/22957621-solved-adult-mystery-novel-based-in-seattle-time-period-jumps-almost-page_1	2025-06-27T00:00:00Z
22965684	2024-11-22T00:00:00Z	goodreads	Adult Contemporary Romance: Secret baby. Rich girl to poor, builds a event business. Poor guy builds wealth, it’s his wedding she’s planning. Her lost family estate is in the mix.	Hi all, thanks for looking. This one’s just stuck in my head and I can’t fond it anywhere! Ebook Read between 5/10 years ago, could be older in hard copy (I don’t remember tech) Set in London(?) in the 1990ish? MFC is from a wealthy family (possibly noble), but had inheritance tax issues when the grandfather died. The mother was trying to sort it out when she died in a car crash. The double inheritance tax issue left the estate finished. The team/gov in charge of the estate agreed to sell it as is to a rich rocker who wanted everything in place, so MFC had no choice but to leave with nothing. As a privileged girl, she had no skills, so she started in event planning (parties). Eventually she had a well known business. MMC grew up poor and built a huge business. Wanted to marry into nobility/wealthy circles to show he made it. His bride was a poor/ex-wealthy one who wanted to marry money. The bride built this ridiculous wedding saga, and then ran out just before to marry her poor love. While sorting out the non refundable wedding bits, they give into their attraction… loose touch, missed messages, secret baby. MFC is hired to manage a charity function at her old estate. The MMC arrives back to find out his new home has been loaned out to a charity event, and the event planner is pregnant and he thinks she preparing to marry the baby daddy. She thinks he knows the baby is his, but chooses not to acknowledge it. Thanks ☺️	4	https://goodreads.com/topic/show/22965684-solved-adult-contemporary-romance-secret-baby-rich-girl-to-poor-buil-page_1	2025-06-27T00:00:00Z
22966016	2024-11-23T00:00:00Z	goodreads	Adult Reverse Harem where the main female character is a missing person. Spoiler.	Unfortunately, I don't remember much on terms of timeline, but there is a group of guys that have all been scarred by loss of missing persons cases and decided to become the ones that never give up on a missing person's case. One member of the group is from a coastal (?) town and the girl he liked went missing. The group gets a new lead on this case and it turned out the girl had been offered a ride home from the local cop/sheriff who took her and kept her in a room buried under the front porch of the house he shared with his mother. Bad things proceeded and, when the girl/woman is about to give up, the group of guys rescue her and work to help her heal. I want to say it's part of a series and I lost the title while waiting on the next book, but I can't guarantee it.	4	https://goodreads.com/topic/show/22966016-solved-adult-reverse-harem-where-the-main-female-character-is-a-missing-page_1	2025-06-27T00:00:00Z
22966685	2024-11-24T00:00:00Z	goodreads	Modern day Adult Shifter/ Magic Fantasy. Female lead is supposedly extinct type of magical and male lead is saber tooth tiger shifter, also supposedly extinct. Read a couple years ago through ku or Libby.	I read this a few years ago, either on kindle unlimited or Libby. FMC is a rare supposed to be extinct magical, can’t remember what kind MMC is saber tooth tiger. Also a boss of a group of shifters. He has a nephew who is spoiled that took his car without asking. He is making him work off damage to it by working at his building. The boy’s mom, MMC sister, spoils him. I cannot remember much other than she is hiding who and what she is and he figured it out and they end up together. The nephew is lazy and tries to get others to do his work for him. MMC is wealthy and head of some sort of business. I believe there is some mystery to the series as well	6	https://goodreads.com/topic/show/22966685-solved-modern-day-adult-shifter-magic-fantasy-female-lead-is-supposed-page_1	2025-06-27T00:00:00Z
22966771	2024-11-24T00:00:00Z	goodreads	Adult Fantasy. Drug trial for psychic ability, young man world travels.	Main character was either in college or recently graduated. He took part in drug expirament for the money. These was an expirament to see if the drug increased psychic ability. The drug caused him to astral travel & eventually he ends up in another world. He falls in love with a ""fairy queen"" in that other world. The other reality reminds him of Alan Rackham's ""Goblin Market"". In one scene his love interest is locked in a cell of metal bars & her hand was burned from touching the metal. The professor (?) running the expirament ""fires"" the main character from the study because he has started going nonresponsive too quickly instead of giving answers to Rhine cards. The young man is frantic because he needs to get back to help his lady. I think he finds a street version of the drug. I think I first read this book in the mid-1980s.	3	https://goodreads.com/topic/show/22966771-solved-adult-fantasy-drug-trial-for-psychic-ability-young-man-world-t-page_1	2025-06-27T00:00:00Z
22966949	2024-11-24T00:00:00Z	goodreads	Adult Medieval Romance from 1980’s(?). Woman’s family murdered by intruders sent by unknown enemy. Spoiler.	Lady’s family is killed by intruders sent by unknown enemy. (Mother, father, sisters, their kin…) the only two to survive is her and her young brother who has amnesia from the psychological trauma. She hides out in the forest with her two large dogs. Her father’s overlord takes back the household from the enemy but is injured. She comes from the forest to heal him She leaves for the forest again after healing him but he comes and finds her. Somewhere in here she discovered her young brother in the household alive and tried to send him off to safety with a servant but they are caught by the new overlord. Her and her brother live in the household with the overlord as he tries to discover who killed he family along the way her brother remembers the trauma of his parents death and heals from it proving to be mischievous as the only boy and youngest child. Eventually it was discovered that the person behind the plot was another member of the family (I think one of her dead sister’s husbands was involved and maybe an uncle?)	4	https://goodreads.com/topic/show/22966949-solved-adult-medieval-romance-from-1980-s-woman-s-family-murdered-page_1	2025-06-27T00:00:00Z
22967404	2024-11-25T00:00:00Z	goodreads	Adult Murder Mystery. Alaska, Gold Mining, Rapist Killer on the loose.	This is quite possibly a Dan Stabenow novel. However, I've just re-read almost all of her Kate Shugake novels and have yet to read this one. The only scene that I truly remember is a husband who coerces his wife to come to do a little gold mining or dredging. Without her knowledge, he sells everything they own and buys in this desolate country. He wants to look for gold full-time. A killer rapist finds the wife alone, and she runs. That's all I can remember. This may be from Stabenows Lian Campbell series, but I looked at all of the synopses, and none of them talk about this. Well, to be fair, I can't find this in the Kate Shugak synopses either. Might it be another author? HELP! Please help; this is driving me crazy!	4	https://goodreads.com/topic/show/22967404-solved-adult-murder-mystery-alaska-gold-mining-rapist-killer-on-the-page_1	2025-06-27T00:00:00Z
22967475	2024-11-25T00:00:00Z	goodreads	Adult Fantasy. Magic system involving absorbing the qualities of others	All I can remember is that someone could have the strength of ten men by nine other men surrendering their strength. I think there were caves of essentially comatose people granting their strength/intelligence/whatever to others.	4	https://goodreads.com/topic/show/22967475-solved-adult-fantasy-magic-system-involving-absorbing-the-qualities-of-page_1	2025-06-27T00:00:00Z
22973449	2024-12-03T00:00:00Z	goodreads	Adult Romance. Billionaire kicks girl and family out of town in the middle of the night. She returns a few years later to clear her name from her family and falls in love with billionaire. Spoilers ahead	I must have read this book once in the last 5 years. So this girl is kicked out with her family in the middle of the night by this billionaire who (kind of??) owns the town. She was in her nightdress and he has a spark of interest which he ignores. A few years later she returns to the town stronger and with her own business to prove that she was different from her family. She falls in love with said billionaire - his mum and sister are against the match. Sister burns her house down with them both in it (intending to only kill her) and waits outside with a gun to finish the job if she escapes. She sees the error of her ways and then apologises. A few other things that may help: She sees him make love to another woman in french (before they all got kicked out) and this stuck with her. She doesn't open a bank account in her home town as he may have control. She cut off contact with her family when she left. I think she had a younger sibling that she took care of but I'm not too sure. I don't think this was in a modern setting as no smartphones etc are mentioned. A library to search for information is mentioned. I hope this is all helpful. Thank you!	2	https://goodreads.com/topic/show/22973449-solved-adult-romance-billionaire-kicks-girl-and-family-out-of-town-in-page_1	2025-06-27T00:00:00Z
22974004	2024-12-04T00:00:00Z	goodreads	Adult Romance, Harlequin presents: Heroine thinks hero (married couple) is still in love with his older married ex-lover. Published in last 10 years.	This is a relatively recent HP. Published in last 10 years. The hero and heroine get married (likely due to pregnancy). Heroine hears a lot about H's previous relationship with an older married woman from his relatives at the time of marriage. They all hated that woman who was from the same town/island/village where the Hero had grown up. The OW was actually an abused wife and was not evil as the family thinks. Hero helped her escape and is now happily married. But he doesn't explain this to the heroine till the end. She is suspicious and actually goes to meet her. Hero explains everything, buys her a dream house and grovels in the end.	7	https://goodreads.com/topic/show/22974004-solved-adult-romance-harlequin-presents-heroine-thinks-hero-married-page_1	2025-06-27T00:00:00Z
22976373	2024-12-07T00:00:00Z	goodreads	Adult Contemporary European Fiction (in translation). Sort of road trip, woman working in a small, run-down zoo. Read 2010-2015.	Left this book on the train years ago (between 2010-2015) after I'd read it because my rucksack was too heavy. Wish I hadn't: Plot-(set in Italy or Spain or Cuba and written by a female author) a woman's partner dies and then her house is repossessed so her and her infant son go on the run. She gets a job in a strange run down zoo on the edge of a city. After her and her son leave the city she gets another job. Her new job is strange-it's to administer morphine/opium via a syringe, to a grumpy, elderly female client who is bed ridden and lives in a shabby hotel	4	https://goodreads.com/topic/show/22976373-solved-adult-contemporary-european-fiction-in-translation-sort-of-ro-page_1	2025-06-27T00:00:00Z
22977374	2024-12-09T00:00:00Z	goodreads	Adult Christmas Romance. A girl returns home in england from the city, and meets a guy called Rory? (Maybe) who is suffering from the loss of his previous partner and doesn’t want to date anymore. She spends the holidays with him.	Read in 2021-2022. The girl’s family was kind of shitty to her i think. There was also a kid (maybe her niece or her friend’s daughter).No explicit scenes. There was december in the title maybe.	3	https://goodreads.com/topic/show/22977374-solved-adult-christmas-romance-a-girl-returns-home-in-england-from-the-page_1	2025-06-27T00:00:00Z
22980192	2024-12-12T00:00:00Z	goodreads	College Romance - bully enemies to lovers	Book starts a young college woman wakes up in a college sorority bed. The guy is someone she has had a crush on for a long time but she is shy and he is popular. He is on the football? team. She pretends to be asleep when he leaves the room for practice. When she leaves she takes the bed sheet with her cause it has her virgin blood stain on it and she doesn’t want anyone to,know. When he returns from training he notices the sheet missing and think she is out to trap him somehow. They have one class together and are paired up for some reason. The whole book is about him trying to figure out who the girl in his bed was and why she took the sheet, while he is falling for our heroine. When he discovers who is was he starts to bully her to find out why she took the sheet. When she finiallly admits to being a virgin he thinks she is lying and accuses her of trying to trap him. His friends in the sorority house tease him because she was LOUD all night. We later learn that a male friend of hers had drugged her water bottle that night and a 2nd water bottle was also drugged that our hero accidentally drank. Our hero took her back to the sorority for safety but they were both to drugged and had sex all night. Neither could remember anything the next morning which is why he started to think our heroine had drugged him. The coach benches him because he gets frustrated and ‘acts out” while trying to find the girl. The book was read 2020-2024. It is part of a series -I think.	2	https://goodreads.com/topic/show/22980192-solved-college-romance---bully-enemies-to-lovers-page_1	2025-06-27T00:00:00Z
22981288	2024-12-14T00:00:00Z	goodreads	Richard S Wheeler Skye's West western novel	What I'm seeking is one of the books in Richard S Wheeler's Skye's West series of westerns that contains a line spoken by the main character's Indian wife - ""they shat in the river""!	4	https://goodreads.com/topic/show/22981288-solved-richard-s-wheeler-skye-s-west-western-novel-page_1	2025-06-27T00:00:00Z
22986838	2024-12-21T00:00:00Z	goodreads	Classic fiction. Ladies working in a bookshop in Paris. Male author might be French.	Came across this book in a local public library's bookstore. All I can remember for certain is that it was by a classic author close to a 100 years or more ago. I do not think it is a well-known one of his. I'm not certain if the author was French or not, but believe he wrote while in Paris and the setting itself is also Paris. It seemed a bit cynical and depicted the ladies who worked in a bookshop.	4	https://goodreads.com/topic/show/22986838-solved-classic-fiction-ladies-working-in-a-bookshop-in-paris-male-aut-page_1	2025-06-27T00:00:00Z
22988113	2024-12-23T00:00:00Z	goodreads	Adult Sci-Fi novel: Protagonist trapped in virtual reality, starts in mental institution. Published in 1990s/2000s?	I'm trying to remember the name of a science fiction novel I read, likely written in the 1990s or 2000s. The story starts with a male protagonist in a mental institution, but it's later revealed that he's actually trapped in a virtual reality world created by his company. The antagonist, one of his coworkers, has trapped him there as part of a scheme to take over the company and use the VR technology to simulate market behavior. In the VR world, time moves faster than in the real world—what feels like years inside is only days or weeks outside. The virtual environment is incomplete, and the protagonist begins to realize something is wrong when he digs a hole and finds nothing underneath it, just a blank space where the system hasn’t filled in the details. The VR system connects people through a dream-like state, with participants lying in beds to access it. There’s also a scene set in a virtual version of Japan. The protagonist was married at one point, which is mentioned as part of his backstory. The book is set in a near-future Earth, with no mystical or supernatural elements—just advanced technology. Does this ring a bell for anyone? Any help would be appreciated!	3	https://goodreads.com/topic/show/22988113-solved-adult-sci-fi-novel-protagonist-trapped-in-virtual-reality-star-page_1	2025-06-27T00:00:00Z
22988185	2024-12-23T00:00:00Z	goodreads	Adult Serial Killer Mystery. Guy who has a history of stalking women married a girl whose sister was killed. He used to own a tech company but sold it so all he does now is dig up bodies and report them to the cops.	I remember that the mom opens up a clothing store that she names after her dead sister. The guy keeps like a digital journal of all the bodies he has dug up. It is the 20 year anniversary of his sister in laws murder. He is buying info from the cops but the cops dont know it is him finding the bodies. The cops end up suspecting him of the kidnapping of his daughter but after he finds her he manages to pin everything on someone else.	3	https://goodreads.com/topic/show/22988185-solved-adult-serial-killer-mystery-guy-who-has-a-history-of-stalking-w-page_1	2025-06-27T00:00:00Z
22988334	2024-12-23T00:00:00Z	goodreads	Adult Mystery Romance. Wife is not convinced her husband committed suicide, falls for Sheriff/ Chief while investigating his death. Read 2005-2007. Spoilers.	I read this book between 2005 and 2007. It starts off with a wife who wakes up and can't find her husband. Only to discover the next day during the search, dead in the water. It's speculated that he jumped from the bridge over the falls near their property. However, the wife is not convinced and proceeds to do her own digging. Of course the town sheriff/chief takes kindly to her and proceeds to help her. At one point they go flying in his plane, only to discover that it had been sabotaged and they crash, and she is injured, leaving them stranded. Now, I don't remember much after that other than the fact that it ended up being a friends husband behind it all and they end up in a cranberry bog fighting for their lives. Help	2	https://goodreads.com/topic/show/22988334-solved-adult-mystery-romance-wife-is-not-convinced-her-husband-committ-page_1	2025-06-27T00:00:00Z
22988787	2024-12-24T00:00:00Z	goodreads	Guy always falling asleep in bathroom stall at work, affair with female neighbor. Neighbor is skinny goth dude with pet Guinea pig.	Leah, around what year did you read this book? What's the genre (which we need to add to the topic header) - e.g., contemporary fiction for adults? romance, humor, etc.? I copied book details to the topic header. Feel free to edit it.	2	https://goodreads.com/topic/show/22988787-solved-guy-always-falling-asleep-in-bathroom-stall-at-work-affair-with-page_1	2025-06-27T00:00:00Z
22988875	2024-12-24T00:00:00Z	goodreads	Adult Sci-Fi Romance series. Alien man crash lands behind a reclusive woman's house in the woods. She is taken back to his planet where she learns to be a part of his brutal yet beautiful nomadic society. Read around 2020	*Spoilers Ahead* This is part of a series (and I may be mixing the books together) but basically an alien in search of female's to save his species. He crash lands on earth behind a ladys home in the woods (somewhere in the north west I think). The reason he is surching for females is because there was a virus created by their enemy (another race of aliens) that killed off 90% of their females (and very few are born and survive or no females have been born since the attack, just males). The alien is hurt and the woman overcomes her fear and the language barrier to keep the alien hidden till his ship is fixed. Once it was he steels her away to his world. He is a prince (I believe) and their people spend most the year on their own living a nomadic life style in tents and riding giant (6 legged horses). They also come together to live in a castle (great hall?) during the harsh winters. There is also something like a right of passage where the go alone as an adolescent to a cave to learn what their calling in life should be (ie. warriors, healers, etc.). I believe book 2 is where a healer from the alien race is fated for one of the woman they pick up (which is illegal for heelers of their society as they only want the strong to mate?). Please help me remember this book series!? It was so good! I believe I started reading the series in 2020.	4	https://goodreads.com/topic/show/22988875-solved-adult-sci-fi-romance-series-alien-man-crash-lands-behind-a-recl-page_1	2025-06-27T00:00:00Z
22989558	2024-12-25T00:00:00Z	goodreads	Adult Modern Fiction/ Post Modern novel, late 80's-90's + Eccentric family living in an old abandoned church. Read around 1997.	SOLVED-- Stephen Wright, M31: A Family Romance. The SS collection is Going Native. I read this book in about 1997. It was written by a male author who I believe to be American or Canadian. An eccentric family lives in an abandoned church in the American midwest. Father is strange acting as I remember. Son might be involved in UFOs? The author also had a collection of short stories that I read at about the same time. In the collection, there is a story about a dinner party or cocktail party for some upper class/urban professionals. One of the men at the party has just returned from living with a primitive tribe in South American or the Amazon. It is revealed that he partook in a native rite and pierced his genitals much to the shock of his fellow party guests.	3	https://goodreads.com/topic/show/22989558-solved-adult-modern-fiction-post-modern-novel-late-80-s-90-s-eccent-page_1	2025-06-27T00:00:00Z
22990903	2024-12-27T00:00:00Z	goodreads	Adult Mystery revolves around a girl who lives with her brother and mother at an old rundown hotel which they run. Coming of age series. Read around 2004-2014.	Read this probably 10-20 years ago. There are 3 books in the series. The main character is a girl who is trying to solve some mystery about the area she lives in, there is a pond or lake involved. She and her brother and mother live at this hotel which used to be a place where the rich came for holidays and is now rundown and I think owned by another family member? She waits tables etc, but is on her own a lot and is trying to figure something out. There is a sheriff or policeman who is kind to her also in the books. It's adult fiction, but is kind of a coming of age type series.	5	https://goodreads.com/topic/show/22990903-solved-adult-mystery-revolves-around-a-girl-who-lives-with-her-brother-page_1	2025-06-27T00:00:00Z
22991345	2024-12-27T00:00:00Z	goodreads	Adult Alien Romance ebook series when alien male race has no females left they use another race of females I think a mute and are cow like looking but when give birth only have the alien male DNA then the commander or general find human females	This series was over 5 years ago. As said all children born only have the males DNA but the alien males aren’t that happy as they other race of alien females are mute or unintelligent and only breeders and they don’t have normal relationships with then, then they come across human females somehow and later in the book find out that they are compatible and can have children	9	https://goodreads.com/topic/show/22991345-solved-adult-alien-romance-ebook-series-when-alien-male-race-has-no-fem-page_1	2025-06-27T00:00:00Z
22992886	2024-12-29T00:00:00Z	goodreads	Ilona andrews Short srory I believe do not remember title nor publishing date	I believe that this is an Ilona Andrews short story. She did write some amazing short stories. I had it on my laptop and IPAD but can’t find it now and cannot remember the title. I did look at her website but cannot find any information regarding this. Or even what universe she may have set the plot in. It is about a college student who is the last female descendant of a magical family that has been in a debt obligation for years with another magical family, I am not sure if only females were called to answer the obligation. I also don’t remember what caused that family to be in a debt they must always answer when they are called to help. Her mother was called years ago but is too old now so the daughter must go instead. she travels to the other family where she must assist the head male member of that family in a dangerous r race in order to win against another family of evil people to claim rights. the area for the race has been dangerously booby trapped and changed physically to a very decrepit area. The race will be televised and there will be judges. I believe the MMC’S brother died and the MMC got some affliction where magical bugs or insects appear and can kill him. His magical power is much greater than hers but she is obligated to protect him during the race. . I believe his sister was married to one of the male members of the evil family and she has children. Her ex husband is very involved in this and IS TRYING to get the children. her brother is determined to protect his niece and nephew at all costs. The FMC discusses ending her family.s obligation with the head male, he may be open to it but she STATES THAT THIS will finally end now She says she will never get married nor will ever have CHILDREN AND THAT WILL finally end her family’s debt obligation. they are to search for a flag or something to claim in order to win. During the story, they manage to kill some of the EVIL cheating members from the other team. Near the end of the story The mmc gets injured and collapses. THE FMC sees the prize and has to climb a very unsafe shifting pile of debris. She retrieves the prize which wins the race. she ends up saving the MMC’S life AND SHE DRAGS HIM OUT OF THE AREA. He has feelings for her and visits her at college at end of story thank you.	3	https://goodreads.com/topic/show/22992886-solved-ilona-andrews-short-srory-i-believe-do-not-remember-title-nor-p-page_1	2025-06-27T00:00:00Z
22993047	2024-12-29T00:00:00Z	goodreads	Adult Gay Romance, age gap, first time gay, friends to lovers, roomates	The book I'm looking for is a gay romance novel about two men, an older man and a younger guy and the younger guy is a Russian who moved to America newly but got his things stolen at a restaurant and he has no place to go then the sister of owner of the restaurant(the owner of the restaurant is one of the MC) offers her brother's place for the lost guy and the two guys live together and it's a first time gay awakening for the older man. The book is also a standalone book and it is set in present times (not historical) and I read it last year.	6	https://goodreads.com/topic/show/22993047-solved-adult-gay-romance-age-gap-first-time-gay-friends-to-lovers-r-page_1	2025-06-27T00:00:00Z
22993114	2024-12-29T00:00:00Z	goodreads	Adult Science Fiction about a man who lives in a society that is overpopulated. people are only allowed one day a week. In sleep pods the rest of the time. He has seven different lives so he can live every day. Read in the 80s.	Thanks	4	https://goodreads.com/topic/show/22993114-solved-adult-science-fiction-about-a-man-who-lives-in-a-society-that-is-page_1	2025-06-27T00:00:00Z
22993507	2024-12-30T00:00:00Z	goodreads	Adult Mystery/ Romance - Main character is a woman befriending another woman at other woman’s yoga class that she teaches but is actually stalking her because she used to be with her husband. Spoiler.	Book is set in Connecticut type town. Where a rich couple move to and wife befriends yoga teacher after attending her classes. Pretends she doesn’t know who she is but the teacher is actually her husbands ex. I think in the beginning the wife is given just the initial S. In the end it turns out that the yoga teacher woman has a daughter and it turns out it’s not her husbands but actually her ex’s. Involves them attending the local country club and potentially the stalker woman having trouble with having a baby?	2	https://goodreads.com/topic/show/22993507-solved-adult-mystery-romance---main-character-is-a-woman-befriending-a-page_1	2025-06-27T00:00:00Z
22994496	2024-12-30T00:00:00Z	goodreads	Dystopian allegory on communism.	I read this book in freshman or sophomore year of high school in 2016ish. It’s confusing at first because it does not use first person pronouns or names and it uses “we” and “our” for the narrator and when referring to other people. Things start to change when the narrator discovers a room that has technology no longer used and more specifically a lightbulb. I think the book cover uses the tungsten filament of the lightbulb in its design too. The narrator learns individuality and is rejected by the people in his society who reject his discoveries.	5	https://goodreads.com/topic/show/22994496-solved-dystopian-allegory-on-communism-page_1	2025-06-27T00:00:00Z
22995018	2024-12-31T00:00:00Z	goodreads	YA contempory fiction - 12 year olds wake up on their birthday with shapes on their forehead. Read around 2016-2018.	SPOILERS I read this book around 2016-2018, checked it out from the local library and my account has since closed so I can't look it up on there. A 12-year-old girl wakes up the morning of her 12 birthday with other 12-year-olds, also the morning of their birthdays, and sees that they all have a circle on their forehead. (a plain, smooth, outline of a circle) They are in a plain, square room and cannot seem to find a way out. Eventually all the kids manage to escape the room and start wandering around the building where they are being held. I want to say that they thought all the hallways were going uphill, but I could be wrong. This group eventually runs into another group of kids- also there on their birthday. The MC sees that this group also has the circle, but it's textured (I think it had little points all over it) The two groups join up to try to escape where they are being held and find a square room that is filled with rainforest. They meet up with two more groups of kids, also with the circles of different types. The details are a bit fuzzy to me at this point, but I think there were ""creatures"" in the rainforest room, and all the kids figure out they are in a spaceship of some type. Thank you for the help!	2	https://goodreads.com/topic/show/22995018-solved-ya-contempory-fiction---12-year-olds-wake-up-on-their-birthday-w-page_1	2025-06-27T00:00:00Z
22995272	2024-12-31T00:00:00Z	goodreads	Adult fiction. Naive young woman persuaded into losing her virginity in group sex, then one woman dies and the man who was there blackmails the protagonist for years. Final showdown in deep snow in the forest.	Pretty sure I read this in the ‘90s. Absolute latest it would have been would be early ‘00s. At the start of the story, the female protagonist, who is quite young and naïve, is meeting up with a man she barely knows in order to lose her virginity. I have a feeling her friend was also involved and arranged it so that they could both lose their virginities; I might be wrong about that. Anyway, she meets the man, or they do if I’m right about the friend being involved. and is surprised that he’s brought another woman along. During sex, something goes horribly wrong and the other woman dies. The man pressures the protagonist into helping him bury the body and keep it secret. He then uses this knowledge to blackmail her repeatedly over many years. When she finally gains enough courage to stand up to him, he convinces her that she actually killed the woman and blocked the knowledge out, so now he’s blackmailing her not just on having helped to hide a death and bury a body illegally but on what she now believes is murder. I was skimming through the book in the library, so there were large parts I didn’t read. One thing I remember is that the protagonist makes friends with a pregnant single girl (this part of the book was set in maybe the ‘60s) and her father disapproves. The girl is determined to raise her baby as a single mother, and does so successfully. She has a boy and calls him Pepper after the Sergeant Pepper album (OK, must have been the 60s); she’s quite a hippie type. She witnesses the scene on one of the occasions when the blackmailer turns up and threatens the protagonist; I think she was sharing a house with the protagonist at this point and I remember her calling a house meeting to protest about what had happened; the protagonist couldn’t tell her about the blackmail so couldn’t explain why she’d let the man treat them that way without standing up to him. There’s also a later scene where the protagonist starts researching the woman who got killed and finding out who she was and more about her background. She almost gets caught as a result. The protagonist marries a man who’s a survival expert. As I recall, they meet when they both happen to be at a bar with the TV on showing a news item about some people who died in the wilderness, and he starts talking about what bad decisions those people made and what would have worked better for them. Anyway, she gets together with him. The denouement: The protagonist finally confesses to her husband about the other woman’s death and about the blackmail. He gets more details from her and she mentions that she remembers the woman calling the man ‘Garrett’ even though that wasn’t his name. Her husband realises that the woman was actually saying ‘Garrote’ and asking the man for autoerotic asphyxiation and she died when this went wrong. The protagonist realises, finally, that it was her blackmailer who killed the woman by accident and that he’s blamed her for it both to keep her quiet and to blackmail her. There is then some kind of confrontation scene which happens in deep snow in a forest (I forget why). While chasing after her, he gets caught somehow and starts screaming for help. Because of what her survivalist husband has taught her, she realises that what’s happened is that he stumbled into a snow trap; what looked like snow over level ground was actually a layer of snow caught in the tops of trees in a much lower valley, and he’s stumbled into it and is drowning in the snow. There’s a line about ‘The horror of it’ as she pictures how it must feel for him. She stands there and shouts the full name of the woman who died. She knows the man has drowned in the snow, and she herself manages, with some difficulty, to escape from the deep forest. There’s an epilogue in which she’s thinking back to everything that happened and feeling satisfied that the last words he heard were her telling him the name of the woman that died.	3	https://goodreads.com/topic/show/22995272-solved-adult-fiction-naive-young-woman-persuaded-into-losing-her-virgi-page_1	2025-06-27T00:00:00Z
22995359	2024-12-31T00:00:00Z	goodreads	Adult Thriller read in 2017-18. Veteran goes to a private university that comes under attack and he fights back.	I read a book back in 2017-18 that I picked up from a resale bookshop then must’ve donated it. I have a vague memory of it being centered around a main character who was a veteran attending a university, I believe it was a private school. Then the school comes under attack, possibly terrorists or mercenaries, and the main character defenses himself and the school/classmates. Any help is appreciated!	4	https://goodreads.com/topic/show/22995359-solved-adult-thriller-read-in-2017-18-veteran-goes-to-a-private-univer-page_1	2025-06-27T00:00:00Z
22995421	2024-12-31T00:00:00Z	goodreads	Adult Romance, second chance, reverse harem, paranormal. Recall scene when female lead meets young child of male group in elevator. The male is seeking custody of child. Female lead was unaware of child.	I read this within the past two years but unsure of actual publication. I do not recall why the female lead and male group have been separated. The female lead finds a small child at lawyers office in elevator where he got separated from dad. When female lead takes child to security she is reunited with male. Child is from a one night stand and he is trying to get custody and feels guilt over child. Seems like they are wolf shifters as I think there is one of the males who watches over female outside in wolf form. Don’t remember a lot of details outside of elevator scene as may be getting books mixed up. I thought it could be an omegaverse setting but went through all my history and could not find so may be wrong.	4	https://goodreads.com/topic/show/22995421-solved-adult-romance-second-chance-reverse-harem-paranormal-recall-page_1	2025-06-27T00:00:00Z
22995457	2024-12-31T00:00:00Z	goodreads	Adult Horror. Woman makes deal with the devil in a bar. Read around 2016. Spoiler.	A young woman meets a man in a bar. His name is Scratch, he says he’s the devil and he can give her something she wants. She doesn’t believe him, and drunkenly accepts his proposal. By the time she realizes he was telling the truth it’s too late. She is trapped. Her friends are granted various wishes, but they all end up dying horrible deaths in the end. I can’t recall much else, only that the story was sinister and I enjoyed it. It took place in modern times. I read it around 2016 or so. Can anyone help?	4	https://goodreads.com/topic/show/22995457-solved-adult-horror-woman-makes-deal-with-the-devil-in-a-bar-read-aro-page_1	2025-06-27T00:00:00Z
22995674	2025-01-01T00:00:00Z	goodreads	Adult Gay Romance. Scientists, new alien species, small town	The book is part of a series about living in a small town that is secretly a base for the government to communicate and find an alien species called grey something and the main characters of each book consist of members of this organization and there's a cute and nice alien who makes contact with the humans. I read it last year or two years ago and it's set in the US and it's a contemporary novel.	4	https://goodreads.com/topic/show/22995674-solved-adult-gay-romance-scientists-new-alien-species-small-town-page_1	2025-06-27T00:00:00Z
22999558	2025-01-03T00:00:00Z	goodreads	Adult fiction. Young wife is dying and wants husband to find a new partner when she's gone	I'm sorry - all the details are fuzzy now, but I hope I've recalled enough for someone to go on! GENRE AND PLOT DETAILS I think the wife was dying of cancer, and only has a few months left to live. She and her husband adore each other. She loves him so much that she doesn't want him to end up alone after she's gone, so she secretly plans and starts putting things in place to get him set up with a new partner(s) before she passes. I think they may have had a dog, and owned a house? I also vaguely recall there were perhaps flowers (daisies?) on the cover of the book? YEAR I READ THE BOOK Perhaps between 2010-2018 or so? I would so love to find this book because it was such a tear jerker. I feel like I read Me Before You by Jojo Moyes soon after this book, hoping for the same kind of story.	5	https://goodreads.com/topic/show/22999558-solved-adult-fiction-young-wife-is-dying-and-wants-husband-to-find-a-n-page_1	2025-06-27T00:00:00Z
23001382	2025-01-05T00:00:00Z	goodreads	Adult Rom com/ enemies to lovers (audio) book read in the last two years.	Okay, so I dont remember the titel or author, but am pretty sure that it was a female author. I listened to it in the last two years, and it didn't feel like an ''old book''. Main characters were mid twenties/early thirties. Male and female lead. They were doing a radioshow together (about dating advice) and one of their favourite fans (an older woman, who had gotten a lot of romantic advice on the show) gifted them a stay at her ''love cabin'' while she was out of town - I think she was going on a trip with a new boo. I also think its was the hometown of the male lead, but am not sure i remember it right. I know that it hasn't been ages since I heard the book, but I've been through all of my listening/reading services and cannot find it! It was a cute and funny enemies to lovers romance book. Hope you guys can help me find it! Thank you for your time!	3	https://goodreads.com/topic/show/23001382-solved-adult-rom-com-enemies-to-lovers-audio-book-read-in-the-last-t-page_1	2025-06-27T00:00:00Z
23002421	2025-01-06T00:00:00Z	goodreads	Adult Mystery set in Pacific Northwest coastal town with big little lies vibes. Spoilers.	*spoilers most likely* The protagonist is an isolated woman with a baby, who is married to an abusive husband. She recently married her husband and moved into his house. One of the neighbors lost her adult?teen? son in a hit and run accident, which remains unsolved, before the protagonist arrived in the neighborhood. The book follows the woman's relationship with her husband and the neighbors, who discover the abuse and work to help her escape her abuser. It also uncovers the mystery of the hit and run accident. The book opens with the car accident. I found it in a little free library last summer, read it in 2 days, and passed it on. Hoping to find more by the same author!	3	https://goodreads.com/topic/show/23002421-solved-adult-mystery-set-in-pacific-northwest-coastal-town-with-big-lit-page_1	2025-06-27T00:00:00Z
23003726	2025-01-07T00:00:00Z	goodreads	Adult Paranormal Romance - Male lead is stuck in a cursed object (mirror or painting?) & female lead inadvertently releases him. Takes place in modern times - he's a knight or warrior from a different century (in the past). Read 2004-2008.	I read this book when I was in high school, sometime between 2004-2008. I believe it was a newer release at the time, and I think it was the first in a trilogy. I don’t think the 3 books were with the same MCs, but rather each book had different MCs. So like the title says, it was an adult romance. I'd consider it contemporary except for the curse. The FMC was normal with no magical powers and the ""world"" was just our modern world. The MMC was stuck in a cursed object - i think it was a mirror or painting, but honestly could have been anything. The FMC accidentally releases him from the curse. MMC has been stuck in the curse for centuries - he was either a knight or a warrior. After she releases him, she takes him out in public multiple times. There was one scene I vaguely remember where FMC meets her friend at a dance studio, or some place where they're exercising and brings MMC with her. I thought there might have been something with ghosts, but i could just be jumbling book plots in my head.	5	https://goodreads.com/topic/show/23003726-solved-adult-paranormal-romance---male-lead-is-stuck-in-a-cursed-object-page_1	2025-06-27T00:00:00Z
23004711	2025-01-08T00:00:00Z	goodreads	Adult Fantasy Romance - Female lead was killed but she woke up in a different body (reincarnation or body hopping?)	I read this book around a year ago. The FMC was killed and she woke up in another person's body her name is vale? I know the person she woke up as has a twin brother named kale and before she died she was married to a cop. I am pretty sure she had a stalker that could have worked with her husband. Her new family is in a MC I think and they have some kind of superpowers. Her husband raised his brother that she calls brennie.	5	https://goodreads.com/topic/show/23004711-solved-adult-fantasy-romance---female-lead-was-killed-but-she-woke-up-i-page_1	2025-06-27T00:00:00Z
23004728	2025-01-08T00:00:00Z	goodreads	Adult Thriller. The story of 3 women, an American, a Japanese, and a Russian whose lives change drastically to become spies or work for criminals. Read late 1990's/early 2000's.	Read this book in the late 90’s or the early 2000’s. The story starts with a man in a swimming pool, supposedly an astronaut going through a rebalancing of his body after coming back from space. The Astronaut is accompanied by 3 women who stay with him in the pool and tend to his needs. The book then changes to the story of 3 women, one an American who is a well known athlete who loses it and gets kicked out of the sport that she loves and then is recruited by the FBI or CIA. The 2nd woman is Japanese, and her life drastically changes that she ends up working for the Yakuza. The 3rd woman is Russian and her life drastically changes that she gets involved with the KGB. The story bounces back and forth between the 3 women and the astronaut. Loved this book when I first read it. I especially loved how the 3 women go from a place of weakness to one of strength. This book has been haunting me for years.	3	https://goodreads.com/topic/show/23004728-solved-adult-thriller-the-story-of-3-women-an-american-a-japanese-a-page_1	2025-06-27T00:00:00Z
23005086	2025-01-09T00:00:00Z	goodreads	Adult Mystery that takes place in New Orleans about a woman that married a rich older man! Spoiler.	Hi! I read this book a while ago and cannot remember what it’s called- it was placed in New Orleans, I cannot remember the time frame, and it follows a young woman who married a wealthy older man. His wife has passed away from cancer and his group of friends are also affluent and skeptical of his new wife. One of his friends arrives from a trip to France with a new , younger wife, and the main character is suspicious that her husband is cheating on her with his friend’s new wife. In the end, the main character was actually the villain and marries the other woman? I can’t remember many other details other than maybe some witchcraft? Help! Thanks in advance!	3	https://goodreads.com/topic/show/23005086-solved-adult-mystery-that-takes-place-in-new-orleans-about-a-woman-that-page_1	2025-06-27T00:00:00Z
23005848	2025-01-10T00:00:00Z	goodreads	Adult Ghost story about a Torc which is haunted by a Roman ghost. Read before 2006. Spoiler.	Hi, I wonder if anyone can help with identifying this book? I read it at least 20 years ago, and can remember the plot, but not the name or the author. It must be obscure because I cant find any clues online. ChatGBT seems to understand what I’m talking about. It says the book is called “The Torc” but I’m not convinced, as there is a book by that name but it is not the correct story. It also gives varying results regarding the author. (AI has a long way to go before it becomes reliable) Anyway, this story is about a female writer who moves to the Suffolk (possibly Norfolk) coast in the UK, to get inspiration for her new book. It is winter, so the weather is bleak. She walks on the dunes by the sea, and discovers a Torc in the sand. She takes it with her and as the story unfolds, she begins to experience paranormal activity in the house. It becomes apparent that the torc is tied to a story about a Roman soldier who was murdered, and a woman’s ghost who begins haunting the writer. The writer has visions of the ghost’s story, and starts to uncover the truth about the soldier’s murder. When she finally solves the soldier’s murder, the haunting stops and the ghosts are at rest. It’s a long shot, but does anyone know this book? Can anyone confirm the title or author? Thank you, Simon.	4	https://goodreads.com/topic/show/23005848-solved-adult-ghost-story-about-a-torc-which-is-haunted-by-a-roman-ghost-page_1	2025-06-27T00:00:00Z
23006522	2025-01-10T00:00:00Z	goodreads	Adult Romance series following brothers that live together	I'm looking for a series that I've read in the last few years. It's a romance series with each book being about a different brother, I think there are 5 or 6 of them. I think they own a logging business and they all share a house. As they each find their love interest they add an addition for each family onto their house. Each brother takes turns preparing each meal. The H falls first and is morally grey about capturing his h. I think one of the h's runs a clothing store with her mom and another one ends up being the office manager. Does this sound familiar to anyone?	4	https://goodreads.com/topic/show/23006522-solved-adult-romance-series-following-brothers-that-live-together-page_1	2025-06-27T00:00:00Z
23006896	2025-01-11T00:00:00Z	goodreads	Romance? Quinn and Emerson were childhood sweethearts. Emerson moved away and tried to long distance, didn't work. She goes to the college they had planned on going to together and sees him their, with her best friend from her hometown.	I saw this as an ad for a PPC site that is notorious for stealing works from KU and wattpad. I only saw qhat could be equivalent to the first couple of chapters but was hoping someone recognized it. Emerson and Quinn grew up together, him even sayin ""I'm gonna marry you someday Emerson June."" They start dating but during high school Emersons gamily moves away. They try long distance but her parents eventually take her phone so they can't be in contact. When she finally gets her phone back she sees that he hasn't really tried to contact in the time it was taken. At the guidance of her bestie, Alexis, that still lives in town with Quinn she decides to end things and changes her number and everything so he cant find her (she regrets doing this). They had planned to go to the same college and even though she doesnt know if he will, she applies and attends. She ends up bumping into Alwxis with her roomie, Pippa, and Alexis is acting weird can't believe she's there. At that time, Quinn comes with ice cream for Alexis and kisses her head before he sees Emerson. That's where the ad ends, and I reall wanna know what happens! I appreciate any help, thanks!	3	https://goodreads.com/topic/show/23006896-solved-romance-quinn-and-emerson-were-childhood-sweethearts-emerson-m-page_1	2025-06-27T00:00:00Z
23007432	2025-01-11T00:00:00Z	goodreads	Adult Contemporary Christian Greek Romance around 2010 or so written by a greek author with a name end like opolous. American Doctor wants to practice family medicine after graduating from Greek Uni. Spoilers.	This book could be no earlier than 2003 no later than 2011 written by a Christian author. She has a last name of ending with something like opilous. Its about an American who get her degreevin Greece and dream of being a family doctor in a small town. She is assigned to live with the local teacher and his little girl. Hardly anyone in the village makes it easy for her. Eventually she wins over a few including the teacher (the books male interest) and his daughter, the village 'priest/preacher'. The turning point comes when a local goes into lavor. She has already lost a few babies. So the doctor and the teacher get as quickly as possible to the nearest hospital where the mother and baby are saved. The series i think has at least 3 books. This is the first. The next ones are about thebpreachers natural daughter and adoptive daughter. The natural daughter is older than 50 and moves to another town and starts a shop meets an american widow man who teachers her about living an adventure. He eventually reconnects with a girl who he and his wife almost adopted. The other book is aboutvan adopted girl who moves to new york as a model . Only she pretends tobe a minor model and is a supermodel. meets a teacher who also turns out to be an author. His stepmother turns out tobe the models 'real' mother. Thank you for your help.	7	https://goodreads.com/topic/show/23007432-solved-adult-contemporary-christian-greek-romance-around-2010-or-so-wri-page_1	2025-06-27T00:00:00Z
23007957	2025-01-12T00:00:00Z	goodreads	Adult fiction: Story of Adam and Eve but the snake has always been Eves friend	Read between 2008 and 2010. English book with a cover that had a girl standing in a garden but you could only see up her bare legs to mid thigh. A snake was wrapped around her thigh. The story is from Eve's perspective with the Snake as her guardian appointed by God. The Snake is to teach Eve how to be a human while God teaches Adam in a separate area of the Garden. Start's when they are both children. After they become adults God attempts to get Adam and Eve together but she prefers the company of the snake and the Snake does not agree with how God treats both her and Adam. God attempts to make Eve lay beneath Adam to 'copulate' but she has no interest and the snake takes her away when Adam hurts her. The snake then turns into a man (not sure if I remember right) and shows her how relations between and man and a woman should be.	3	https://goodreads.com/topic/show/23007957-solved-adult-fiction-story-of-adam-and-eve-but-the-snake-has-always-be-page_1	2025-06-27T00:00:00Z
23008322	2025-01-12T00:00:00Z	goodreads	Adult Romance series? Female lead (actress, singer) meets male lead (from rock band) at airport. Later, she and bff (model, drummer) start a band.	Looking for this book, I think it’s a series. She’s an actress (Or was) - bff is a model - I think her brother is an actor too.. When the book starts its when she’s at an airport (Going for a audition- She gets it and that how she becomes famous) she meets main guy from rock band, they chat for a bit. Then it skips to current time - Her and her bff start a band. She sings (maybe plays guitar too) - bff is the drummer. Then they meet the guys from famous rock band again (He remembers her) they collab. She and main guy from band start dating. That’s the basics of what I remember. I’m searching but coming up empty and its driving me crazy!	6	https://goodreads.com/topic/show/23008322-solved-adult-romance-series-female-lead-actress-singer-meets-male-l-page_1	2025-06-27T00:00:00Z
23010372	2025-01-15T00:00:00Z	goodreads	Adult Fantasy series with Political tones. Story mainly follows a male character who starts as unpowered nobody without a spirit. He bonds with nomadic tribe to try and stop skirmishes/ war. Roman Empire style. Spoilers.	It’s a series of around 5/6 books and has a fairly overt Roman Empire style and follows multiple characters. However the main character of the series starts out as an unpowered nobody, and he bonds with a nomadic tribe to stop the skirmishes/war, one of which a girl who becomes his future lover. As the series progresses he becomes an archeologist? And starts uncovering some secret that might cause? Or end?? A war that’s happening in the kingdom. But because he’s away from his mother who is a water spirit user he starts to develop his ability to talk with his spirits. Turns out his mother was the lover of a previous emperor? And she’s used her water spirit to suppress his ability to access the spirits he was born with. And through that he learns that he is the rightful heir to the kingdom and the series ends with him having a child with his lover. (I keep thinking of the name Gaius but I might be imagining that) Other major character includes The main characters lover. Who even though she’s a nomad and the nomads don’t have the ability to call the spirits she gains the ability because of her sleeping with the main character. A diplomat?? Lady with a wind spirit?? An Uncle?? of the main character general/captain guy with a fire spirit?? Those characters end up in a relationship. And it’s a fairly spicy one. (Hence why I remember it being an Adult fantasy and not YA)	4	https://goodreads.com/topic/show/23010372-solved-adult-fantasy-series-with-political-tones-story-mainly-follows-page_1	2025-06-27T00:00:00Z
23010813	2025-01-15T00:00:00Z	goodreads	Adult novel about woman in cult accused of murdering baby		4	https://goodreads.com/topic/show/23010813-solved-adult-novel-about-woman-in-cult-accused-of-murdering-baby-page_1	2025-06-27T00:00:00Z
23011506	2025-01-16T00:00:00Z	goodreads	Adult British Thriller: Woman goes missing and her colleagues are acting suspicious	Read summer 2024, and would say fairly modern, after 2000. British, believe maybe based in London? Switches character perspective and has time jumps. A woman has gone missing and her colleagues are very upset and wondering where she has disappeared too. Changes perspective of the colleagues and you learn a little about their lives leading to wonder which if any are involved for example a man keeps getting mass texts while at work, lady from HR knowing too much about people’s lives, a woman hates her colleague and believes she’s faking her life. They all go to the pub to try and bond in their grief. The HR lady also arranges work team bonding activities. The time jumps are to a young girl who is blamed for the things her sister does and is bullied by her. I think it may be called something like girl/woman missing or woman/girl missing which gives a lot of google results. Will add spoilers below. (view spoiler) [ the young girl kills her family by house fire and steals her twins identity, she goes to live with her aunt who she eventually pushes off a hill on a hike. She sees the lookalike of her sister at work and abducts her. She also sees a woman on her run and kidnaps her too. She is organising a birthday party for them to celebrate in her delusion. They work together to escape. The team bonding activity at work ends up being rock climbing and a man falls after his ropes are tampered with. A woman runs away after she is accused and then followed by her colleague. The 2 women escape and the person who did it sets fire to her house. (hide spoiler)]	3	https://goodreads.com/topic/show/23011506-solved-adult-british-thriller-woman-goes-missing-and-her-colleagues-a-page_1	2025-06-27T00:00:00Z
23011743	2025-01-16T00:00:00Z	goodreads	MC Romance. Heroine finds brother in MC but he doesn't want anyone to know they are related. The Hero thinks something is going on when he finds them both in the brothers room.	The h and her brother are estranged for some reason. Brother is in a MC she shows up to see him or something. She ends up with the H I think he is the president. One day there is a BBQ at the club and h goes in to talk to her brother an sees him with a girl. She says something about using protection. He take h into is room to talk an tells her that he doesn't want anyone to know she is his sister. When they open the door to leave H is standing there an angry think something is going on	1	https://goodreads.com/topic/show/23011743-mc-romance-heroine-finds-brother-in-mc-but-he-doesn-t-want-anyone-to-kn-page_1	2025-06-27T00:00:00Z
23011952	2025-01-16T00:00:00Z	goodreads	Adult Scifi: Man in space with his frozen terminally ill wife; ends up all over the galaxy. Spoiler.	In this scifi novel, a guy goes into space with his frozen wife to try to find a cure for her, maybe via time dilation. When he looks at her in a moment of weakness,the exposure kills her frozen body. He flies on, gets recovered by aliens who digitize his brain, is used to fight an invading killer species by sending copies of him all over the galaxy. Then he goes on a quest to recover all the versions of himself and reintegrate them. Finally maybe he recreates his wife in a virtual reality or something?	5	https://goodreads.com/topic/show/23011952-solved-adult-scifi-man-in-space-with-his-frozen-terminally-ill-wife-e-page_1	2025-06-27T00:00:00Z
23012700	2025-01-17T00:00:00Z	goodreads	Adult Mystery. Murder in an underground city in a Post-Apocalyptic World. Read 2000-2010.	First in trilogy. In post-apocalyptic world, people live in a vast underground city carved into rock. There are homes, businesses, and even a transportation system within the cavern. Above ground, the world is devastated, and remnants of the old world exist, including a ruined unnamed Library of Congress. There is a murder that the two main female characters investigate. Their stories run parallel then intertwine: Charlotte Mehan: A seamstress and Sgt. Lara Calladine: A police officer who investigates crimes within the underground city. Found the characters' names and setting using Gemini AI but its suggested book titles and author were not correct. Read the in early 2000s (2000-2010). Thanks in advance.	8	https://goodreads.com/topic/show/23012700-solved-adult-mystery-murder-in-an-underground-city-in-a-post-apocalypt-page_1	2025-06-27T00:00:00Z
23012864	2025-01-18T00:00:00Z	goodreads	Adult Urban Fantasy/ Romance - Woman (musician) who has psychic power but doesn't know how to control it is turned into vampire. Read around 2010-2015. Spoilers.	SPOILERS A young woman avoids people because she has psychic powers but can't control them so being around people is driving her crazy. She plays guitar and sings and that's like the one thing that makes her happy. She has a gig playing at a venue which is where she meets the male vampire who recognizes her power which she uses to control the mood of the crowd while performing. The vampire saves her and turns her into a vampire and helps her learn to control her power. He's a tech genius and very wealthy and the top vampire in the region. I think the story takes place in Texas. I think there's some kind of special vampire amulet that she ends up touching and becoming like queen of the vampires by the end of the book and there are vampires fighting over this amulet.	2	https://goodreads.com/topic/show/23012864-solved-adult-urban-fantasy-romance---woman-musician-who-has-psychic-page_1	2025-06-27T00:00:00Z
23013034	2025-01-18T00:00:00Z	goodreads	Adult Sci-Fi. Planet inhabited by wolf-like beings that live in collective groups.	The story unfolds on a foreign planet inhabited by intelligent, wolf-like beings that live in collective groups. These beings possess a rich culture but are divided into at least two rival states engaged in continuous warfare. The narrative follows a human family that crash-lands on this unfamiliar planet. In the chaos of their arrival, a girl becomes separated from the rest of the family members and end up unknowingly infiltrating different factions of the conflicting states. Both parts of the family assist their newfound allies to make black powder canons. Wolf-like beings live in collective groups (that are called individuals), communicating and sharing thoughts through ultrasonic sounds. This unique method of communication allows the members of the pack to synchronize their thoughts and ideas, creating a hive mind. This creates a unique culture where groups too near each other will hear each other's thoughts. With the human space ship, mold like thing end up in the planet. I read the beginning of this book in 2008-2015. I did read Finnish translation, so I may not use right terms for local inhabitants. Book was not new.	3	https://goodreads.com/topic/show/23013034-solved-adult-sci-fi-planet-inhabited-by-wolf-like-beings-that-live-in-page_1	2025-06-27T00:00:00Z
23013324	2025-01-18T00:00:00Z	goodreads	Adult Paranormal/ Omegaverse - FMC has a twin(?) sister who is a celebrity which causes self-esteem issues for the FMC - She's being stalked or harassed. Her new pack helps her with this issue. It is MMMMF or MMMF	I believe I read this book around 2022-2023 - but I do not know when the book was published (I'm always late to the table). There is a lot I don't remember about the details and sometimes I get scenes from multiple books mixed up, BUT I am pretty sure I'm not doing that now. I also remember she ""goes into heat"", and there are 3-4 male packmates who are all bi-sexual. I don't remember if the book is a standalone. I THINK she meets her pack via an agency. I hope I have given enough information to help. Oh, I did check my Kindle history and for whatever reason it's not there. Thanks in advance!	2	https://goodreads.com/topic/show/23013324-solved-adult-paranormal-omegaverse---fmc-has-a-twin-sister-who-is-a-page_1	2025-06-27T00:00:00Z
23013446	2025-01-18T00:00:00Z	goodreads	Adult Thriller/ Suspense: Search for a serial killer in a small town. Spoiler included	Help me remember the title of a novel. It is about a woman who goes to a new town to investigate a series of missing people. She may have been a detective or maybe an author? She stays in a cabin. But there was something weird about it when she arrived. She befriends a local bartender who helps her. Spoiler: she discovers the killer has been living in an abandoned place through the woods near her cabin, his chilhood home. She finds the bodies of those he has killed preserved and set up in various scenes in the house. I read this book sometime between 2021-2023.	3	https://goodreads.com/topic/show/23013446-solved-adult-thriller-suspense-search-for-a-serial-killer-in-a-small-page_1	2025-06-27T00:00:00Z
23013686	2025-01-19T00:00:00Z	goodreads	Book that might be YA. Secret poisonous garden, plane crash, mild spice??, on a farm for displaced women who come and go. No one can touch the main girls skin bc she became poisonous bc of the garden (kinda like in shatter me)	I read this a while ago, and it starts with a guy who hurt his leg by crashing his plane, and he's not a pilot anymore. Switches to a girl whose mom died bc she ate a poisonous mushroom, and she takes care of her dad's farm and runs it w other women who work for food and bed. She takes care of a poisonous garden, and she never lets any guys get too close or anyone touch her skin. Fast forward a little, and she and the guy meet again. They knew each other in high school and they practiced mild ✨️spicy✨️ as friends. Go back to after they meet again and he loves her and then she does ✨️spicy✨️ so he can see her since he can't touch her and I think he lost his sense of feeling physically bc of the crash. I really wanna read this over but I can't remember what the name is.	10	https://goodreads.com/topic/show/23013686-solved-book-that-might-be-ya-secret-poisonous-garden-plane-crash-mil-page_1	2025-06-27T00:00:00Z
23014291	2025-01-19T00:00:00Z	goodreads	Fantasy series. Cover art was an evil looking man with colored ovals on his head. Read around 1995.	I remember reading the first book in the series around 95ish. MC is a young woman who helped the local wizard/enchanter/bead maker after his shop was broken into and his different colored dirt(cannot for the life of me remember the word for colored dirt used in glass making) was scattered everywhere. She sorted the dirt by feel. The beads were based on a person's eye color and could be used to control or read a person's thoughts? Fuzzy on this last part.	4	https://goodreads.com/topic/show/23014291-solved-fantasy-series-cover-art-was-an-evil-looking-man-with-colored-o-page_1	2025-06-27T00:00:00Z
23015118	2025-01-20T00:00:00Z	goodreads	Book- Foster care. Fiction	the oldest girl in the foster house gets r*ped by the foster dad. A new boy comes in the house her age and they bond and they live by a river/ lake/ creek? That they go to at night. The girl and boy start to like each other. The foster boy and dad have a fight, the girl moves out. What book is this one I can’t find it anywhere??	4	https://goodreads.com/topic/show/23015118-solved-book--foster-care-fiction-page_1	2025-06-27T00:00:00Z
23015229	2025-01-21T00:00:00Z	goodreads	Covert ops Adult Romance series with Heroine/ Hero who has psychic ability. Spoiler.	Book published in early to mid 2010s. Book is first book in a series. Series has paranormal plots (non-shifter). First book starts with the heroine in an airport. The description below other than spoiler is the first chapter only. She works for an airline that she is using her employee benefits to use for her ticket. She sees the future of the plane flight. 3 men who are part of a team are in the airport waiting on the same flight. The leader notices her and has some psychic ability as well. The 3 of them talk to her and thwart the plane disaster. (view spoiler) [ possibly heroine's co worker Tim? A baggage handler has been coerced into adding a bomb? (hide spoiler)]	4	https://goodreads.com/topic/show/23015229-solved-covert-ops-adult-romance-series-with-heroine-hero-who-has-psych-page_1	2025-06-27T00:00:00Z
23015321	2025-01-21T00:00:00Z	goodreads	Adult Fantasy about a war for control of a flying city. Read around 2005-2010.	Hi I'm trying to remember this book I believe it was the first of a two parter. In it the hero a guy meets with an exiled sorceress from the flying city. I believe she was usurped by her sorceress sister and tries to fight to take it back. I remember she eventually allies with lizardfolk (sexy times in this book) and together they take back the city but the lizards betray her and free some kinda demon from inside the city and start to attack. I had this book something like 15 20 years ago I think. I want to see if it was actually good lol.	3	https://goodreads.com/topic/show/23015321-solved-adult-fantasy-about-a-war-for-control-of-a-flying-city-read-aro-page_1	2025-06-27T00:00:00Z
23015373	2025-01-21T00:00:00Z	goodreads	Adult Chick Lit, Romance. British woman goes to India to find her sister, falls in love with man from USA. Taxi driver. Published in 2010s.	In this women from UK went to India to find her sister . Over there she meet a man from USA and they fall in love .Two off them are searching for sister off this women together with taxi driver.This book come out in 2010s	6	https://goodreads.com/topic/show/23015373-solved-adult-chick-lit-romance-british-woman-goes-to-india-to-find-he-page_1	2025-06-27T00:00:00Z
23015768	2025-01-21T00:00:00Z	goodreads	Adult Romance: Widows friend bets her to hit on a guy in bar for a pair of shoes. Guy turns out to be a rockstar.	MC lost husband and son when a drunk teenage girl driver crashed into them. MC takes a million dollar settlement because the driver was the daughter of a public figure (politician I think) and the trial kept dragging her story through the media. She no longer has to work but does work as a family photographer to stay busy. One night her best friend finally convinces her it is time to go out so they head to a bar that they use to go to a lot. Her friend sees some guys by the bar and bets her a pair of shoes that she wont hit on the guy. MC goes up to them and tells them about the bet to get the shoes. Eventually when the friend comes over the friend recognizes the guy as a famous rockstar. They talk for a bit and he invites them to his concert. MC and rockstar hit it off and he asks her to be the band photographer for the tour. She agrees.	4	https://goodreads.com/topic/show/23015768-solved-adult-romance-widows-friend-bets-her-to-hit-on-a-guy-in-bar-for-page_1	2025-06-27T00:00:00Z
23016692	2025-01-22T00:00:00Z	goodreads	Adventure/ Romance. Written in early 1900s. A red headed bad boy hero & the heroine who helps him evade evil doers. Title has Leap or Jump in it, I think. Spoilers.	This is book written in the early 1900s and set somewhere in the mountainous West. Hero and heroine were friends when little. H is back from somewhere and still has a daredevil reputation partly from making a huge ski jump over a cavern. There's an evil potential OM that heroine has no time for that abducts her. She ends up jumping over the same jump the H did to escape. The evil OM tries to as well but falls to his death. H and h end up living in a cave in the mountains he's turned into an awesome home. Thanks	2	https://goodreads.com/topic/show/23016692-solved-adventure-romance-written-in-early-1900s-a-red-headed-bad-boy-page_1	2025-06-27T00:00:00Z
23017464	2025-01-23T00:00:00Z	goodreads	2000s Fantasy novel set in Middle East featuring djinns and main character called Fatima	I’d guess it was published around 2000-2010. There was some sort of quest involving the central character, who was a woman named (I think) Fatima, who was very feisty and brave, and also beautiful. She went into the underworld where she met a djinn and possibly they became lovers - but it wasn’t romantasy, it was more humorous in tone. There was also some sort of crack force of women known as the Luscious Doves, who were warriors but also irresistible to their victims. Borrowed from a library in the UK I remember it having a blue cover. The author may have had a non-western name.	7	https://goodreads.com/topic/show/23017464-solved-2000s-fantasy-novel-set-in-middle-east-featuring-djinns-and-main-page_1	2025-06-27T00:00:00Z
23017633	2025-01-23T00:00:00Z	goodreads	Adult Urban Fantasy(?) Set in modern London, where items have 'bad energy' that can be deadly. Main character is called 'Dominici' or 'Dom'. M/M pairings. Spoiler.	AUTHOR: ARIANA NASH BOOK: PRETTY TWISTED THINGS I went looking for another series I remembered more about... and it was the same author. First of all, I read this book anywhere from 4-6 years ago. It's one in a series, but just the first one will get me what I want. It's set in modern London. The main character is a part of a group that searches for objects that have collected 'bad energy' in them because of the trauma they were exposed to when in someone's possession. The main character is from the East End, his dad is some sort of thug. Main character's surname is 'Dominici' and he's called 'Dom'. He's shorter, stocky, and prone to fights. Dom's boss is secretive but generally well liked by the group. His sister disappeared some years back. He's got a fancy manor house. He secretly eats all the custard creams but claims to hate them. His name MIGHT be 'Richard'. The group go on the hunt for these 'cursed' items with weird, bad energy connected to them. It's possible for these items to be used as a destructive kind-of bomb. Dom has some special power to know if something is 'dirty'. In this world, America seems to have some sort of serious issue with people like Dom. I can't remember directly. Dom meets some government agent and they bang/date. I THINK Dom is convinced this guy is like... after him or something. SPOILER - In the most recent book I read of the series, Dom and his boss fake their deaths. Some magic mojo happens and Dom is like 'bro I'm the chosen one' or something. - At some point Dom is kidnapped by some weird doctor/scientist who wants to do tests on people like him.	1	https://goodreads.com/topic/show/23017633-solved-adult-urban-fantasy-set-in-modern-london-where-items-have-b-page_1	2025-06-27T00:00:00Z
23018474	2025-01-24T00:00:00Z	goodreads	Adult Horror, Alt-World book: German and/or WW1 Trench Soldiers are teleported either to Hell or an Alt-Dark World	Year: 2013- 2020 (At the latest) Book cover has a gas mask man on front of the book while the background is covered in either red or fire. Story blurb has these WW1 Trench Soldiers being taken from their world into a worse place. Its either Hell or an Alt-Dark world just as bad. May have been mentioned on either Grimdark Magazine, The Weird Sub Reddit, Mark Lawrence Indie Books, or the Johnathan Mayberry's blog. It's a 3 book series.	2	https://goodreads.com/topic/show/23018474-solved-adult-horror-alt-world-book-german-and-or-ww1-trench-soldiers-page_1	2025-06-27T00:00:00Z
23019262	2025-01-25T00:00:00Z	goodreads	Adult Short novel - A guy meets up another guy, they enter a poker game with a crazy old guy and lose everything. So now they’re forced to build a wall in the old guys backyard	I’ve read this book a year ago and can’t remember the title. Essentially, there is one guy, the main character, he has a sister and one day he just leaves his job and starts traveling in his car across the US. Then, as he runs out of money he meets another, younger guy. They enter poker tournaments and they want to get into a big one. They manage and enter the game with one (or two) crazy old guys. They lose everything and since they have no money the old guy offers them the chance to earn money by building a wall of stones in their huge backyard/property. So they live in a container and build the wall slowly. But every time they think they earned enough money, it turns out that the old guys have made some tricks in their contract and they can’t leave. The younger tries to escape but ends up being beaten up badly and has to go to a hospital. The book ends with the first guy crashing a car (or we don’t really know if this happens) with the guard in it. So they never left the place after all. Thanks for your help guys!! 😊	2	https://goodreads.com/topic/show/23019262-solved-adult-short-novel---a-guy-meets-up-another-guy-they-enter-a-pok-page_1	2025-06-27T00:00:00Z
23019970	2025-01-26T00:00:00Z	goodreads	Adult fiction about a boy who lost his parents at the beginning then got scammed of his inheritance by his uncle who also stole his girlfriend then he enlists to war as an engineer	I can't remember the name nor the author But the book is grouped into sections Some are in I think US While the others are in France The ones in France start with one franc a liter, two francs a liter and so on	3	https://goodreads.com/topic/show/23019970-solved-adult-fiction-about-a-boy-who-lost-his-parents-at-the-beginning-page_1	2025-06-27T00:00:00Z
23020810	2025-01-27T00:00:00Z	goodreads	Adult Sci-Fi, Space-Opera. In the vein of the Bobverse, book is about a man waking up to find the entire galaxy has gone hostile on humanity, his only companion in an A.I	Possible plot points include: - A.I being either (banned/hunted down) do to them becoming insane gods. - Finding others humans in the galaxy. - The A.I and human are partners in a Grey Mouser/Fahrd type situation. Its a 7 book series on Amazon or 5, it's been awhile.	7	https://goodreads.com/topic/show/23020810-solved-adult-sci-fi-space-opera-in-the-vein-of-the-bobverse-book-is-page_1	2025-06-27T00:00:00Z
23022012	2025-01-28T00:00:00Z	goodreads	Adult (YA) Romance about a boy with and abusive father who lives next to the girl that he loves. They have a falling out and reconnect after the girls parents die and they both end up living in their old home at the same time.	YA books about high schoolers how live next to eachother . The boy has an abusive father and becomes close with the girls family (especially her father who maybe a lawyer) they are best friends and he sneaks into her house using a tree on the nights his dad would abuse him and his mother. They fall asleep together while listening to music (maybe). The boys mother is also being abused. The abusive father starts hurting the son one night and the girl sneaks out of her house to stop the father. She sneaks into the back door and the father sees her and (maybe) beats her for sneaking into his house (she definitely got hurt somehow but I can’t remember how exactly). The son gets mad at the girl because he didn’t want her to get hurt and now she is hurt because she didn’t listen to him when he told her to never go to him house. The cops get called eventually and I’m pretty sure that the son goes to jail because the mom refused to throw the dad under the bus about being abusive. The girls father is a lawyer and helps him. I remeber the parents having a quirky house and the boy would come over to play chess with the dad and stay for dinner a lot. (I think) There is dual time lines because in the future I’m pretty sure he is a lawyer and she is back because hr parents just died and she is staying at the house for a while. They reconnect because of her parents died and they are staying at their old houses. I read this books sometime in the last 2 years but am not sure when it was published (definitely a newer book).	9	https://goodreads.com/topic/show/23022012-solved-adult-ya-romance-about-a-boy-with-and-abusive-father-who-lives-page_1	2025-06-27T00:00:00Z
23022097	2025-01-28T00:00:00Z	goodreads	YA Thriller/ Mystery, possible spoilers. about girl getting kidnapped	Okay so I read this book back in high school maybe 8 years ago. The title has been bothering for years and google hasn’t helped in finding the book. From what I remember a young girl is driving for a book signing or publishing her book event (i’m not even sure this is correct lol) she gets in a car accident she’s sitting there for a while with no help and someone pulls up to help her. she is excited there’s help. a young girl and what I believe was her mom come up and kidnap her. they keep her in the basement and come down to feed her that’s about it. that’s all i remember unfortunately if anyone can help please do. thank you!	3	https://goodreads.com/topic/show/23022097-solved-ya-thriller-mystery-possible-spoilers-about-girl-getting-kidn-page_1	2025-06-27T00:00:00Z
23023509	2025-01-30T00:00:00Z	goodreads	Adult (YA) Romance - Teenage girl falls in love with boy next door who has an abusive father. Spoiler.	He sneaks into her room at night by climbing a cherry tree and spends the night. *SPOILER ALERT* . . . . . She eventually calls the police during one of his father’s outbursts and his father breaks her arm, causing her to lose a scholarship. Her parents are nice and her father’s a lawyer. Can’t remember the rest of the plot.	13	https://goodreads.com/topic/show/23023509-solved-adult-ya-romance---teenage-girl-falls-in-love-with-boy-next-do-page_1	2025-06-27T00:00:00Z
23024617	2025-01-31T00:00:00Z	goodreads	Adult Fiction, female immortal with flashbacks between modern day and puritan America, it may take place near Boston. Read around 2012	Female immortal who is changed after being sexually assaulted, may be a vampire but not sure. She is being pursued by the man who changed her. Checked out at library and it is not on my library account. Any help would be great!	2	https://goodreads.com/topic/show/23024617-solved-adult-fiction-female-immortal-with-flashbacks-between-modern-da-page_1	2025-06-27T00:00:00Z
23025313	2025-02-01T00:00:00Z	goodreads	Adult Romance novel - Australian settings. Story of Emerson and Malakai... Read this book in 2020, don't remember when it was published I put as much info as I can in the comments. Spoilers.	Are you sure it was spelled Malakai and not Malachi?	3	https://goodreads.com/topic/show/23025313-solved-adult-romance-novel---australian-settings-story-of-emerson-and-page_1	2025-06-27T00:00:00Z
23027726	2025-02-03T00:00:00Z	goodreads	SOLVED adult/mother of a child given up for adoption finds out her fiance is the son she gave up	More info: During the industrial period, a young girl went to a city to work in the factories to support her parents and siblings. She gave birth to an illegitimate boy child. Her aunt told her it was a girl and gave the child up for adoption. Later on in life, the mother of the adopted child attempted to commit suicide after being told by her aunt that her fiancé was indeed her son.	2	https://goodreads.com/topic/show/23027726-solved-adult-mother-of-a-child-given-up-for-adoption-finds-out-her-fianc-page_1	2025-06-27T00:00:00Z
23028599	2025-02-04T00:00:00Z	goodreads	1990s Adult Sci-Fi/ Anthropology book titled ""Link"", can't remember authors.	The book is about researchers on an anthropology dig that discover the missing link. Along the way you discover they are former lovers/divorced, which adds to drama. Genre: Best fit would be Sci-Fi, but also a bit of History/Anthropology in the mix. I read it in the around 1995/1996 in hardback when I worked at a library, so I imagine it came out in early/mid 1990s. Given the short and generic title, my google searching has turned up very little help. So turning here in the hope that someone might know the book. Any suggestions are welcome! Thanks all.	4	https://goodreads.com/topic/show/23028599-solved-1990s-adult-sci-fi-anthropology-book-titled-link-can-t-remem-page_1	2025-06-27T00:00:00Z
23029390	2025-02-05T00:00:00Z	goodreads	Adult Sci-Fi novel title and story name help, maybe the uplift series?	Goodreads, I was watching a star talk episode clip about interstellar. The important part is NDGT said something about going to a planet close to a blackhole. That reminded me of a sci-fi space opera book series I read many years ago. The parts I can remember are how humans are fairly new to space travel. And something to do with a bar or agency where people are paid good money to use some sort of pods that actually belong to whole other species that was thought to have gone into hiding or simply disappeared somehow to avoid being killed off from a even more advanced, brutal, hostile species. From what I remember humans didn't actually understand how to use the pods all that well, but many coordinates were marked as bad because they'd take the pilot to dangerous location so certain death. One human male adult (?) tried his luck and the description said ""the unmistakable maw of blackhole"". I think this same book involved a murder plot on a space ship, and a who-dunit. I want to say book that takes place in the same series much latter actually involves one of the mysterious species of aliens who were very friendly to humans. So much so that at one point in this books series two kids: one human one of the friendly ___'s (I can't remember the name :( ) but something about they were gaunt and thin, and kind of humanlike, and the author noted that they complained that human math was 'so positional' . I think a human child and a child of family of ____'s went to a library or something? something to do with using a recording device that somehow captured a message from a very brutal old species that everyone thought had died off a long time ago. Somehow this childs recording thing when she took it to someone to figure out what the noise was, that recording accidentally got mixed up for whole other one. And the kids recording was braudcast all across the planet somehow releasing some of the hostile species, as well as alerting the ___'s that were still in hiding to come out and help keep earth from being taken over. I think the ___'s ships were so advanced they were able to hide using blackholes somehow. I had thought these memory snippets might have been from the uplift war series. But I just can't get google to show me enough details for anything to ring a bell. Anyone have some other ideas what the book series I'm trying to remember might be?	6	https://goodreads.com/topic/show/23029390-solved-adult-sci-fi-novel-title-and-story-name-help-maybe-the-uplift-s-page_1	2025-06-27T00:00:00Z
23029622	2025-02-05T00:00:00Z	goodreads	Adult Romance. The Rockstar who has a Doctor ‘girlfriend’ he visits occasionally. Read around 2012-2013.	I read this about 12 years ago. It’s about a rockstar who get together with this lady when he’s near the city where she lives. She thought she was one of many he has all over the country, like a girl at every city. Whereas he had really fallen for her. He failed to let her know this though. Until he did, and there lies the story. I can’t for the life of me remember the title. Please help me out. Thank you..	8	https://goodreads.com/topic/show/23029622-solved-adult-romance-the-rockstar-who-has-a-doctor-girlfriend-he-vis-page_1	2025-06-27T00:00:00Z
23029803	2025-02-05T00:00:00Z	goodreads	Adult College Romance. Guy is rich football star kid named Romeo and Girl is poor. Middle name Juliet. She gets pregnant and his mom pays for her abortion secretly to send her away. Read it around 2016-2017.	I remember this one scene specially where they are sitting. And she confesses that her middle name is juliet.	6	https://goodreads.com/topic/show/23029803-solved-adult-college-romance-guy-is-rich-football-star-kid-named-romeo-page_1	2025-06-27T00:00:00Z
23030058	2025-02-05T00:00:00Z	goodreads	British police series	Looking for a British police series. Main detective is a man but he has a male and female as his two assistants. One book has them trapped on an island in an older home where vacationing (recovering) people are staying and one was killed. Another has them back at home and the two assistants are often off individually investigated different leads to solve the crime-typically each faces great peril before the climax. One of the books had her driving a long way to interview a man the reader know is the killer and it was so suspenseful as she is driving and the main detective is putting all the pieces together and the reader is hoping he figures it out before she gets to his house-he doesn’t but it all works out thankfully. Loved these books-read maybe 10-15 years ago?	4	https://goodreads.com/topic/show/23030058-solved-british-police-series-page_1	2025-06-27T00:00:00Z
23030681	2025-02-06T00:00:00Z	goodreads	Adult Thriller. Norway, mental illness, betrayal, rural town, winter, cheating. Read around 2020-2022.	book written by a norweigan writer named something like jo, bought it around 2020-2022. It is about a guy with a brother who comes visiting from some caribbean island im guessing barbados ( ? ) with a new redhead fiance or wife not sure. father was horrible and mistreated the younger one especially much ( brother coming from the islands ). They live/come from a rural town in northern norway and mc works in a gas station. EDIT: The book is called kungariket in swedish which I guess would translate to kingdom (?) the book has a red im guessing cadillac on the cover!	3	https://goodreads.com/topic/show/23030681-solved-adult-thriller-norway-mental-illness-betrayal-rural-town-wi-page_1	2025-06-27T00:00:00Z
23031076	2025-02-06T00:00:00Z	goodreads	Adult Fiction about a woman whose husband died and a man turns up at the doorstep saying he knew her husband and that he is still alive	I remember the book, the cover was like a quilt almost. The book is about a woman who is in grief about her husband passing away. A man (his brother?, himself?) turns up at her door and says he knew her husband and he is still alive. He takes her across Europe stopping at stops and she has these flashbacks of her husband and their trips. She met him in a tour where he was the guide, they went to places and he would tell vivid stories. He used to be a tour guide. A parallel story runs about a young woman and her father and a war. The man dies, and is reincarnated. The next story is him with a monk and about chickens. The next is about being a soldier. The twist is that he was the person all along and the stories he told her was of himself in his previous lives. Near the end a man comes and brings her to him. Her husband tells her the truth and she says she wants to be like him forever. Minor things I remember: he made the best eggs. They were described as buttery and like a cloud. I think the secret was that he used cream or something and baked it.	4	https://goodreads.com/topic/show/23031076-solved-adult-fiction-about-a-woman-whose-husband-died-and-a-man-turns-u-page_1	2025-06-27T00:00:00Z
23031212	2025-02-06T00:00:00Z	goodreads	Coming book about a guy trying to commit suicide	I recently went to “le salon du livre de Montreal” and found an English comic book or graphic novel where it starts off with the main character is standing on the edge of a building contemplating on jumping but behind him are hundreds of spirits waiting for him to die to claim his body. I think the title was along the lines of _____ just wants to die .	3	https://goodreads.com/topic/show/23031212-solved-coming-book-about-a-guy-trying-to-commit-suicide-page_1	2025-06-27T00:00:00Z
23031855	2025-02-07T00:00:00Z	goodreads	Adult Historical Romance that opens with a man tied to a pole and a woman comes to his rescue. Read in 1980s.	Historical romance could be set in Scotland/england. Opens with a man who is tied to a pole in a castle courtyard. His men are coming to rescue him but a woman finds him first and unties him. It’s cold and his feet are freezing so she puts his feet against her belly to warm them. He captures her and they eventually fall in love over the course of the book. I think the cover may be purple. I read it in the 1980s and would love to read it again.	5	https://goodreads.com/topic/show/23031855-solved-adult-historical-romance-that-opens-with-a-man-tied-to-a-pole-an-page_1	2025-06-27T00:00:00Z
23031944	2025-02-07T00:00:00Z	goodreads	Adult MC Romance, read within last 5 yrs, mmc finds fmc outside during winter, she's pregnant and on the run. He brings her in the clubhouse and falls in love first, I'm pretty sure his name is reaper or reaper is in the title	MC romance, read within last 5 yrs, mmc finds fmc outside during winter, she's pregnant and on the run. At first he thinks she's dead due to her being so cold and small. He brings her in the clubhouse and falls in love first, I'm pretty sure his name is reaper or reaper is in the title	5	https://goodreads.com/topic/show/23031944-solved-adult-mc-romance-read-within-last-5-yrs-mmc-finds-fmc-outside-page_1	2025-06-27T00:00:00Z
23032329	2025-02-08T00:00:00Z	goodreads	Adult Historical Romance series involving a Duke and his siblings	I'm trying to find a historical romance series involving a Duke who came into the title young and looks over his numerous siblings. The Duke is considered a bit cold. In one of the books, one of the brothers who was thought killed in battle returns from the war. He arrives just as the family is celebrating the wedding of one of the sisters. I've searched everywhere -- google, google books, Amazon, my own book library. Please help! Thank you.	3	https://goodreads.com/topic/show/23032329-solved-adult-historical-romance-series-involving-a-duke-and-his-sibling-page_1	2025-06-27T00:00:00Z
23032663	2025-02-08T00:00:00Z	goodreads	Adult Romance - Young woman revisits her past loves	A young girl reads that women are more likely to find their true love within the first 7 people she dates. After reading, she fears that she missed out on the love of her life, and goes back to revisit her past lovers in hopes of finding the one that she was meant to be with. This book I believe was released recently as I saw it in December 2024-the beginning of January 2025 on a table in B&N. The cover was red, and the people on it were illustrated. Author didn't seem to be well known as I can't recall her name.	4	https://goodreads.com/topic/show/23032663-solved-adult-romance---young-woman-revisits-her-past-loves-page_1	2025-06-27T00:00:00Z
23033983	2025-02-10T00:00:00Z	goodreads	Adult Mystery. Native Young woman to a cold snowy country trying to solve a murder.	The woman gets to know a kid, who falls from the top of a building. There’s a man who is skilled in machines that doesn’t speak much she befriends. She has a rich father that is disappointed in her from another country. But she thrives on hard manual work in the cold. I read this book maybe 5 years ago but it was older even then. Maybe late 90s, early 2000s? Spoiler is that it turns vaguely into a sci fi plot. The woman is left stranded and half dead once the ship reaches its destination somewhere in the middle of nowhere snow country, but has to fight her way back for some element that the ship owners sought. I really liked how the beginning of the book was written but wasn’t as impressed halfway through. Probably because I don’t love sci fi usually - but I’d like to recommend it to someone who does. Thanks all!	5	https://goodreads.com/topic/show/23033983-solved-adult-mystery-native-young-woman-to-a-cold-snowy-country-trying-page_1	2025-06-27T00:00:00Z
23034210	2025-02-10T00:00:00Z	goodreads	Adult Dark Romance. Woman runs from sexually abusive husband, lives in car, gets job in bar, falls for the bar's owner, husband finds her... Spoilers.	I was reminded of this book but cannot recall the title or author or any of the characters names. The main character arrived in a small town and was sleeping in her car. Another woman helped her get a job at her brothers bar and a place to stay. She falls for the bartender but has a lot of emotional baggage from the sexually abusive husband. The husband finds her and tries to abduct her but takes the bartender's sister instead. The women tries to save the sister but ends up abducted too. The bartender tries to save them but the sister does not make it. I've never read a book that involved sexual abuse in detail before and it burned into my memory but just not the title. I read it within the last 10 years I'd say.	5	https://goodreads.com/topic/show/23034210-solved-adult-dark-romance-woman-runs-from-sexually-abusive-husband-li-page_1	2025-06-27T00:00:00Z
23034437	2025-02-10T00:00:00Z	goodreads	Adult Mystery/ Thriller - After death of son, woman solves longstanding murder mystery. Read around 2016.	A young, single woman (maybe reporter? investigator?) is still mourning the loss of her son, who died unexpectedly from an aneurysm when he was a toddler. She solves a longstanding murder case in a Southern (?) town - maybe her hometown? If I recall correctly, a young boy had been drowned decades earlier in a swamp (?). She ends up dating one of the guys in the town. Read around 2016 or so.	4	https://goodreads.com/topic/show/23034437-solved-adult-mystery-thriller---after-death-of-son-woman-solves-longs-page_1	2025-06-27T00:00:00Z
23034455	2025-02-10T00:00:00Z	goodreads	Adult Mystery/ Romance novel with multiple (maybe three) parts. One female lead who has psychic dream and another female lead who has a search and rescue dog.	Tuesday's Child SOLVED SOLVED SOLVED Tuesday's Child and Hide'n Go Seek by Dale Meyer This was a romance/mystery novel that I read as a young adult maybe 2016-2020. It has multiple parts, I want to say three, but I only remember the plot of two parts. Part one: female lead has psychic dreams about people getting murdered by a serial killer. She experiences the murders in first person, feeling the pain, and wakes up with blood all over her bed. She’s very scared/timid, but goes to the police station. They don’t believe her at first, and then are suspicious of her because she knows about the crime scene. One police officer (male lead) gives her a chance since he has previous experience with others people that have psychic abilities. He sees first hand what happens to her, her documentation about what she remembers, and how it corroborates with the crime scene. He ends up working with her to find the killer and ends up needing to protect her from the killer. Eventually falling in love. Part two: a girl is a disaster first responder with a search and rescue dog. She responds to an earth quake and begins encountering weird things and dead bodies that don’t match the disaster. There’s a male lead and romance for sure, but I can’t remember that part well. Ultimately she finds out one of her friends that responds to disasters with her is the killer. That’s all I can remember, any help is appreciated.	4	https://goodreads.com/topic/show/23034455-solved-adult-mystery-romance-novel-with-multiple-maybe-three-parts-page_1	2025-06-27T00:00:00Z
23036611	2025-02-12T00:00:00Z	goodreads	Adult Folk/ Gothic/ Dark Lit? Sheep(?) farm or ranch, bleak, cold weather, female protagonist needs help with bad weather rolling in. Set in Britain?	I am not sure if it is considered gothic or possibly folk horror, or maybe dark literary...but it falls in those ""types"" of books. It seemed to me to be kind of dark in landscape (cold and bleak) and somewhat of a slower burn. I remember it to be along the vibes of ""Barrowbeck"" or maybe even ""Hare House."" I recall it being set on a farm or ranch (there was a pasture/s; there were sheep, I think bad weather rolling in, and a woman -- not sure if she was all alone or had a family? -- needing help with it all. A drifter (?) enters the plot at some point. I recall a scene at the beginning where the woman was helping a ewe deliver. I also think it was set in, say, England, Ireland, or somewhere over the pond. Definitely not the States, Canada Oz, South America or Mexico. I think the reviews were in the low 3s but that's okay -- my favorite book is ""The Dead House"" (Billy O'Callaghan) and its overall rating is 3.47. Matter of fact, I think when I found ""TDH"" originally, that's how I found the book I'm looking for now; It was listed under ""Readers also enjoyed..."" But I've tried that route and, alas, have had zero luck. I know this is a huge request and huge shot in the dark, but I figured, even with the obscure description, you guys would be my best chance. And lastly, speaking of obscure, this book was relatively obscure too, compared to any ""mainstream"" books. At least, over here in the States. I KNEW I should have added it to my TBR! If this rings a bell to anyone, please, for the love of all things good, help! Thanks in advance : )	10	https://goodreads.com/topic/show/23036611-solved-adult-folk-gothic-dark-lit-sheep-farm-or-ranch-bleak-col-page_1	2025-06-27T00:00:00Z
23038918	2025-02-15T00:00:00Z	goodreads	Adult Science Fiction. Man is abducted by old friend and taken aboard spaceship, he then Crashlands on a planet and ends up speaking to the god of the creatures on that planet	Man is abducted at the beginning of the book on a rainy day in London I believe by an old friend then wakes up in a spaceship and the first thing he notices is that the corners of the wall aren't parallel because the ship's floor is spherical, he then crash lands on a planet with various species on it, the creatures I can remember were light creatures, others called skorns, other ones that lived in big valleys and were very short in stature, and frog-creatures. He then goes to to talk to the god of all the creatures on this planet by climbing a giant mountain and on the way I think he find out he is on Mars as he looks through a telescope and sees earth, and on his way to the mountain summit because the air is so thin he need to use oxygen canisters provided by the inhabitants of this mountain (I think those were the skorns) the creatures were very long and pale. he reaches the summit and travels in through the top of the mountain as it is akin to a volcano. read this book around 2023-2024 and it seemed like a very old book	4	https://goodreads.com/topic/show/23038918-solved-adult-science-fiction-man-is-abducted-by-old-friend-and-taken-a-page_1	2025-06-27T00:00:00Z
23039181	2025-02-16T00:00:00Z	goodreads	Adult Romance about a rich billionaire who hires her to take care of his younger sister with autism. The sister has a meltdown at an event and he blames her for that. They are a very rich and prominent family that is hounded by the paparazzi	It is a part of a book series and the autistic sister is a FMC in the next book and she is in love with a family friend who doesn't like her.	4	https://goodreads.com/topic/show/23039181-solved-adult-romance-about-a-rich-billionaire-who-hires-her-to-take-car-page_1	2025-06-27T00:00:00Z
23039586	2025-02-16T00:00:00Z	goodreads	Wattpad. Adult Paranormal Romance on Werewolves. Female lead has golden blood who is rejected by her mate. Spoiler.	I vaguely remember the details. So, I'll try to give as many details as possible. The story revolves around werewolves. The male lead rejects the female lead when he comes to visit her pack. Right after the rejection, she goes into heat. The male lead still isn't ready to accept her. They go on a trip/mission together. This trip brings them sort of close. There's a major point about the female lead - she has golden blood as the moon goddess blesses her. There are also griffins in the book. In the end, there is a war between the griffins and the werewolves. I read the book on Wattpad around 2019, I think.	3	https://goodreads.com/topic/show/23039586-solved-wattpad-adult-paranormal-romance-on-werewolves-female-lead-has-page_1	2025-06-27T00:00:00Z
23039770	2025-02-16T00:00:00Z	goodreads	Adult Romance spans decades. FMC’s name is George I believe & is the youngest. All her siblings (all boys) are named after musicians or songs. She has a brother named Marley who is in a band. 2 love interests. Read around 2024. Spoilers.	Spoilers! Spoilers! Spoilers! It starts off with FMC meeting her 1st live when they are kids. He is her brothers best friend and they get together when they are teens. Him and her brother are in a band and go out on tour together after the brother and boyfriend are accused of rape she breaks things off. After a while she eventually moves on with her second love after meeting him at his bar. He does not initially want anything to do with her after he finds out who her dad is ( they both have criminal ties). She eventually gets back with her first love (which crushes her second love) and marries him. She bumps into her second love at his club while married and has sex with him. Her and her husband also buy the house her second love is selling. Her husband dies and she eventually gets back with her second love.	4	https://goodreads.com/topic/show/23039770-solved-adult-romance-spans-decades-fmc-s-name-is-george-i-believe-is-page_1	2025-06-27T00:00:00Z
23039910	2025-02-16T00:00:00Z	goodreads	Historical Fiction I think? About a man who dreams of the perfect woman and then meets her in real life.	I think it was called “The Apothecary.” I read it in high school, so somewhere between 2014-2016. It was about a man who lived in a cabin in the woods and one night he dreamed of the perfect woman. He was selling flowers in town the next day and he met THE woman. He starts to try to get to know her, they start to connect, at some point she realizes she’s fascinated by how accurately he can imitate bird calls (it’s like he’s speaking to them) and then she gets sick. He helps her get better, and on the last page of the book, she finds him in the woods and he cries and yells “My dream girl!!” and they embrace. I remember it being such a sweet book and I cannot find it for the life of me.	3	https://goodreads.com/topic/show/23039910-solved-historical-fiction-i-think-about-a-man-who-dreams-of-the-perfec-page_1	2025-06-27T00:00:00Z
23040262	2025-02-17T00:00:00Z	goodreads	Adult Romance. Woman wants to marry an Italian man. Marries ""perfect man"" and they travel back to Italy, but his mother hates her. Published in 1990s/2000s? Spoiler.	I hope the title is okay - will amend if I can/asked to! So, about 10-15 years ago (maybe longer!) I read a book about a woman who had wanted to marry an Italian man for her whole life, wanted the “Italian stallion” looks, manners (maybe money? I can’t remember if that was part of her criteria!) She eventually finds and marries her “perfect man” and travels back to Italy with him to meet his family/friends (or maybe they moved there?!) His mother hates her - and wishes he married his childhood sweetheart/friend who is a gorgeous Italian woman While in Italy, she’s shopping one day and meets an American man (I think the FMC is British!) who maybe makes some point about Italians having quite big cultural differences so she left in a huff (or I got it wrong and it happens later on) I think the couple also have trouble conceiving.. either that or his family are just pushing for them to start having children too soon! Either way, they start having some marital problems Husband then starts cheating with said Italian woman, and the FMC is embarrassed/hurt and goes off into town, where she meets the American man (again, if I was right earlier) and they fall in love and get together I’m so sorry for the somewhat crazed explanation - I hope it is recognisable to someone who’s read it too? Either that or I imagined this whole book, but I’m so sure I didn’t! I read this book so long ago now (and was somewhere between the ages of 10 and 16) so I’m not sure if I’m missing any details but please ask if you have any questions, or let me know if you have read it!! Thank you ☺️	4	https://goodreads.com/topic/show/23040262-solved-adult-romance-woman-wants-to-marry-an-italian-man-marries-pe-page_1	2025-06-27T00:00:00Z
23040480	2025-02-17T00:00:00Z	goodreads	New Adult Romance. Female lead attacked in a park, after being in the hospital she goes to live with her brother and brother's best friend. Read around 2022.	She has post-traumatic stress and no man can touch her. She has no mother. She falls in love with her brother's best friend.	9	https://goodreads.com/topic/show/23040480-solved-new-adult-romance-female-lead-attacked-in-a-park-after-being-i-page_1	2025-06-27T00:00:00Z
23041157	2025-02-18T00:00:00Z	goodreads	Adult fiction. Character name: Lake Eastman, a beautiful but troubled actress. Read before 1995.	I read this over 30 years ago and loved it.. i just remember one of the characters name is Lake Eastman, who was a beautiful but troubled actress named Lake Eastman.. her and her 2 best friends.. i feel like her college roommate? a girl and a man, (Benjamin?) I don't remember many details but the name Lake Eastman... anyone?	4	https://goodreads.com/topic/show/23041157-solved-adult-fiction-character-name-lake-eastman-a-beautiful-but-tro-page_1	2025-06-27T00:00:00Z
23041678	2025-02-18T00:00:00Z	goodreads	Adult Realistic Fiction/ Drama. Seattle-based, a woman is one of three(?) wives of a man and he splits his time amongst the three.	*spoilers ahead* I DNFed this in 2022 and for the life of me can not remember the title. I remember the FMC being a blonde woman who is dating this man who also has other wives/partners. The two aren't technically married since his first wife is his legal wife. He might have a kid or two. She spends her time cooped up in ""their"" apartment waiting for him to come home on I want to say Tuesdays, but he spends most of his week working in Portland. I vaguely remember him having a friend named like Simon or something that FMC talked with, and I DNFed right around the point she was realizing that one of the other wives was getting abused. Oh yeah, the wives were not allowed to communicate with each other. The vibe of the book was more modern and it definitely wasn't YA. I feel like the cover was like greyish blue and depicted three women but I could totally be wrong. Thank you for any ideas!	3	https://goodreads.com/topic/show/23041678-solved-adult-realistic-fiction-drama-seattle-based-a-woman-is-one-of-page_1	2025-06-27T00:00:00Z
23042682	2025-02-20T00:00:00Z	goodreads	Adult Mystery: Man inherits aunt's? cottage in a village. She was eccentric, and the cottage's colors are whacky. He starts solving mysteries, and sets up a library in part of the local manor house and the local goth girl becomes the librarian.	The first mystery had something to do with his aunt's death, i think. His best friend from London sends books for the library and eventually discovers the charm of village life. The local inn has surprisingly plush rooms.	4	https://goodreads.com/topic/show/23042682-solved-adult-mystery-man-inherits-aunt-s-cottage-in-a-village-she-wa-page_1	2025-06-27T00:00:00Z
23044121	2025-02-21T00:00:00Z	goodreads	Adult Spiritual Fiction about a man that finds and old computer at a monastery that begins talking to him of its own volition about the state of the world. Read mid-1980s.	This book is an old one. I read it back in the mid-eighties and would like to read it again. It concerns a certain traveler that is given sanctuary in a monastery high up in the Himalayas and he soon discovers that there is an old computer on site. He tries to fix it. Much to his consternation the old thing starts talking to him of its own volition. Whether it is Gaia herself that is accosting him or not, I can't remember, but she has a great deal to say regarding the lamentable state of the world and our own part in its destruction among many other things.	6	https://goodreads.com/topic/show/23044121-solved-adult-spiritual-fiction-about-a-man-that-finds-and-old-computer-page_1	2025-06-27T00:00:00Z
23044545	2025-02-22T00:00:00Z	goodreads	Adult Thriller set in Dublin, in which protagonist kills sister. Part of plot is a Whatsapp message sent to 300+ people in error.	Husband read sample of this then helpfully deleted it from Kindle. Think it must be relatively recent.	2	https://goodreads.com/topic/show/23044545-solved-adult-thriller-set-in-dublin-in-which-protagonist-kills-sister-page_1	2025-06-27T00:00:00Z
23045769	2025-02-23T00:00:00Z	goodreads	Adult Fiction/ Magical Realism. Latin American children's playwright tries to find his ""disappeared"" wife.	Hi all, I'm trying to find a book I read in 2010, but never finished. The book was part of a class assignment when we were covering latin american literature and magical realism. It may have been written in Spanish originally, if so, I was reading an English translation. The protagonist is a man who happens to write children's plays, perhaps he is a relatively beloved librarian. His wife may have been some sort of city administrator. Either way, I believe her outspokenness got her abducted-- ""disappeared"" -- as they refer to militia-led kidnappings that have ravaged the country and led people to comply out of fear. The protagonist is heartbroken, distraught, but doesn't know what to do. In his despair, he has a dream, in which he sees his wife in a sorry state, perhaps having recently been tortured. When he wakes, he is thrilled to have seen her alive, and he begins feeling like he can bring her back... Not entirely sure where it was going from there because that's all I read. Any thoughts, ideas, suggestions? Thanks a million.	2	https://goodreads.com/topic/show/23045769-solved-adult-fiction-magical-realism-latin-american-children-s-playwr-page_1	2025-06-27T00:00:00Z
23046013	2025-02-23T00:00:00Z	goodreads	Adult fiction. Two friends or sisters own a business, one loses weight and goes off with other’s husband	This is NOT a romance book. The friends or sisters own a business with the husband. One of the friends or sisters has lost weight and gained confidence. Has an affair with the husband. They ask if they can all live in the same house and coparent. They end up going away on holiday and coming back and breaking up. There’s a mother in there somewhere who keeps saying how close the women used to be when they were younger. Would have read it in the last 5 years.	4	https://goodreads.com/topic/show/23046013-solved-adult-fiction-two-friends-or-sisters-own-a-business-one-loses-page_1	2025-06-27T00:00:00Z
23046880	2025-02-24T00:00:00Z	goodreads	Adult Urban Fantasy/ Sci-Fi. Family with powers lives in a warehouse. Read 2018-2023.	Things I know for sure: - read sometime between 2018-2023 - a family lives in a warehouse, they have little individual 'rooms' built around the warehouse in addition to a garage area - female new adult protagonist, takes care of her younger siblings and the grandmother lives with them as well - some (or all?) members of the family have some sort of special ability/power - the parents are missing or dead - the grandmother has some kind of mechanic power/ability - the family is stressed about their financial situation Things I'm pretty sure about: - the female protagonist or one of her siblings has a 'special' power which they need to mask to keep hidden - male antagonist (future romantic interest, enemy-to-lover style?) buys the mortgage to the warehouse to blackmail the female protagonist into helping him with something - the male antagonist is an ex-soldier/borderline war criminal dude with too much money for dubious reasons, has lots of resources/staff at his disposal - has a steampunk feel, no creature characters (ie. no vamps, werewolves, faeries, angels/demons, etc.) that I can recall Thank you for any suggestions you can offer!	5	https://goodreads.com/topic/show/23046880-solved-adult-urban-fantasy-sci-fi-family-with-powers-lives-in-a-wareh-page_1	2025-06-27T00:00:00Z
23046898	2025-02-24T00:00:00Z	goodreads	Adult Romance - Homeless man, unexpected pregnancy, love for music	A girl falls in love with a homeless man who plays guitar at a park near her workplace. He also has a dog. He’ll first be living under a bridge at a park. Later he finds an abandoned house and lives in its garage with his dog. He used to be a drug addict and left his home. They eventually fall in love. The girl used to live in her parent’s basement with her cat (but I’m not sure about the cat). Then they plan to lease house and move in. The man goes to get breakfast and never returns. He leaves his dog with her. Then later she finds out she’s pregnant. She gives birth to a girl. She names her daughter lyric. She takes care of her with help of her parents and her best friend. Later she meets a guy and they become friends and she moves in with him. The guy is a model and i guess he’s gay. Five years later she hears a song in her radio and recognises the homeless guys voice. Then she finds out that he became a lead singer in a boy band. She goes to his concert with her best friend and meets him. But she doesn’t tell him about their daughter. They slowly start seeing each other again and she finds out that he is using drugs again. I remember the story until this. Help me find the name of this book.	4	https://goodreads.com/topic/show/23046898-solved-adult-romance---homeless-man-unexpected-pregnancy-love-for-mus-page_1	2025-06-27T00:00:00Z
23047645	2025-02-24T00:00:00Z	goodreads	Adult Mystery Comedy heist cheese made from celebrity bacteria	I read this book within the last 12 months (so... 2024) but I have no idea where I got it from. Not the library. It was set as a comedic mystery/heist sort of in the style of Carl Haaisen but definitely not one of his. There's a man who contacted by a friend who wants to steal a wheel of cheese. It's priceless because it was made with the bacteria from some female celebrity's underpants. I think it was actually Carrie Fisher. Since she's dead it's not possible for this cheese to ever be made again. They get the bacteria from housekeepers who steal dirty underpants (I swear this is NOT pornography) or handkerchiefs or whatnot. THey discuss the possibility of stealing the cheese and either the plan doesn't work or they realize it won't and give up. But the handkerchief that was used to make the chief is still in existence. They go through all kinds of wacky adventures and in the end the handkerchief gets dunked in water? That is all I remember. I have tried googling and coming up with literally nothing.	2	https://goodreads.com/topic/show/23047645-solved-adult-mystery-comedy-heist-cheese-made-from-celebrity-bacteria-page_1	2025-06-27T00:00:00Z
23051142	2025-02-26T00:00:00Z	goodreads	Adult Paranormal Romance novel from 2009 with mages	I absolutely cannot figure this out! I read this probably in 2009 or 2010 so it wouldn't be newer than that. The main character was Sabina/Sabine and the MMC was Ice. I'm pretty sure they were wizards of some sort but I'm not sure if the book used the term mage or witches and wizards. The book starts off with a bunch of characters in a safe house of sorts that gets attacked and then the two main characters get split up from the rest of the group. I think they were hiding in the trees at one point while they were on the run. Then it was kind of like an enemies to lovers/forced proximity deal. At another point near the end of the book, the MMC has a duel with another guy. It was part of a series. Any help at all would be immensely appreciated! I remember too I was reading this in iBooks but I no longer have an Apple account and can't access my purchase history, but they were advertising books like Passion Unleashed and Wicked Deeds on a Winter's Night by Kresley Cole in the related section.	2	https://goodreads.com/topic/show/23051142-solved-adult-paranormal-romance-novel-from-2009-with-mages-page_1	2025-06-27T00:00:00Z
23052965	2025-02-27T00:00:00Z	goodreads	Adult Southern Gothic, Historical Fiction. Girl without a tongue. Read 2023. Spoilers.	I’m trying to find a book I read in 2023, and I remember a lot of details. It’s a Southern Gothic historical fiction novel (with elements of magical realism). The main character is a young woman who is known in her small town as a healer. When she was younger, she thought her tongue was bitten off by a snake, but later, it’s revealed that it was actually a boy who sexually assaulted her and cut off her tongue. She believes her healing powers are religious and linked to the snake incident. Later in the book, there’s a doctor’s son who came back from war without legs, and she helps him with his phantom pain. The man who worked with the doctor’s son in the army is a motorcycle rider, and he becomes her love interest. The book ends with this man saving her from being raped by the boy who attacked her as a child. I’m almost certain the word “serpent” or “snake” is in the title, but I can’t remember the exact name. Does anyone recognize this book? Any help would be greatly appreciated! Thank you to ChatGPT for the help organizing and to anyone who assists me in this search.	4	https://goodreads.com/topic/show/23052965-solved-adult-southern-gothic-historical-fiction-girl-without-a-tongue-page_1	2025-06-27T00:00:00Z
23058406	2025-02-28T00:00:00Z	goodreads	Adult Family Drama - Grandfather attempts to reunite his children in his final days before he dies of cancer. Spoiler.	Spoiler A terminally ill grandfather seeks to re-engage with children he has lost touch with and moves near his son. The son works at a bookstore, befriends the owner and eventually inherits the store. A daughter married a religious zealot who moved her away and keeps her isolated at home. Without any contact with the grandfather the daughter sends her very young daughter on a bus to the grandfather. The granddaughter has no idea what city her mom is living. The grandfather and son are not prepared to raise her and plan to take her to a relative who agrees to take her on. On the road trip there the granddaughter pours coke in the gas tank trying to disable the car and delay the move. It takes a few days to get the car repaired and the 3 stay in an inn run by a widower who is planning to sell the place. The son gets involved with the cook at the inn and they have a one night stand. The grandfather eventually finds where the daughter is living and confronts her husband. The family is reunited. The cook from the inn shows up at the bookstore wanting to continue the relationship. I read this book in 2024. It came from a Little Library so I do not know how old it is. I believe it is set in a large NE city.	2	https://goodreads.com/topic/show/23058406-solved-adult-family-drama---grandfather-attempts-to-reunite-his-childre-page_1	2025-06-27T00:00:00Z
23062062	2025-03-01T00:00:00Z	goodreads	Short, Humorous Comic Book about the daily life of a Cat, possibly late 90s/early 2000s	I had this small, short book when I was a kid (so late 90s/early 2000s) where each page showed an illustration of a cat going through their daily routine. Each illustration was accompanied by a sentence or two, describing what the cat was doing in a cute, humorous way. The illustrations were simple and cute, mostly in white, blue, and red. The cat was white with a red collar. I remember the last two pages showed the cat sleeping with their owner (a blonde woman I think) and ended with the cat dreaming. The last lines were, “Be loved. Dream.” I remember the size of the book was sort of small and rectangular; sort of like a book for newspaper comic strips. I had found the book on secondsale.com and saved it to my wishlist… but when the site merged with worldofbooks.com, I lost my wishlist. I had seen the cover of the book, recognized it, and added to my wishlist. Didn’t even read the title lol	3	https://goodreads.com/topic/show/23062062-solved-short-humorous-comic-book-about-the-daily-life-of-a-cat-possib-page_1	2025-06-27T00:00:00Z
23063916	2025-03-01T00:00:00Z	goodreads	Trying to find a Horror book I read once in the 1980s	There's a horror book I read in the early 80s whose title I believe is Charnel House (I am not 100% certain) and has been the first AND last horror novel I have read in my life. Due to the amount of books I have read over the years, I can't remember the author's name or publisher. I can give a brief synopsis of what I can remember: a West Coast Indian legend (I believe in California) was slowly coming back to life by luring and killing random people for select body parts (limbs, organs, blood etc) and it was up to a detective and a Native American teaming up to find out who (or what) the killer is and to stop he/she/it before it comes to life and wreaks havoc on the world. That is all I can remember of the novel, if anyone can find the title, author and publisher of that book, I will be greatly appreciative.	3	https://goodreads.com/topic/show/23063916-solved-trying-to-find-a-horror-book-i-read-once-in-the-1980s-page_1	2025-06-27T00:00:00Z
23064782	2025-03-02T00:00:00Z	goodreads	Adult Romance. Does anybody know Mama J in an MC romance that came out a couple of years ago	In the book the main guy just got out of prison and come to his old club. The president or another member take him to the bar. They're talking about him needing to talk to Mama J. In comes a pretty lady late twenties early thirties to the bar. They tell him that that is Mama J. He's surprised by how young she is. That's all I can remember about this book. I know its part of a series. Also there is another book that came out this year or last year that the main girl talks about how Mama J helped her with her baby. I can't remember that bok either.	2	https://goodreads.com/topic/show/23064782-solved-adult-romance-does-anybody-know-mama-j-in-an-mc-romance-that-ca-page_1	2025-06-27T00:00:00Z
23066431	2025-03-03T00:00:00Z	goodreads	Adult fiction. Narrator is closeted gay male in love with his UK boarding schoolmate his whole life. Read around 2014-2020.	Read somewhere in the 2014-2020 range. Reader meets the first-person male narrator and main character during his boarding (""public"" but actually private) school days in the UK, where he - of middle class background - becomes fascinated/obsessed with his friend and friend's lifestyle, falling in love with him and spending the rest of his life trying to be as close to him as possible. He ingratiates himself with the friend's family, including later the friend's wife; he gets married to hide his gay sexuality (and divorced). There is a scener towards the end of the book at a large gala at the friend's estate that culminates in him getting into a physical fight in one of the areas/rooms of the estate -- maybe with a 'rival' friend of the host/love obsession friend; there is blood and I think police but don't remember if death (?). But in any case it's the end of the decades-long friendship (and only source of meaning for narrator) with the friend and friend's wife. As the reader I wanted the narrator to come of out the closet already (!!!!) the whole darn book, but he never does. I recall the book ending with him retreating to a reduced mundane life, kind of psychically stuck. Don't recall if the author was male or female - possibly, male but I am not sure.	4	https://goodreads.com/topic/show/23066431-solved-adult-fiction-narrator-is-closeted-gay-male-in-love-with-his-uk-page_1	2025-06-27T00:00:00Z
23068995	2025-03-04T00:00:00Z	goodreads	Adult Historical Fiction/ Adventure/ minor Romance, based in 1800s. Young woman tries to get by and a man who doesn’t say much helps her. Book was about 3 inches thick. Read in 2005, published in 1980s?	The cover was illustrated. I remember light green grass, a view of water and a pretty coloured sky. There may have been some houses on the cover and I think a woman in a burgundy skirt and light blue blouse looking out at the water from the grass and you only see her back. The more I try to remember, I feel I might be getting mixed up with other book memories, so I’m not entirely sure there was even a woman on the cover. I think she was on a train as a child and her name was Mary and she may have had no memory of her past. She does different things to get by, acting in a play is one I remember. Somehow she meets a man who doesn’t say much and he helps her. He may have been a criminal of some sort but is actually a good man. I think they end up together. It’s more of an adventure story of this woman’s life with only a bit of romance.	5	https://goodreads.com/topic/show/23068995-solved-adult-historical-fiction-adventure-minor-romance-based-in-180-page_1	2025-06-27T00:00:00Z
23069080	2025-03-04T00:00:00Z	goodreads	Adult Contemporary fiction	***Solved*** Crooked Letter Crooked Letter by Tom Franklin A black policeman goes back to his hometown as Chief (?) of police. He has a white friend from high school who runs his dad's car repair shop.	1	https://goodreads.com/topic/show/23069080-solved-adult-contemporary-fiction-page_1	2025-06-27T00:00:00Z
23072147	2025-03-06T00:00:00Z	goodreads	Adult book titled Seductions with characters named after flowers	This seems like a weird request because of the name, but believe me, I've searched for years and still can't find the author or the book. I know there are characters named Dahlia, Cassy and (was it Camellia?) Any help?	3	https://goodreads.com/topic/show/23072147-solved-adult-book-titled-seductions-with-characters-named-after-flowers-page_1	2025-06-27T00:00:00Z
23072931	2025-03-07T00:00:00Z	goodreads	Adult Fiction where a man travels to heal from grief after losing his young wife.	but it as read within the last 4 months. I am not sure if this was a library book or on Kindle Unlimited. The first place he travels to was London where his luggage is lost. When filing a claim at the AMEX office, he meets a group of other travelers who sends him to Paris to assist a fashion photographer. He also travels to India and other Asian countries where he volunteers at an elephant sancuary.	2	https://goodreads.com/topic/show/23072931-solved-adult-fiction-where-a-man-travels-to-heal-from-grief-after-losin-page_1	2025-06-27T00:00:00Z
23073572	2025-03-07T00:00:00Z	goodreads	Adult Romance. Abducted and is being forced to marry for her money, her wedding is crashed by the good guys, but she is shot, now she has to marry the man who rescued her to keep the bad guy from getting her money.	book-she came home to find a bad guy with a gun on her parents, demanding that they turn over their fortune to her. they refuse (knowing she already had had it for years} and they are killed in front of her and she is abducted and is being forced to marry for her money, her wedding is crashed by the good guys, but she is shot, now she has to marry the man who rescued her to keep the bad guy from getting her money	6	https://goodreads.com/topic/show/23073572-solved-adult-romance-abducted-and-is-being-forced-to-marry-for-her-mon-page_1	2025-06-27T00:00:00Z
23075574	2025-03-09T00:00:00Z	goodreads	Adult Romance book where guy has strict eating schedule from past trauma.	The boy was sent away to his aunt's when he was young and she would forget to get food. When he ran out of food in the house he used to snack on mints or chew gum?? This led him to have a strict eating schedule and he ate (maybe) the same meal every day and would panic if he didn't eat. His aunts's boyfriend got him into this illegal kid fighting rink where he would win meals if he won when he was younger Later on in the book he spends a day with the FMC and realizes he hasn't eaten all day and starts to panic. They go to a restaurant and when he smells food he begins to panic I believe it's a romance book and part of me thinks it might have been somewhat dark but l'm not sure. I recently read this within the past year but can't for the life of me remember the title	2	https://goodreads.com/topic/show/23075574-solved-adult-romance-book-where-guy-has-strict-eating-schedule-from-pas-page_1	2025-06-27T00:00:00Z
23078073	2025-03-11T00:00:00Z	goodreads	Adult Romance/ Thriller about a woman who saw a crime as a child and lives in a hugh security house now	I read a book, I think maybe 5 or so years ago now but I don’t think it was new, it started off with a girl who I think went out underage clubbing with a friend who had a fake ID. They met a couple of men, who took them back to their house in a car. I don’t remember when happened then, but I think the girl fell asleep? And then she woke up and saw them kill her friend. I think the men were part of some sort of mafia group or something. They then noticed her so she ran, I think barefoot and through water or something, and she escaped them. Then I’m blanking on the bit after that, but it then skips to her as an adult, she lives in a house in some woods, and her house has loads of security and cameras I think that alert her to when someone passes the boundary line.she is scared still they are looking for her. This man comes into the picture, I don’t remember why he goes to her house, maybe to deliver something? But they become interested in each other romantically after some time, and I think she ends up telling him what she saw. And I thinkkk that the media men might have come for her? There’s a lot I’m not sure on, but this is the gist of it. Have you any idea what it could be? I remember really enjoying it	4	https://goodreads.com/topic/show/23078073-solved-adult-romance-thriller-about-a-woman-who-saw-a-crime-as-a-child-page_1	2025-06-27T00:00:00Z
23078460	2025-03-11T00:00:00Z	goodreads	Adult Science Fiction novels- 1st book in a series about an artificial dimension with an infinite horizon and albino aliens that look like ancient Chinese	Hi, I wish I can remember the name of this sci-fi series of novels. I think there are 3 books in total and the author is probably American or British. It's either from the late 1990s or early 2000s, so too far back for me to remember. In the far future, humanity is capable of travelling to other dimensions and an artificial dimension has been discovered. This particular universe is infinite horizontally but has a limit vertically. The aliens that created this world had made first contact with Imperial China, so they created their own human species - tall albinos who otherwise appear Chinese and the culture and technology is of that time. The focus character of the 1st novel is a space explorer who seeks revenge on this dimension. It's because there's also a telepathic centauroid species who blinded his daughter. However he's unaware that her blinding is voluntary, an unfortunate but accepted side-effect of their bestowing telepathy on her. All help for this novel/series would be much appreciated, thank you.	3	https://goodreads.com/topic/show/23078460-solved-adult-science-fiction-novels--1st-book-in-a-series-about-an-arti-page_1	2025-06-27T00:00:00Z
23079791	2025-03-13T00:00:00Z	goodreads	Adult Drama/ Thriller. Two best friends—one a children's book author who secretly becomes a customer to support her friend's Etsy business, leading to a revelation about infidelity.	I’m looking for this book where two best friends turn up on each other and the other creates a narrative that her husbands best friend is cheating on her. It’s about treason and friendship.	2	https://goodreads.com/topic/show/23079791-solved-adult-drama-thriller-two-best-friends-one-a-children-s-book-au-page_1	2025-06-27T00:00:00Z
23079810	2025-03-13T00:00:00Z	goodreads	Adult Mystery novel set in a small town in which a female character studies brains and learns something traumatic about the man she's in a relationship with. Spoilers.	I read this book at least a few years ago. I want to say somewhere between 2019-2023. Things I have vague memory of: - There were some murders some years ago and murders are happening again in the present, some years later - A female character has a profession in which she is studying the brain, including getting brain imaging done on friends and family - She is in a relationship with a man - One or both of them work in a college; I have vague recollection of the book mentioning office hours - SPOILER...Later in the book, she realizes that he is the killer Things I remember clearly (ALL SPOILERS...): - At least one of the ""present day"" murders was framed as a suicide; I believe the victim, male, jumped off a rooftop - One of the clues that led the woman to realize her man was suspicious is that he managed to avoid getting his brain imagine done for her study - in the book she makes specific mention that she's going to identify each person's brain scan individually and how she's technically not supposed to due to the nature of the blind study, but that she needs to to see HIS scan. Which she doesn't - because he had scheduled to get it done with one of her peers or someone else, but cancelled the appointment or something like that The book is NOT: - A Flicker in the Dark - Behind Her Eyes - The Silent Patient	5	https://goodreads.com/topic/show/23079810-solved-adult-mystery-novel-set-in-a-small-town-in-which-a-female-charac-page_1	2025-06-27T00:00:00Z
23080141	2025-03-13T00:00:00Z	goodreads	Adult fiction about a couple who died in car accident after wedding and Jewish mother of bride navigates aftermath including funeral and graves	I believe the author is Jewish based on author bio and her husband is also an author. The young married couple who die in the book have a car accident while leaving their wedding due to sun in eyes. The deceased bride liked to swim and the mother finds her bag with her swimsuit in her room. I believe the mother wants to use the maiden name of her daughter on the gravestone and not really acknowledge the wedding to the husband of a different faith because we're only married for minutes.	4	https://goodreads.com/topic/show/23080141-solved-adult-fiction-about-a-couple-who-died-in-car-accident-after-wedd-page_1	2025-06-27T00:00:00Z
23081168	2025-03-15T00:00:00Z	goodreads	Adult Mystery/ Thriller: DNF Followed multiple characters with different plotlines, I vaguely remember a family inheritance or some kind of family drama which kicks off the book.	I read, but did not finish,this book about 5 years ago, we were donated books by my mom's elderly patient which included multiple books by author's like Mary Higgins Clarke, Lisa Jackson, Meg Gardner etc. This book was included in this group, I remember one of the books I started followed three distinct characters, at least one was a man who I remember living somewhere near a fishing town, and another was a woman with dark hair. They were all late 20's- early 30s. The book was set in early 2000s because I remember them having cell phones (not smartphones). There's one scene specifically that involves the woman, she was searching for something and meets a man described as a big ""grumpy"" man with dark features who knows about the thing she's looking for, they get a hotel/motel room for the night and romance(very adult) happens. I vaguely remember there was some sort of family tie in to the story (the three main characters being related) but I'm not positive. I believe the chapters were named after the character it would follow for the chapter.	2	https://goodreads.com/topic/show/23081168-solved-adult-mystery-thriller-dnf-followed-multiple-characters-with-d-page_1	2025-06-27T00:00:00Z
23081173	2025-03-15T00:00:00Z	goodreads	Adult Gay Historical Romance about a high society guy who came back from war with an injured leg and a guy who is a problem solver like getting rid of someone’s abusive husband.	Hello I need help finding a gay historical romance I apologise for my spelling and punctuation in advance I did my best. One guy is from high society he came back from the war recently I think and he has a bad leg I think he walks with a Cain he goes to the other guys office to confront him about his sister hireing him (I’m pretty sure he doesn’t know the other guy is doing illegal stuff at the start of there conversation but at the end I think he dose) he finds out at some point that the dude kills ppl if he has to and that his sisters husband is abusing her that’s y she hired him she is also in a relationship with a woman but it’s very hush hush I don’t even think they talk about it. The problem solver guy has a sister they live together I think and I think she knows he’s gay she’s a seamstress. At some point in the book they end up at the war guys dads estate bc it was on the way idk on the way to what or on the way back from what I just don’t know lol near the end of the book there kissing in an alleyway and confessing there love or something and they go back to the poor guy’s apartment the audiobook cut off then so I don’t know how it ends or what the cover looks like that is literally all I’ve got I would appreciate any help whatsoever I’ve been looking for this book for years I’m desperate to re read it	5	https://goodreads.com/topic/show/23081173-solved-adult-gay-historical-romance-about-a-high-society-guy-who-came-b-page_1	2025-06-27T00:00:00Z
23081288	2025-03-15T00:00:00Z	goodreads	Adult Historical Fiction. Black man kills a woman in a panic and is accused of rape and murder.	historical fiction (i assume), saw this yesterday but it seemed a bit old. Plot said it was about a black man who was falsely accused for rape and murder but had killed a white woman in a panic. (The cover was white and green, maybe a bit black in the outlines of the art?)I think it was a man in a simple somewhat cubism art style. I had originally picked it up because the authors name seemed like ive heard it commonly but i can’t put my finger on it.	3	https://goodreads.com/topic/show/23081288-solved-adult-historical-fiction-black-man-kills-a-woman-in-a-panic-and-page_1	2025-06-27T00:00:00Z
23081694	2025-03-16T00:00:00Z	goodreads	Adult Lesbian Romance. BDSM club owner shelters younger person living in her car: give job maybe as cleaner?	Lesbian bdsm club owner/mistress give job to a new girl. She lives from her car. The club owner gives her shelter in her home. HEA after a drama in 3rd act. It's part 1 of a series. I probably read the book two years ago.	2	https://goodreads.com/topic/show/23081694-solved-adult-lesbian-romance-bdsm-club-owner-shelters-younger-person-l-page_1	2025-06-27T00:00:00Z
23081769	2025-03-16T00:00:00Z	goodreads	Adult Second Chance Romance, set in a small town/ farm vibes. He’s obsessed with her hair.	I read this in the last couple of years. I think is part of an interconnected series based around a farm. She has super long hair that she never wears down except around him. He loves to play with her hair and does it to help her with headaches & sinus pain. She has 2 kids and he helps her out with looking after them.	2	https://goodreads.com/topic/show/23081769-solved-adult-second-chance-romance-set-in-a-small-town-farm-vibes-he-page_1	2025-06-27T00:00:00Z
23083320	2025-03-17T00:00:00Z	goodreads	Adult Historical/ Travel Fiction possibly public domain called something like ""Shadows of the Moon"" about a couple living in Europe off of rich friends	I believe I listened to this Historical/Travel Fiction called something like ""Shadows of the Moon"" (but obviously title searches have failed) on Librivox, which makes me think it was written around turn of the century and is in public domain. It is a romance about a man and woman who make a secret pact to see how long they can live off of their rich friends in Europe. But in their materialistic, hedonistic experiment, they wind up falling in love with one another and find true depth of feeling, curing their mutual shallowness. Lots of fun, opulent descriptions of their beautiful surroundings and lavish lifestyle.	3	https://goodreads.com/topic/show/23083320-solved-adult-historical-travel-fiction-possibly-public-domain-called-s-page_1	2025-06-27T00:00:00Z
23086254	2025-03-21T00:00:00Z	goodreads	Adult Paranormal Romance. Jaguar or similar to a Jaguar Shapeshifter. Read around 2022.	I read the book in like 2022 but I believe it is older than that the book is a shapeshifter romance I believe it is jaguars but it could be a cat similar to that the girl main character is running from people in her past, And the male main character lives in a swamp I believe he has a lot of money if I am remembering correctly he has some kind of construction business it is a small town and the woman lives down the road from him their first time having intercourse is when they are jaguars. I believe it is a part of a series	4	https://goodreads.com/topic/show/23086254-solved-adult-paranormal-romance-jaguar-or-similar-to-a-jaguar-shapeshi-page_1	2025-06-27T00:00:00Z
23088221	2025-03-23T00:00:00Z	goodreads	Adult Mystery. Actor handcuffed to steering wheel inside a car in the African desert. Listened to audiotape around 2000-2002?	I think it was a mystery. I listened to an audio book tape from the library somewhere between 2002ish to 2000ish? Protag is a movie actor making a movie (spy thriller?) that has a dude handcuffed to a car in Africa. Something happens and he gets handcuffed in the same situation irl somehow. I think there was a subplot the actor had a special needs child? I think its set in modern times, 80s or 90s maybe when it was published.	3	https://goodreads.com/topic/show/23088221-solved-adult-mystery-actor-handcuffed-to-steering-wheel-inside-a-car-i-page_1	2025-06-27T00:00:00Z
23088258	2025-03-23T00:00:00Z	goodreads	Adult Fiction. Friends go on holiday and one is almost left for dead.	A couple years ago I read a book about a group of four friends who went to one of the friends family villa on an island. Two males and two females. One female is jealous of the other since school age. One has a mum at home who is poorly and struggles with having left her. There is a boating accident and possibly two people die and one friend is injured. The remaining group debate leaving her for dead but a group member takes the car from the drive way to try to save them but there’s no petrol. I can’t remember much more but I’m desperate to read it again and fill in the blanks…only I can’t remember what it’s called! If anyone can help I’d really appreciate it.	2	https://goodreads.com/topic/show/23088258-solved-adult-fiction-friends-go-on-holiday-and-one-is-almost-left-for-page_1	2025-06-27T00:00:00Z
23088260	2025-03-23T00:00:00Z	goodreads	Fantasy. Hades and Persephone retelling where she goes willingly.	I'm trying to find on specific Hades and Persephone retelling I first read over a decade ago, where the two of them were secretly seeing each other for a while before she went willingly with him. I initially thought it was Radiant Darkness , but I'm currently in the middle of that one, and while I definitely also read it in that same time frame, it's missing a very specific scene that I distinctly remember from the book I'm looking for. In the scene, which was very early on-- if not the very first scene in the book-- Hades and Persephone are having a picnic. The two of them have been seeing each other behind Demeter's back for a while at this point, but Hades has been pretending to be an irrelevant minor god. He decides to come clean with Persephone, who admits to having figured out his true identity a while ago. I distinctly remember that while she was walking through her reasoning of how she'd tried to narrow down who he actually was, and she'd known he couldn't be Dionysus because he always left the wineskin in the basket.	4	https://goodreads.com/topic/show/23088260-solved-fantasy-hades-and-persephone-retelling-where-she-goes-willingly-page_1	2025-06-27T00:00:00Z
23088960	2025-03-24T00:00:00Z	goodreads	Adult Romance. Young woman moves from New York to a coastal town after breakup to fix her father's house into a B&B	She is a young woman hating her job and she’s been with this boyfriend for years, waiting on a proposal. When out to dinner, instead of a proposal he gives her earrings/a necklace, she breaks up with him. She picks up her car and drives to Maine(I think) where her father had had a vacation home. After seeing its disrepair, she decides to stay and fix it up to turn it into a B&B and bring tourists to the small town. She meets the groundskeeper who has been trying to take care of it. They begin as sort of enemies and develop a friendship and more as the book goes on. She argues with a neighbor who wants the property and has to fight to keep the property at a town meeting. She makes friends with one of the store owners in town, when everyone else struggles to accept her being there. While all of this goes on, she discovers more about her father and her past in the house. (I think)He left after her sister went missing as kids during a storm. As they fix up the house, they(her and the groundskeeper) discover rooms that have been blocked off, including one with a stain glass window and work to clean and clear out the rooms of clutter. I think I read/listened to the audio book about 10-15 years ago?	4	https://goodreads.com/topic/show/23088960-solved-adult-romance-young-woman-moves-from-new-york-to-a-coastal-town-page_1	2025-06-27T00:00:00Z
23089312	2025-03-24T00:00:00Z	goodreads	Adult Regency Romance where main character leaves her verbally abusive family after getting news that she is dying. She finds her confidence and falls in love. Read around 2015. Spoilers.	I read this book in about 2015. In it, the main female lead is thought to be unattractive and her family tells her so. She is also not allowed much freedom at home. I think she was even only allowed to read books about nature written by one particular author. She gets a letter that tells her that she is dying so she decides to leave her family. She meets a man and lives a life away from her family and more in nature. She blossoms and becomes seen as beautiful. Even a famous painter who only paints beautiful women requests to paint her. Spoilers ahead! She falls in love with the man she met and learns that he is actually secretly the author of the nature books that she had enjoyed reading. She also almost gets run over by a train when her boot gets stuck in the railroad track and the male lead saves her life. The male lead realizes he loves her after she almost dies and vows to find a cure for her illness. In the end we learn that the letter that told her she was dying was sent in error and she isn't actually dying.	5	https://goodreads.com/topic/show/23089312-solved-adult-regency-romance-where-main-character-leaves-her-verbally-a-page_1	2025-06-27T00:00:00Z
23089381	2025-03-24T00:00:00Z	goodreads	Adult British fiction set in the 1980s, small town UK/ Britain with the Falkland war mentioned in parts of the book but wasn’t the focal point.	I am looking for the name of this book. It might of the word Glory in the title. It was set in a small town in the UK, main character was girl. She had a boy best friend, who was often abused by his dad. She loved two boys and it’s her coming of age story deciding between the two boys. One goes off to the Falkland war. That’s why I’m thinking the title is something patriotic like love and glory or something?	3	https://goodreads.com/topic/show/23089381-solved-adult-british-fiction-set-in-the-1980s-small-town-uk-britain-w-page_1	2025-06-27T00:00:00Z
23089404	2025-03-24T00:00:00Z	goodreads	Adult Historical Fiction about a lady who receives an old suitcase mysteriously in the mail. The book then goes through dual storylines set in the present and Nazi-era. Spoiler.	Looking for a fiction book about a lady who receives an old suitcase in the mysteriously in the mail. The book then goes through dual storylines set in the present and Nazi-era while she tries to unlock the history of the suitcase. The female protagonist shares similarities with the struggles of the suitcase's owner, who she discovers by the end of the book. The suitcase's owner encounters Einstein on her journey to escape Nazi Germany.	4	https://goodreads.com/topic/show/23089404-solved-adult-historical-fiction-about-a-lady-who-receives-an-old-suitca-page_1	2025-06-27T00:00:00Z
23090176	2025-03-25T00:00:00Z	goodreads	Adult Historical Romance that had a ward-guardian relationship	This may be a long shot, but I read a book a few years back (book itself was likely older than that though) where a young lady had a friendship with a slightly older man who became her ward. When the guardian/ward relationship was established, the friendship soured because she was resistant to the control over her given the new role. However, the male guardian still cared for her and tried to get back into good terms with her until eventually he succeeded. She even came to realize that what she once thought was a friendship was actually more romantic feelings. Thanks for the help :)	5	https://goodreads.com/topic/show/23090176-solved-adult-historical-romance-that-had-a-ward-guardian-relationship-page_1	2025-06-27T00:00:00Z
23090205	2025-03-25T00:00:00Z	goodreads	Adult Mystery/ Thriller book about 2 teens who meet on vacation and plot to kill his cousin.	Hi everyone, here are the details I'm able to remember: The girl and guy meet in a library while on vacation and they plot to kill his cousin by pushing him into the ocean, they keep in touch into adulthood but keep only meeting in libraries and she tries to convince him to murder her husband. I think his name is Richard or Richie? Not too sure on that one. I read it sometime last year and I can't seem to find it in my 2024 read books	3	https://goodreads.com/topic/show/23090205-solved-adult-mystery-thriller-book-about-2-teens-who-meet-on-vacation-page_1	2025-06-27T00:00:00Z
23090210	2025-03-25T00:00:00Z	goodreads	Adult Mystery/ Thriller about a group of kids meeting and they dare one of the girls to stay in the water.	Hi everyone! I'm having a hard time piecing this one together, but this is what I can remember: Group of kids between 8-12 (?) meet while on vacation with their families and they dare this one little girl to stay in the rocks near the water but when the tide comes in she drowns, years later her brother ended up taking his life too in the same way. The brother talks about the group deciding not to say anything about what they did, but the guilt still follows him. They may mention Peter Pan or Tiger Lily during the book as well	4	https://goodreads.com/topic/show/23090210-solved-adult-mystery-thriller-about-a-group-of-kids-meeting-and-they-d-page_1	2025-06-27T00:00:00Z
23090879	2025-03-26T00:00:00Z	goodreads	Adult Historical Romance, 19th century after 1839, Second chance. Wealthy wife asks Duke (pianist) for divorce after 10 years of marriage, he moves back to London. He had moved to New York and became wealthy. Liebestraum. Read 2016-2024.	I read the book between November 2016 and 2024	11	https://goodreads.com/topic/show/23090879-solved-adult-historical-romance-19th-century-after-1839-second-chance-page_1	2025-06-27T00:00:00Z
23091135	2025-03-26T00:00:00Z	goodreads	Adult Romance. An age gap, dad's best friend.	These details maybe inaccurate but that's what I can remember. The hero was the heroine's dad's friend. She tried to make a move and kiss him on her 16th birthday but he rejected her as she was too young tho he wanted to kiss her back. After her parents death he became her guardian as that's what her father wanted. He was trying to keep her under control but she was stubborn and never listened. He always tried to push her away because he didn't want to betray his friend (her father ). He eventually gave in and their first time was in a public place where she lied about not being a virgin so he wouldn't change his mind(she was a virgin)	4	https://goodreads.com/topic/show/23091135-solved-adult-romance-an-age-gap-dad-s-best-friend-page_1	2025-06-27T00:00:00Z
23092194	2025-03-28T00:00:00Z	goodreads	Adult Romance series. 1st book: Brothers living in family owned Mountain, heroine climbs mountain looking for hero, she find him but falls & hits her head at doorstep ending up with temporary Amnesia.	Hello! I'm looking for a series of romance books that i read but have forgotten the author and titles. Each book is about one brother. They all live on a mountain each with their own slot of land. I believe the 1st book I read was about a woman who climbed up on their mountain looking for one, brother. She finds him at his house, but ends up falling and knocking her head resulting to temporary amnesia. The H decides to host the ""h"" until they can figure out who she was and why she ended up at his doorstep. Another book was abouth a brother who was a Doctor, also living on the family mountain and he ends up falling in love with a glamorous acress. That’s all I could remember. Would appreciate the help. THANK YOU!	4	https://goodreads.com/topic/show/23092194-solved-adult-romance-series-1st-book-brothers-living-in-family-owned-page_1	2025-06-27T00:00:00Z
23093080	2025-03-29T00:00:00Z	goodreads	Understated Adult Contemporary Gothic parable/ Fairytale novella. Woman marries rich man and then plots for their maid to have an affair with him in order to get a divorce. Spoilers.	CONTAINS SPOILERS: I read this book sometime in 2023. The plot is set in the winter season and the time period seems fluid. No mention of technology or even cars. But it is not set in any discernible time period. It's a female author and the book is pretty new, probably written within the last 5 years. It's about a woman who lives a pretty mundane life, working at a museum ( I think?) as a maid I believe. We follow her daily routine until she meets a man who asks her to marry him. She leaves her job and moves into his home. He has one maid that we rarely se and seems suspicious of the protagonist. Our protagonist spends her days in a room writing and her husband is away most if the time. She seems content in her solitude but bored. She eventually makes a new friend, a dancer. She goes to see her friend dance in a ballet and is very moved by the originality of her friend amongst the other dancers. Her friend has a day job somewhere and has been working hard to dance in this show on her time off. At some point the protagonist contemplates divorce but it seems impossible. So she devises a plan to trick her husband into sleeping with their maid so that she can catch them and file for divorce. She asks the maid if she'll agree without saying it outright. The maid seems disgusted and I think ends up leaving the house altogether. I have a hard time remembering the ending. But I think the protagonist eventually leaves him. The wiring is very spare and simple. But has a gothic style due to the winter season and grim everyday. I cannot for the life of me remember the title. It was something really simple, maybe just one word. Thanks for the help!	3	https://goodreads.com/topic/show/23093080-solved-understated-adult-contemporary-gothic-parable-fairytale-novella-page_1	2025-06-27T00:00:00Z
23093724	2025-03-30T00:00:00Z	goodreads	College Romance. The guy is younger than the girl by a year or two but he is more experienced than her. She goes to a party at the start of the book and he is there and he makes her leave. Spoilers ahead!	I read this book a few years ago, probably between 2020 and 2023. It was a modern college romance and the FMC's name began with a G and I am pretty sure the MMC called her G at some point. I think he may have been her friend's younger brother but I am not entirely sure about that. She was this innocent hardworking girl and he must have been a bit of a bad boy. This is where I start regurgitating what I can remember about the plot so SPOILERS BELOW :) The party at the start was like a not so innocent kind of party and the FMC was about to kiss a guy as part of some game and then the MMC stopped it and dragged her out of there and was all like why are you here? This isn't your scene? And then I think they kissed and she freaked out and left. I can't remember much of the plot in the middle but I think the MMC wanted to see the FMC again and eventually she gave in but they kept it a secret. But he wanted to tell people and she didn't and that was creating tension? Now I'm not entirely sure why she wanted it to be a secret but maybe because her parents wouldn't approve? Or her friends wouldn't? Anyway, then they went to some party that was at some important person's house and then the party got busted and everyone found out that they had been seeing each other and the MMC basically said he can't be with her when she doesn't know what she wants. They must have made up because the next thing I remember is the FMC is talking to some guy in a restaurant - could be an ex? Or like someone her parents set her up with? But he was like the opposite of the MMC and I think she was rejecting him? And then the MMC shows up and things get heated and the MMC and this guy are fighting and then the FMC joins in to defend the MMC. And then they end up in jail and her parents comes to bail them out? And then I think the parents are rude to the MMC because the FMC walks out with the MMC and I think that was the end? Honestly I feel like I might have combined 2 books but hopefully some of these plot points can help us figure out the book haha. Please feel free to comment any books you think fit the description! Thanks so much!!! :))))	2	https://goodreads.com/topic/show/23093724-solved-college-romance-the-guy-is-younger-than-the-girl-by-a-year-or-t-page_1	2025-06-27T00:00:00Z
23095058	2025-03-31T00:00:00Z	goodreads	Adult Fantasy/ Dystopian novel about a community living under ground (??) who have lost memory, protagonist goes on a dangerous journey across hills to find answers. Read 10ish years ago (NOT The Giver)	One of the characters forgets her beloved husband who died.	10	https://goodreads.com/topic/show/23095058-solved-adult-fantasy-dystopian-novel-about-a-community-living-under-gr-page_1	2025-06-27T00:00:00Z
23095283	2025-03-31T00:00:00Z	goodreads	Adult Romance/ SciFi, grumpy sunshine about angry alien guy and human bartender woman. They both get kidnapped and they have to survive on a different alien planet	So this book was phenomenal and I’m looking for the series. I know this is the 5th book in the series and that it has grumpy/sunshine in the title! I read this book through kindle unlimited in 2024. I know that the 6th book is about the twins introduced in this book. The covers for all these books are really cool and they do NOT have human bodies or anything. The covers feature the current species focused in the book The alien guy is really cool but he’s got mad anger problems and his specific race has to deal with their “Rage” in the form of violence or fucking. The bartender girl is really adorable and she’s got this brother she’s trying to take care of and that’s why she’s on this planet working in an alien bar. She and the alien guy end up flirting and it’s amazing. Some stuff happen, through a series of events they end up on a different planet in some unfortunate events and they have to get back to their original planet and avoid the folks hunting them. Any help finding this series would be appreciated!	3	https://goodreads.com/topic/show/23095283-solved-adult-romance-scifi-grumpy-sunshine-about-angry-alien-guy-and-page_1	2025-06-27T00:00:00Z
23096459	2025-04-01T00:00:00Z	goodreads	Adult Short Stories, set in Japan, ""Tea Ceremony"" in the title.	Hi! I’m looking for a book that I believe is a collection of short stories, set in Japan, with the words “Tea Ceremony” in the title. I believe the cover is partly light green and has a white teapot, if I remember correctly.	7	https://goodreads.com/topic/show/23096459-solved-adult-short-stories-set-in-japan-tea-ceremony-in-the-title-page_1	2025-06-27T00:00:00Z
23097269	2025-04-02T00:00:00Z	goodreads	Adult Sports Romance where male and female leads are ex spouses that reunite after ex-wife is called when husband is injured because she is still his emergency contact.	Sports Romance where MMC and FMC are ex spouses that reunite after ex-wife is called when husband is injured because she is still his emergency contact. They broke up due to infertility issues and because husband hid from his wife that some of the infertility issues were due to him having mumps as a kid. I believe the sport was hockey. It was a part of a series. I read this in 2023 or 2024. It seemed like a modern book written around that time. Author was female. Written in English. Book took place in U.S.A.	2	https://goodreads.com/topic/show/23097269-solved-adult-sports-romance-where-male-and-female-leads-are-ex-spouses-page_1	2025-06-27T00:00:00Z
23099005	2025-04-05T00:00:00Z	goodreads	Adult Existential Weird book; May have Inspired Thomas Ligotti. Book can be found on many fans of weird and/or existential book lists. Haven't read it but I know for certain it came from the 40's-80's	Cover: its a faceless man. Publisher: Snuggly, Wakefield, or New York Posts Title: Ronpo/Rompo/Tonpo Apartment Style: Ezra Pound, Dino Buzztari, Zeno's Conscience. Synopsis: Its about an Italian/Polish immigrant or man in an apartment. May be stream of conscious writing; know for certain its translated.	3	https://goodreads.com/topic/show/23099005-solved-adult-existential-weird-book-may-have-inspired-thomas-ligotti-page_1	2025-06-27T00:00:00Z
23099122	2025-04-05T00:00:00Z	goodreads	Adult Science Fiction story about a civilization where elites live longer by using a drug to die then brought back to live and have memories downloaded. Spoiler.	Possible spoilers below as I write everything I can remember about this book in hope someone will know of it and remind me of the title. This is a science fiction book. The main story follows a telepathic boy who hides his abilities as they are feared and killed if discovered. A man befriends him who wants to tear down the society they live in. A society in which the elites live on a world covered in cities where the more important you are the longer you can live by using a drug to temporarily die and be put into a state of suspended animation. Your mind is copied and saved and reloaded when they bring you back to life. The empress lives the longest only being awakened for a single day every century. Later the telepath accidentally creates a world of strong telepaths who watch over the human race and create a utopia where nobody dies or gets sick or feels pain. Theme of the book is about how utopia stagnates man and we need to struggle to survive to truly be alive and grow as a species.	5	https://goodreads.com/topic/show/23099122-solved-adult-science-fiction-story-about-a-civilization-where-elites-li-page_1	2025-06-27T00:00:00Z
23101905	2025-04-08T00:00:00Z	goodreads	Adult Tragic Time Travel Romance, where the couple fell from a tower. A grave was made with a statue of them and the female lead's pet monkey wrapped around her ankle. THINK it is a Jude Deveraux book but NOT Remembrance. Read in 2009.	I read it in 2009 when I had just discovered the paperback romance world. I was mostly reading Jude Deveraux books, and theres definitely enough similar theming that I have always had myself convinced it was Rememberance that I was remembering, but after a recent re-read, that is definitely NOT it. The fmc DEFINITELY had a small pet monkey, and the ""future"" version of her had a love of monkeys. She had a lamp or something with them on it. I also remember a scene where she sat in the bath listening to opera (was supposed to be another tie to her past-life self).	6	https://goodreads.com/topic/show/23101905-solved-adult-tragic-time-travel-romance-where-the-couple-fell-from-a-t-page_1	2025-06-27T00:00:00Z
23103048	2025-04-10T00:00:00Z	goodreads	Adult Regency/ Victorian Mystery series. Female Investigator (who sometimes wears male clothes). Read mid 1990s/early 2000s.	Hi there ... I'm trying to track down a book that I read in the mid-to-late 90s (or possibly in the very, very, very early 2000s). It features a female investigator in what I remember as being Regency England, but may possibly be Victorian England. As I recall -- the protagonist was ruined (I don't remember why) and was (possibly) living out the back of a high class brothel. But she wasn't a prostitute herself. Also -- she often wore male clothes. Also -- spoiler -- the protagonist fell for a man (possibly a politician) in the book, but he turned out to be the murderer. The fatal clue was potpourri caught in his trouser cuff. (Trouser cuffs makes me think it was Victorian, not Regency, but it could be that I'm misremembering and it was a turned-up hem or a pocket.) Also -- at the beginning of the book, while walking through town (London?) she came to the aid of a prostitute who was being assaulted by a man who (I think) likened ""using"" the prostitute to using a chamberpot/privy for bodily functions. (Unless I'm mixing books up and this happened in a completely different book...) Also -- the series only ran to (I think) 2 or 3 books because the author died young. I want to say from cancer? I also have a strong feeling that the author's name was Octavia or Olivia, but am most likely wrong because I am dreadful with names. But I think, when I initially found the book in the library, that I didn't realize the author was female, so maybe the author's Christian name was in initials? ""O"" something? (But like I said, quite likely not an O name and I've got that wrong.) I recommended this book/series to a friend recently, but can't locate it at all despite wide internet searches. Any help very gratefully received! In hope... 🙏 Emily	4	https://goodreads.com/topic/show/23103048-solved-adult-regency-victorian-mystery-series-female-investigator-wh-page_1	2025-06-27T00:00:00Z
23103643	2025-04-10T00:00:00Z	goodreads	Adult Historical Romance Western stand alone book with mail order bride for a son ordered by the now dead father to possibly Texas or some state with Hispanic influence. Read around 2008-2010. Spoilers.	Hello. I read this book, possibly in college or high school, so around 2008-2010 and the mail order bride was for the son, ordered by his now deceased father, who I think the bride knew and actually answered a letter to come west. It was under false pretenses. The father also had an affair with the Hispanic maid, who bore the half-brother of the son, but they were best friends but kept their ancestry secret, but the widow knew. The widow was, a stick in the mud and very rude and mean to the maid, and basically everyone. She also had an affair with someone who kept the books for the ranch, I think. I think he ended up killing her and then committing suicide or something because he calls her out on not loving him when he loved her with everything but she never showed ANY affection to him, and it actually explains that she was told as a young woman to never do anything with her husband but lay there, and I remember there being a description in the book about how her areola were still pink, even though she’s had a kid. There was a fire involved I believe. I remember the fact that she was a mail order bride upset the son, considering he didn’t want to be married, and there was a rather, eh, scene where ranch life was present in a conversation of castrating a bull. There was also a shooting contest and something about not all five chambers having bullets but the son’s gun did have all six loaded because he shot at another dude who was basically salivating at his wife. I also remember that the woman the father loved was killed, and some man was obsessed with the mail order bride and kidnapped her actually, but she was able to get away, I think and she was pregnant as well. I also remember that the mail order bride either got sick due to taking care of a new mother and her child, which was the half-brother’s wife and there was birthing complications as well, but it all worked out in the end. I think she may have delivered twins actually. However the son took his wife’s ribbon from her chemise and she discovered it and she was moved. Any help is greatly appreciated. I loved reading this book and it had so much to it.	2	https://goodreads.com/topic/show/23103643-solved-adult-historical-romance-western-stand-alone-book-with-mail-orde-page_1	2025-06-27T00:00:00Z
23103647	2025-04-10T00:00:00Z	goodreads	New Adult Romance series I read back in 2014-2015. It took place in Australia. I believe the main characters name was Bridget and her brother was Alex. Spoilers.	*spoilers ahead* The girl worked in a coffee shop I believe and her and her brother surfed a lot. She met this guy (forget his name) visiting from New York City. They start dating. Bridget finds out that her much older brother is actually her dad. I forget what happened to her mom but the person she thought was her mom who died recently I think was actually her grandma. She gets pregnant and NY guy goes home. She ends up going to NY to tell him about the baby I guess. NY guy comes from a very rich family and they don’t really like her at first. NY guy has a brother also and I think they go into business together in one of the subsequent books buying a club or restaurant of some sort. The other books in the series follow the other people’s POVs. In one of them Alex starts dating a French teacher I think. I think Bridget and NY guy move back to Australia at some point. Im actually not sure if the main girls name is Bridget or if their daughters name is Bridget. I read this book literally 10 years ago and I want to re read it. I think the title has something to do with fairies or wishes or fireflies. Like the mom told her that fireflies are fairies or something. But it’s not fantasy.	3	https://goodreads.com/topic/show/23103647-solved-new-adult-romance-series-i-read-back-in-2014-2015-it-took-place-page_1	2025-06-27T00:00:00Z
23106102	2025-04-14T00:00:00Z	goodreads	SOLVED - The Midnight Arrow by Zoey Draven - New Adult Fantasy Romance. Lead female is a healer - keeps bees, heals a wounded soldier what turns out to be a decoy to get to one of her beehives’ heart. Published after 2010. Spoiler.	She lives in forest keeps bees, heals a wounded soldier what turns out to be a decoy to get to one of her beehives’ heart. Read in 2025, definitely published after 2010.	3	https://goodreads.com/topic/show/23106102-solved---the-midnight-arrow-by-zoey-draven---new-adult-fantasy-romance-page_1	2025-06-27T00:00:00Z
23106929	2025-04-15T00:00:00Z	goodreads	Adult Chick Lit / Romance from 2010s - Woman travels to meet a father she has never met, she gets to inherit a property, her mother’s presence is required. Spoilers.	I read this book around 2013-2015. Specifically, I had purchased the audiobook CDs from Indigo, so it was popular enough to have an audiobook made and sold in a mainstream Canadian store. (SPOILERS AHEAD) - The protagonist is a single woman - She has a somewhat strained relationship with her mother who was a bit unpredictable in her youth - She had either never met her father or he had left her when they were very young - She receives some kind of correspondence which leads her to travel away from her home and meet her father - There is something related to an inheritance and it is expected that she will inherit a house, which annoys the siblings/cousins she has just met - At some point they require her mother to be physically present, at which point the protagonist reveals that her mother gave up her wilds ways to become a nun who lives in an off-the-grid convent Honestly, some of the details might be shaky, but I VIVIDLY remember the reveal of her mother being a nun. It was a big plot twist in the story.	3	https://goodreads.com/topic/show/23106929-solved-adult-chick-lit-romance-from-2010s---woman-travels-to-meet-a-f-page_1	2025-06-27T00:00:00Z
23107269	2025-04-15T00:00:00Z	goodreads	Adult Romance. Small town, light enemies to lovers where the girl meets an old friend in the city and she asks for her help in applying for a home renovation tv show and meets the friends childhood friend who is a twin	Small town adult romance book where the girl meets an old friend in the city and she asks for her help in applying for a home renovation tv show and meets the friends childhood friend who is a twin. She is an interior designer I believe and the friend is an influencer. It’s apart of a series where the influencer ends up with the other twin. The twins own alot of family business in the small town and one twin is grumpy and that is who the interior designer ends up with. I believe I read it last year 2024 on kindle unlimited.	2	https://goodreads.com/topic/show/23107269-solved-adult-romance-small-town-light-enemies-to-lovers-where-the-gir-page_1	2025-06-27T00:00:00Z
23107603	2025-04-15T00:00:00Z	goodreads	YA Science Fiction. Young man can chose his fate and wakes up in a clone lab. Spoiler.	Young man can move his mind into his parallel worlds Selves that meet his needs and chose his fate like getting away from bad guys or find food. But wakes up in a clone lab and is completely alone on an empty Earth. He lives in a Grocery store with expired canned foods that have little nutritional value but gives food to a wild pack of dogs after surviving their attacks, and makes them friendlier toward him, He finds a girl that is a clone as well and wakes her for company and finds out that his Adult self in this universe invented a Traveling Gate to other worlds to save his planets people and a truck driver appears and thinks he is a runaway and reports him to the Authorities that start perusing him and the girl to parallel worlds. That is as far as I made it in the book. I want to finish it.	4	https://goodreads.com/topic/show/23107603-solved-ya-science-fiction-young-man-can-chose-his-fate-and-wakes-up-i-page_1	2025-06-27T00:00:00Z
23109904	2025-04-18T00:00:00Z	goodreads	Adult Thriller. Friends fake death. Read more than 10 years ago. Spoiler.	All I can remember is it's about two friends. Friend A and friend B. They decide to fake As death to get insurance money or something..? The way they do it is they inject A with like a tranquilizer that will put him to sleep for a few days but it will appear as though he has died. There's a funeral and everything. Friend Bs job was to put an oxygen tank in the coffin so when A wakes up he will be able to breathe until B goes to dig him up in a few days. Well it turns out that when A wakes up in the coffin and turns on the oxygen it's not oxygen, it's some type of laughing gas or something and he eventually dies. Friend B takes all the money for himself.	6	https://goodreads.com/topic/show/23109904-solved-adult-thriller-friends-fake-death-read-more-than-10-years-ago-page_1	2025-06-27T00:00:00Z
23110211	2025-04-19T00:00:00Z	goodreads	Fantasy trilogy about land surrounded by mist and shadow monsters	Hello please help me find the name of the series. I believe it was trilogy and details are sketchy. I believe it was a British author due to the spelling of words like “colour”. The main city was tierd and had a giant greenhouse or smokehouse where meat was cured which had an almost addictive taste. The beasts that were cured could be found wild and traveled to the end of the world which was hidden by mists. The hero had to navigate a swampland to find it where he eventually found himself in another world. The hero was also pursued by a villain who I believe was a shadow figure. He created minions who persued the hero. I also believe the book was an older book. Thank you for your help. I’ll try to promote details as I remember.	2	https://goodreads.com/topic/show/23110211-solved-fantasy-trilogy-about-land-surrounded-by-mist-and-shadow-monste-page_1	2025-06-27T00:00:00Z
23110515	2025-04-19T00:00:00Z	goodreads	Adult Science Fiction. AI/ Robots taking over in the future and the other is about an abandoned ship in space with zombies	I discovered a science fiction author I wanted to read. I thought I was following him online but I guess I wasn't. He has written at least 4 novels. Three of them are a trilogy about AI/ Robots taking over in the future and the other is about an abandoned ship in space with zombies. The latter had a negative review on Goodreads which made me want to read it even more. What I do remember more than anything is the authors bio which said the author enjoyed playing video and board games, He lived with his wife, 2 dogs and a cat he is allergic to. I would say these books came out in the last 5 plus years	5	https://goodreads.com/topic/show/23110515-solved-adult-science-fiction-ai-robots-taking-over-in-the-future-and-page_1	2025-06-27T00:00:00Z
23110730	2025-04-20T00:00:00Z	goodreads	Adult Thriller. Elderly man saves and flees with child from murderers of child's mother, female police officer tries to find them. Read 2010-2018? Spoiler.	An elderly man - I think a Korean war veteran - saves a child from the murderers of it's mother and flees with the child. A female police officer tries to find them before the murderers do. The plot develops a bit like a roadmovie. The son of the man had been killed in the Vietnam war, but he has a grown up granddaughter (?) who tries to find him, too. SPOILER The mother's murderer is the father of the child which was conceived in Balkan war.	4	https://goodreads.com/topic/show/23110730-solved-adult-thriller-elderly-man-saves-and-flees-with-child-from-murd-page_1	2025-06-27T00:00:00Z
23111758	2025-04-21T00:00:00Z	goodreads	Adult Historical Fiction about a reclusive, disfigured young woman in 19th century England who tends a mysterious garden that helps her with her problems.	She lives in seclusion, has one friend, and struggles with her dark past, including the social and economic restrictions placed on single women at that time. Her abusive father and husband plot to steal her inheritance, a valuable painting left to her by her long-dead artist mother. Her garden gives her support and comfort and provides protection when peril looms. Events in the garden add an element of whimsy and fantasy to the story. I don't remember the character's name, but her name ""and Her Mysterious Garden"" are part of the title, I believe. I read it a few months ago; it was recently published (2024/2025?). The author (name?) is female (American?).	3	https://goodreads.com/topic/show/23111758-solved-adult-historical-fiction-about-a-reclusive-disfigured-young-wom-page_1	2025-06-27T00:00:00Z
23112701	2025-04-22T00:00:00Z	goodreads	Adult Historical Fiction where main character is a physician who makes home visits, child gets bitten by dog on the face during dinner party, ghost seen upstairs.	I read this book and didn’t add it to my Read folder on Goodreads. I remember the main character was a male physician who made home visits. Somehow the maids were involved. There was a young girl bitten by a dog. The dog was spooked. Apparitions in the home. Suicide upstairs in the bedroom where a sick woman hanged herself. I read this a year or two ago, but it could have been published anywhere between the 1930s and 1980s. Probably a thrift store find, but I have so many books, it’s tough for me to narrow it down and remember. It’s also possible I found it at the library and returned. If anyone can lead me in the right direction, I would be forever grateful!!	3	https://goodreads.com/topic/show/23112701-solved-adult-historical-fiction-where-main-character-is-a-physician-who-page_1	2025-06-27T00:00:00Z
23114468	2025-04-24T00:00:00Z	goodreads	Adult Mystery/ Thriller with Crime aspects. The book begins with a woman reporter who has a show (similar to Chris Hansen’s To Catch a Predator). Later in the book, a teenager gets alcohol poisoning. Read around 2016-2018?	I think I read the book 2016-2018. I know for sure that the book has a red door on the cover. I think it was set in the US and like it took place in the modern world.	1	https://goodreads.com/topic/show/23114468-solved-adult-mystery-thriller-with-crime-aspects-the-book-begins-with-page_1	2025-06-27T00:00:00Z
23114530	2025-04-24T00:00:00Z	goodreads	Short Story: Took ~2 hours for me to read, man has entity/creature living under his bed that haunted his father and then him. He gets arrested for the entity's actions, and it lives under his jail bed as well.	This guy is essentially living with this weird entity under his bed. Turns out when he was younger his dad was arrested for (ahem🔪⚰️) his mom but it was actually this entity. Now this guy is older and he had a one night stand and this girl gets 🔪⚰️… he ends up going to a hardware store for supplies (that make him look 100% guilty btw) but they’re to capture and finally destroy this entity. Anyway I think he ends up arrested anyway and this thing now lives under his jail bed.	6	https://goodreads.com/topic/show/23114530-solved-short-story-took-2-hours-for-me-to-read-man-has-entity-creatu-page_1	2025-06-27T00:00:00Z
23115401	2025-04-25T00:00:00Z	goodreads	Adult drama. Set in Australian outback. Main character is a woman who lost either her mother or both her parents as a young child. She was subsequently raised by her grandparents. Read around 2010s, published in 2000s? Spoiler.	I remember reading this book around the 2010s but it was probably published in the 2000s. I’m pretty sure it’s set in the Australian outback where the main character is a woman who lost either her mother or both her parents as a young child. She was subsequently raised by her grandparents The main plot point I remember though is that at the end of the book there is a revelation where the protagonist discovers that it was actually she who pulled the trigger as a small child and accidentally killed her parent/s. Her grandparents then never told her. Set on a farm I think? Please help it’s killing me.	5	https://goodreads.com/topic/show/23115401-solved-adult-drama-set-in-australian-outback-main-character-is-a-woma-page_1	2025-06-27T00:00:00Z
23116145	2025-04-26T00:00:00Z	goodreads	Old anthology of British literature that included Lamb’s Dissertation on Roast Pig and Robert Burns To a Louse	My mom has passed away, and my dad has accidentally donated this book. Her copy was from at least the 1950s. It might have been even older. I’d really like to find the information for this anthology and hope to purchase it somewhere. It was a very thick book. I really loved it.	2	https://goodreads.com/topic/show/23116145-solved-old-anthology-of-british-literature-that-included-lamb-s-dissert-page_1	2025-06-27T00:00:00Z
23116429	2025-04-27T00:00:00Z	goodreads	Adult Historical Romance. Read on kindle unlimited before 2019. Female lead locked up to paint portrait of man's deceased wife. Man also has albino son locked up. Male lead is son's companion. Spoiler.	I thought I'd read this in the last 3 years, but I can't find it in my KU list, which goes back to 2019. I think this book is part of batch of linked standalones, but not sure. MFC is commissioned to paint a portrait of a peer of the realm wife (Don't remember his rank). When she arrives to consult, she finds out that the wife has actually been dead for sometime, and the man (crazy man) locks her in a room until she can get the portrait complete. MMC is either poor or not a first son, but has nowhere to go, so he plays unpaid companion to the albino son of the crazy man. He discovers the girl while putting out rat traps due to the sounds he has heard her making. He frees her to come to the rooms he and the son use (servants stairs or secret passages) The albino son isn't allowed to leave the house because he is a ""disgrace"" to his father. He is weaker, but not a true invalid. He also makes figurines from wood. (Spoilers) they all get free at the end when the portrait reveal angers the crazy man and a house fire results. That's most of what I remember. Other minor memory : MFC borrows a green dress that belonged to the wife for the painting. I don't recall MFC's life circumstances that lead to her not being missed during her imprisonment. Nor do I recall any of the character's names right now. Thanks for any help!	2	https://goodreads.com/topic/show/23116429-solved-adult-historical-romance-read-on-kindle-unlimited-before-2019-page_1	2025-06-27T00:00:00Z
23119879	2025-05-01T00:00:00Z	goodreads	Adult Science Fiction trilogy: Alien invasion, involves alien structures where they use bells to test people's genetics. Read early 2000's.	This is a trilogy. Plot revolves around an alien invasion occurring over many years and they have built permanent structures around the planet, especially in Antarctica and I believe China and Gibraltar. The aliens are collecting humans, predominantly in China at the start under the guise of work, and testing their genetics using special bells. There is a underlying conspiracy plot where a secret organisation is trying to cover this up and help the aliens. There are a few main characters. One is a man investigating the secret organisation. There's also a women who has got the alien genes and I think she was a scientist of some sorts and knows the main alien (from a past life or something). I can't remember why the aliens are invading. There is some time spent in space in the later books. I think the story ends at the Gibraltar facility. I read these books in the early 2000's.	4	https://goodreads.com/topic/show/23119879-solved-adult-science-fiction-trilogy-alien-invasion-involves-alien-st-page_1	2025-06-27T00:00:00Z
23120236	2025-05-01T00:00:00Z	goodreads	Adult Dark Romance – Former stripper working in a bar. Tech CEO offers money for a length of time. Read around 2017-2019. Self-published.	Hi all, I’m trying to find a dark romance novel. It’s probably a self-published. I read it probably 2017-2019 Here’s what I remember: The female main character used to be a stripper, but she now works at a bar in the city. The bar is described as the only one in the city that still has live music. Her boyfriend also works at the bar, but he doesn’t own it, and he’s not abusive. One night, a man walks into the bar and recognizes her from her stripping days. He’s a wealthy tech startup CEO, and he makes her a proposition: he’ll pay her for a week or a month to be with him. It wasn’t a super dark or taboo story—more of a “mid-dark” romance in tone. I remember reading it on Amazon Kindle. If anyone recognizes this, I’d be incredibly grateful. Thank you so much in advance!	3	https://goodreads.com/topic/show/23120236-solved-adult-dark-romance-former-stripper-working-in-a-bar-tech-ceo-page_1	2025-06-27T00:00:00Z
23122427	2025-05-04T00:00:00Z	goodreads	Adult fiction about library in a small mountain town	the main character is a young man who leaves his former life behind to move to a remote village in the mountains. There, he starts working at a library, whose main visitor is a shy boy who comes every day to read. There is also an older woman who looks after the library, and an elderly man who used to be the library’s owner. I don’t have any more details. I need the title of the book. I think it happens somewhere in Japan, but not sure.	9	https://goodreads.com/topic/show/23122427-solved-adult-fiction-about-library-in-a-small-mountain-town-page_1	2025-06-27T00:00:00Z
23122793	2025-05-04T00:00:00Z	goodreads	New Adult Romance, Love Triangle. Poor girl turned model after she met hero. Hero is involved in the modeling scene. the third guy is rich and cares for the heroine	Love Triangle of a poor/depressed girl turned model when she met the hero, I remember she modeled for a photoshop inspired by like a dark theme and there was this other girl who was modeling for a sort of ‘’healthy’’ Barbie theme and she was upset about it. The main hero is involved in the model/photography scene and the third guy is rich and cares for the heroine I remember I read it maybe around 5 to ten years ago. Hero had a motorcycle ( but I’m not sure).	3	https://goodreads.com/topic/show/23122793-solved-new-adult-romance-love-triangle-poor-girl-turned-model-after-s-page_1	2025-06-27T00:00:00Z
23123714	2025-05-05T00:00:00Z	goodreads	Adult fiction. Indie Asian Sapphic/ WLW fiction about photography and modeling. Hardcover, cream colour. Found in 2024.	I found this book in the Deep Vellum bookstore in Dallas, Texas in October 2024, so it was probably published (probably recently) either by Deep Vellum or another indie press. I believe it was a cream coloured hardcover of slightly squarish dimensions (different from the conventional hardcover shape) about $35 USD and had a large fashionably dressed full-body black and white protograph of an Asian woman in the front, back, flaps or even possibly endpapers—I’m unsure where the image was! It may have been a Korean author and characters, and it might have been a book in translation from the original language. Alternatively, it may also have been by an Asian American author (possibly a local author) and originally in English—I am not sure. It was a sapphic (ie women-loving-women or f/f) novel about women in the photography and modeling (possibly dance as well) industry, who either had a competitive relationship or a complicated history. It was probably set in contemporary times, and probably in the literary fiction genre with a romance or identity focus. I looked through Deep Vellum’s website but I can’t appear to identify it or tell if it’s there! Thanks!	9	https://goodreads.com/topic/show/23123714-solved-adult-fiction-indie-asian-sapphic-wlw-fiction-about-photograph-page_1	2025-06-27T00:00:00Z
23124523	2025-05-06T00:00:00Z	goodreads	Dystopian/ YA or New Adult novel. Female lead either is cast out of a cult or leaves voluntarily. The cult leader is responsible for releasing a bioweapon. She takes the key to a research facility to develop a cure. Read late 2019.	I read this book in late 2019. I am unsure if anything would count as spoilers since I can't remember the ending, but here are more details. Any help is appreciated! The FMC joined the cult as a young girl because her mother experienced some sort of trauma. The cult leader has them living in a compound with tall walls, and they are not allowed to interact with outsiders. She had a problem with breaking rules and gets in trouble a lot. I can't remember if she is kicked out or if she leaves, but she goes to live with her Aunt in, I want to say, California. She moves into her aunt's RV and is readjusting to life when a viral disease breaks out. I believe it causes people to either act like zombies or become violent in some way. Her younger sister shows up at her RV with the key to the cure. She then begins a cross-country trek to a research facility. She is joined along the way by a man with whom she has a romance. He is either ex-military or some other kind of survivalist. At some point, they sleep in a truck or car overnight. I cannot remember any other details at the time, but I will update if I can. Thank you to anyone who can help!!	3	https://goodreads.com/topic/show/23124523-solved-dystopian-ya-or-new-adult-novel-female-lead-either-is-cast-out-page_1	2025-06-27T00:00:00Z
23124926	2025-05-07T00:00:00Z	goodreads	Adult fiction. Irish neighbors gossiping and telling stories to each other. Cover: orange/ yellow, 2 women sitting & talking in a black-and-white picture. Irish author.	Hello! I saw a book in a bookshop the other day, very interesting, but then I forgot the title! I know it is a book about Irish neighbors gossiping and telling stories to each other. Each chapter is a story they tell (or at least, this seemed to me by the quick look I had). The cover is orange/yellow, and there are two women sitting and talking in a picture in black and white. The author is Irish. The book was published in 2024/2025 max. Or quite recently. I think (but I am not sure) that the title started by M. If you have any idea it would help me a lot. Thanks in advance!	8	https://goodreads.com/topic/show/23124926-solved-adult-fiction-irish-neighbors-gossiping-and-telling-stories-to-page_1	2025-06-27T00:00:00Z
23125349	2025-05-07T00:00:00Z	goodreads	Adult Romance. Female lead is teacher; needs a date for work Christmas party. Hires male lead off website. Spoiler.	FMC is teacher; needs a date for work Christmas party. Hires MMC off website I think the FMC name is Claire. She is being teased by co-workers and she makes up a fiancé/boyfriend. They tell her to bring him to Christmas Party. She goes to a website to hire a date. MMC takes FMC to Christmas party. His stipulation is they can't kiss. End up sleeping together after the party in her living room next to her Christmas tree. Leaves the next day, but comes back again, telling her he needs her. They fight and he leaves again, but then shows up at her family cabin where she is staying. MMC is helping his SIL take care of kids, and his brother is an addict or alcoholic. They fight again, he is afraid of committing, he has a felony type of past. Ends up building her a porch swing as an apology and then at the end of the book, proposes to her while she's teaching her students on stage while rehearsing a play.	4	https://goodreads.com/topic/show/23125349-solved-adult-romance-female-lead-is-teacher-needs-a-date-for-work-chr-page_1	2025-06-27T00:00:00Z
23126070	2025-05-08T00:00:00Z	goodreads	Adult Mystery. Woman's son and husband died in boating accident, her son's lifejacket was found. Years later, she thinks she sees her son in a mall. Hires PI. Female author.	Looking for the name of a book about a woman who’s son and husband supposedly die in a boating accident, I believe a body was found and her son’s lifejacket was the only thing of him found . Years later she thinks she sees him in a mall (I believe passing on an escalator) from behind based on something she heard him say that was special to just the 2 of them . Tries to catch up but lost him. Hires a private investigator etc. Thankyou !	4	https://goodreads.com/topic/show/23126070-solved-adult-mystery-woman-s-son-and-husband-died-in-boating-accident-page_1	2025-06-27T00:00:00Z
23126098	2025-05-08T00:00:00Z	goodreads	1990s Adult Dark Fantasy trilogy with Sorcerer Stuck in Ice?	Hello, I am looking for a dark fantasy trilogy by a male author most likely written in the 90s or early 00s. I remember reading parts of the 2nd book in the early 10s and it had a woman with a white dress on the cover. Fantasy world similar to The Black Company Series by Glen Cook. Other things: - The story takes place in a completely fictional world, with a medieval vibe—no modern tech or connections to Earth. - There were Viking-like raiders (might have just been called raiders). - There was a sorcerer or wizard imprisoned in a cold, icy place, possibly a castle of ice. His imprisonment was important to the larger plot. - Somehow related to him is a mysterious woman (possibly a goddess or an enchantress) who could make people fall in love with her. She ends up being sold to a king and is frustrated because her wet nurse bears a child for the king in her place. - There was a village raid scene where all of the women were kidnapped, including one of the protagonists (named Katna?). Her friend returns from a hunt to find the village destroyed and an old crone who gives him a sword which ties into the backstory. -The book had multiple POVs and changed perspectives pretty often, not leaving us with one character for very long.	7	https://goodreads.com/topic/show/23126098-solved-1990s-adult-dark-fantasy-trilogy-with-sorcerer-stuck-in-ice-page_1	2025-06-27T00:00:00Z
23127548	2025-05-10T00:00:00Z	goodreads	Adult Thriller about a man who tries to kill a dictator and has to go on the run. Read before 1996.	A thriller from the 1950s(?) about a man (unnamed) who tries to assassinate a dictator/ruler (it's not clear who the ruler is or what his political orientation is), misses, and has to go on the run when security forces try to hunt him down. He hides in a tree, hides in a cabbage patch, and hunkers down under a fallen tree in the root system. He kills a cat and uses the skin to make a sling shot. I read the book over 30 years ago and it has always stayed with me. I'd love to find it and read it again.	4	https://goodreads.com/topic/show/23127548-solved-adult-thriller-about-a-man-who-tries-to-kill-a-dictator-and-has-page_1	2025-06-27T00:00:00Z
23128178	2025-05-11T00:00:00Z	goodreads	Adult Horror. A group of telepaths hold a yearly contest to see who could have the greatest influence on world events. They're depicted as sociopaths. Read early 2000s.	I must have read this book some time in the early 2000s. The protagonist is a holocaust survivor who finds out that one of his torturers is alive. He turns out to be one of the telepaths in the group mentioned in the topic. It was interesting because it posited that the ability to read minds and force people to do what you want would naturally turn you into a sociopathic monster. There was also a subplot involving a telepath that gets put into a coma and finds out that it makes her even more powerful than she already was. Thanks for any help you can give me to remember the title. I've been trying to remember it for a week to recommend to a friend of mine.	3	https://goodreads.com/topic/show/23128178-solved-adult-horror-a-group-of-telepaths-hold-a-yearly-contest-to-see-page_1	2025-06-27T00:00:00Z
23128439	2025-05-12T00:00:00Z	goodreads	Adult Mystery. A journalist is sent to a small town where an adult dies in her family Bach during the holiday season. Reporter is to write a story and uncover the truth of the murder. Read 2020-2023. Spoilers.	I read this book between 2-5 years ago. The book is split into two different view points. The build up to the death and what the journalist discovers. The journalist comes back from leave after something disturbing happens to her. Her boss sends her to a small town where this wealthy families daughter was murdered (her dad is a lawyer) to write a story about what happens. The journalist becomes friendly with local cafe owner who she goes on walks with to try and help heal her past (she can’t walk by herself during the early hours of the morning). The journalist becomes friends with I think another police officer where they try investigate quietly as the case was closed shut. The girl who was murdered was at University/College and she had 3 friends. They were studying law. The girl who was murdered became close with one of the guys in the group. They would stay up late, talking through the early hours of the morning. She gave him flirty vibes but he wasn’t sure and had a big crush on her. He thinks that the other two friends (M and F) are in a relationship. The main young girl turns out to be in a relationship with the other guy and it is all a big secret. After a bit of time the main young girl gets pregnant and freaks out as her dad is a top lawyer and her family have high hopes for her. She freaks out with school and family and they both decide to go to her family Bach in the small town over the Christmas holidays to tell her parents together. He ends up proposing to her to try and show how he is committed to her. The girl then goes to the Bach where she is meeting the boyfriend (he is on a plane running late as he just got a job with the vice president or something). She hears a knock on the door and it’s the guy from the friend group wanting to confess his love to her. She freaks out and he kills her (this happens in the kitchen). As the journalist is uncovering all of this through the autopsy, the police are hunting her and she is hiding out in the cafe upstairs. (Think the cafe was a family business passed down?) The family had paid money to keep the nature of the murder a secret. The guy who killed her was eventually killed in the back of the Bach I think? My friend who recommended it to me died a couple of weeks ago so I’m stumped for the books name or author.	6	https://goodreads.com/topic/show/23128439-solved-adult-mystery-a-journalist-is-sent-to-a-small-town-where-an-adu-page_1	2025-06-27T00:00:00Z
23128814	2025-05-12T00:00:00Z	goodreads	Adult Amish Romance. Male author. Woman moves from Lancaster Pennsylvania to Shipshewana Indiana, buys a house and a gentleman helps her fix it up. Cover: red or warm color.	The cover is a warm color with a lady's face on it. She wears amish clothing. I am helping a lady at work find the book; she read a sample of it on Libby 2 weeks ago and put it on hold, then went to check it out and her account had gotten signed out. We are trying to put a print copy on hold for her, if we can remember the title!	4	https://goodreads.com/topic/show/23128814-solved-adult-amish-romance-male-author-woman-moves-from-lancaster-pen-page_1	2025-06-27T00:00:00Z
23130742	2025-05-15T00:00:00Z	goodreads	Adult Mystery - Female main character worked at some school or institute. Two residents, a girl named Fay and her boyfriend were found poisoned. Spoiler.	I remember the two residents were dating and they wanted to tell the main character a secret later that day (I think they going to tell her after a party?) and were found poisoned. And the police tried to write it off as a double suicide, but the main character said that was not the case because they wouldn't have killed themselves without telling her the secret first. And it turns out the girl that died, Fay, was secretly pregnant and throughout the book they thought it was her boyfriend's child, but Fay had been raped by I think it was the owner of the institution and it was his kid, and I think he was the one that murdered the two because he wanted to hide it. There was a scene where the boyfriend asked the main character to give Fay a hat because they weren't allowed to talk to each other for some reason I think? I also remember someone appeared randomly throughout the story and then disappeared again, and it turned out he was secretly sleeping underneath the facility (In tunnels?) I don't remember exactly when I read it, but it was maybe 5-10 years ago, maybe longer	3	https://goodreads.com/topic/show/23130742-solved-adult-mystery---female-main-character-worked-at-some-school-or-i-page_1	2025-06-27T00:00:00Z
23130989	2025-05-15T00:00:00Z	goodreads	Adult MM Romance. Waiter and ""CEO"". Read in 2024. Wattpad adaptation.	Well main thing is that it is a male x male romance. that is why the “Ceo” father and brother are homophobic. Man1 is not necessarily mentioned as a CEO but as someone who inherited the business, what the business does is that they take the assets and money of wealthy people and they keep it for safe keeping, i think its called a trust fund. The brother, before his death used to take the assets and money, and keep/ use it for himself, that is one of the reasons as to why the business was in shambles when Man1 inherited it, Man1 is dead set on reviving the business as a way to prove something to his homophobic father and brother, Man1s mother is the only one who supported him but never defended him. Man2 has his own problems, he has been running away from his hometown to escape his ex, his ex is a married man with a child, his ex keeps chasing him. Back when they were dating, it was a secret because the Ex didn’t want to ruin his reputation, Ex only used Man2 for sexual favours. Man2 Runs away to another city, i am not sure but it may be New York, he works as a waiter in a cafe? (Not sure). Man2 meets Man1 and accidentally drops dirty dishes on him ( i am not sure if he drops dirty dishes or something else). The mother of Man1 hires Man2 because she thinks her son needs help for the business, Man2 is desperate as he got fired from the waiter job because of Man1, Man2 accepts the job. To prove Man2 is worthy to Man1, for the job, he retrieves all Man1s lost files and documents, which was important for the business, he has to retrieve it because the previous assistant quit and messed it all up before leaving. Man2 gets the job. In the beginning of the Job Man2 is focused on organising the database( not sure about the database part) Later on, after both of them start dating, Man2 goes to lectures to enhance his skills and be beneficial to the business, he meets a friend. SPOILER: One day meets he attends a lecture and his ex is at the lecture, the ex is the guest for the lecture, because he is the Mayor of Man2s hometown and the ex did something good (which was actually Man2s idea and plan, so basically the ex stole it and got successful) Man2 tries to run after lecture finishes but The Ex catches up and kisses him by force, the friend of Man2 intervenes and helps Man2 escape. Another event i remember is that Man1s deceased brother, got a girl pregnant, the girl has to prove the baby is the brothers, they prove this by taking Man1s Dna. SPOILER: The baby is the deceased brothers. thats is all the details i remember. Please find the book, i remember it is a Male X Male romance. Unfortunately i found this book through a wattpad adaptation, which got deleted, that is why i do not know the names nor their descriptions. I am sure it is a real book because the account that posted the adapted book, posted lots of other adapted books as well. And i vaguely remember it being mentioned that it is an “Non-profit Adaptation”. Thank you so much if you are able to identify it or even if you have read till here! Thank you for your time!	3	https://goodreads.com/topic/show/23130989-solved-adult-mm-romance-waiter-and-ceo-read-in-2024-wattpad-adapta-page_1	2025-06-27T00:00:00Z
23131041	2025-05-15T00:00:00Z	goodreads	Adult Fantasy, vampire like people, series, bond or die situation. Read around early 2000s.	I read this series probably around the early 2000s. It's a group of men, can't remember if they are related but they all have a connection. They are vampire like but don't call themselves vampires, they have another name for it. When they find their soul mate, it's a bond or die type situation and some of the women reject them till they realize the man may die. I believe blood is exchanged. I think they were created in some way, not lab created. They have a name for their soul mate but can't remember what it is. It's similar? To Black dagger brotherhood.	5	https://goodreads.com/topic/show/23131041-solved-adult-fantasy-vampire-like-people-series-bond-or-die-situatio-page_1	2025-06-27T00:00:00Z
23131309	2025-05-15T00:00:00Z	goodreads	Vampires, mate for life,	Finally found the series. It's by Lynsay sands. It's the Argeneau vampire series. It's a great series of anyone hasn't read it. I highly recommend.	2	https://goodreads.com/topic/show/23131309-solved-vampires-mate-for-life-page_1	2025-06-27T00:00:00Z
23131775	2025-05-16T00:00:00Z	goodreads	Adult Fantasy, Monster Romance MF. Female necromancer and male garden center revenant, first in series, enemies to lovers	*Possible Spoilers* I'm looking for a monster romance about a necromancer (I don't remember if she's specifically called necromancer, but she's a ghost talker) and a revenant who owns a garden center. The fmc recieves a letter telling her she's about to meet her mate. She goes to the garden center to get some yard supplies and they are delivered by the mmc. The fmc thinks the mmc hates her. The fact that he's a reveant is important because (I think) she can't touch people (or maybe people are afraid to touch her). The subplot involves a gateway that the fmc finds out is in her back yard and at the end of the book, finds out she's going to protect it. It was definately a first in series. I read it on KU maybe a year or two ago. Help please!	2	https://goodreads.com/topic/show/23131775-solved-adult-fantasy-monster-romance-mf-female-necromancer-and-male-g-page_1	2025-06-27T00:00:00Z
23131823	2025-05-16T00:00:00Z	goodreads	Adult Historical Fiction/ Romance/ Intrigue novel. The title has the name of a collection of jewels which tie all the sub plots together.	I'm looking for a book I read some years ago. It was published in the late 90s or early 2000s (I think). The book is about an upper class Boston family, the term Boston Brahman is used a bit, but the family in the story is not an actual historical family. I feel like the name Barrington is used, but I could be wrong. The book opens in Boston, and I think returns at times to Boston, but mainly plays out in France and Vietnam. In the opening of the book, the main character is college age and living with her grandfather who is fairly reclusive and frugal. The generation before the main character focuses on a woman, but I don't think it's the character's mother. The woman falls in love with a race car driver who is very successful, but he is also secretly a cat burglar. She knows this, though it's not confirmed until he steals from her. There is something about the fall of Saigon and evacuation of the babies and, I think the character's father. He is blamed for something that happens during that time, it might have been the character's mother's death, and even though he knows the truth and it would clear his name in the family, he chooses to take what he thinks is the more honorable path by taking some kind of blame. If I remember, he is there working for the State Department during the war. In the end of the story, all of the things come to light and all is forgiven. Throughout all of this, there is a collection of precious stones, at least a star sapphire and ruby, either star ruby or Burmese ruby. There may be other jewels in the collection, but I don't remember. The stones are spherical and fabled. The name of this collection of jewels is the title of the book. These jewels travel from Vietnam to France and then the main character finds herself in possession of them, I think. I don't think the stones ever went to Boston, but I could very well be wrong. I've attempted several library searches and two Chat GPT searches and have not found the book. I don't think the book was part of a series. I also think the cover was dark green, and maybe had a landscape of some kind on it. I don't think this book was a best seller, and I think the author is a woman, but I'm not sure.	5	https://goodreads.com/topic/show/23131823-solved-adult-historical-fiction-romance-intrigue-novel-the-title-has-page_1	2025-06-27T00:00:00Z
23132092	2025-05-16T00:00:00Z	goodreads	1980s/1990s Adult Romance - Woman travels to Rome and is naughty	Hello! I was recently talking to a friend and we were laughing at the naughty books we read when we were in junior high/high school in the 80s/90s (e.g. Lace and Flowers in the Attic books). I mentioned a book called Rome and she didn't know that one and I tried to look it up and couldn't find it. Now I'm obsessed with finding it because I can't find it anywhere. I don't remember the author, but I swear it was just called Rome (maybe it had Rome in the title, but I just remember Rome) and the hardback copy I got from the library was a maroon color, with yellow/gold letters (it looked really sleek) and there was a silhouette drawing of the coliseum, or maybe the tower of pisa? Anyway, it was about a woman who traveled to Rome and there were some ""adventures."" I don't remember anything about the book really except that cover is burned into my memory. And I was very careful not to leave it lying around because I didn't want anyone to pick it up and start reading it - lol! What is it with the Gen X girls reading books like this at that age?!? I read it in the late 80s or early 90s, so it couldn't have been published later than 1993. Anyone know this book? I feel like I'm going crazy because I can't find it anywhere! Thanks!	10	https://goodreads.com/topic/show/23132092-solved-1980s-1990s-adult-romance---woman-travels-to-rome-and-is-naughty-page_1	2025-06-27T00:00:00Z
23132689	2025-05-17T00:00:00Z	goodreads	Christian fiction series about different people waking up and realizing that God came back and their loved ones were missing and no one was around	The characters realized that they were still on the earth because of different reasons, whether they didn’t believe in God or their sins and they think that their the only ones left on earth and it’s broken down into different first person stories and thoughts. I read this series around 2006-2008, I just remember there being a lot of books in this same series. All of the titles I remember were similar to one another and that if you stacked them in order on top of each other the spine spelled something or made a picture.	4	https://goodreads.com/topic/show/23132689-solved-christian-fiction-series-about-different-people-waking-up-and-re-page_1	2025-06-27T00:00:00Z
23134933	2025-05-20T00:00:00Z	goodreads	Adult Historical Romance with injured male lead (uses a cane). During a walk, female lead can tell he's in pain so she asks him to escort her back to the house.	I don’t remember a lot about this book but I read it within the last year. It is a historical romance. A host invites a group of people to come to stay with them and socialize. I think the MMC is injured (uses a cane) or scarred or blind or something. I think at some point everybody is on a walk, the FMC can tell MMC is in pain so she asks him to escort her back to the house. They accidentally run into each other at the park and start talking. This ends up becoming a regular thing where they meet in the park to talk. Her maid disapproves of it. That is all I remember, please help if you know this book thanks!	5	https://goodreads.com/topic/show/23134933-solved-adult-historical-romance-with-injured-male-lead-uses-a-cane-d-page_1	2025-06-27T00:00:00Z
23135725	2025-05-21T00:00:00Z	goodreads	Adult Thriller. Conrad, a hard, determined self made shipping magnate? is hard and overbearing on his son Karl. Karl grows up disciplined and learns martial arts in Japan. Spoiler.	Hi folks, I’m obsessed and would like to pays reward! I was very young and picked this paperback off my parents shelf.. I have scattered memories of scenes from the book..?! Karl develops into a strapping muscular young man and I think has a romantic encounter with his father’s secretary.. I think the first part is Conrad hustling and becoming a millionaire in the shipping business? He has business in Japan and I think he leaves Karl behind to prove himself and work his way up in the company? Karl also learns martial arts in the meantime and becomes muscular and gains some confidence.. I remember a certain scene where Karl has a romantic encounter with his father’s busty secretary (whom his father also had an affair…). Also at the climax Karl and his father have a knock down/drag out fight where I think Conrad tries to stab Karl?? I think Conrad’s business headquarters is in New York.. This book possibly came out after the Shogun series became popular?? Thanks very much everyone in advance!! P.S. The cover may have had a Japanese theme?	7	https://goodreads.com/topic/show/23135725-solved-adult-thriller-conrad-a-hard-determined-self-made-shipping-ma-page_1	2025-06-27T00:00:00Z
23137088	2025-05-23T00:00:00Z	goodreads	Adult Historical Romance, England. Late teens heroine Julianna? She's twice widowed and then marries hero, happens in about a year. Read before 2011.	I read this pre-2011 and remember the plot fairly well. I think it had a one word title. Spoilers - she was about 17-19, classic orphan raised by disinterested aunt/uncle. 1st marriage local older widower, he dies on wedding night from heart attack but she panics and flees because she hit him with a bed warmer. Goes to London and is picked up by madam offering 'work', darkish hero enters at brothal, he is looking for young woman who can pass as quality to marry relative. I can't remember specific relationship. He needs him married with heir but no decent woman will marry him. That is 2nd marriage and he dies soon after. She is pregnant by then with hero's baby. Hero realizes he loves her and after some drama re previous marriages and aunt/uncle they marry. All happens in less then 1year, time period late Georgian to regency England.	4	https://goodreads.com/topic/show/23137088-solved-adult-historical-romance-england-late-teens-heroine-julianna-page_1	2025-06-27T00:00:00Z
23137932	2025-05-24T00:00:00Z	goodreads	Adult Sci-fi Romance. Aliens forced to live on Earth in reservations. Female heroine employed by the government to take care of them. Spoiler.	The book I have read was sci-fi romance about aliens, who crashed or were for some reason forced to land on Earth. Human government forced the surviving aliens to live in the reservation. The conditions in the reservation were very poor. The heroine was employed as one of the staff memebers, who were taking care of the aliens. The aliens did not look as your typical aliens in sci-fi romance (usually look very similar to humans). They reproduced by laying eggs. The heroine established a closer contact with one of the male aliens. He was trying to hatch one egg of his own. It was slow-burn romance. I read the book in English. I think it is the original language, but I am not sure. I have read the book few years ago, but I have no clue how many years ago).	4	https://goodreads.com/topic/show/23137932-solved-adult-sci-fi-romance-aliens-forced-to-live-on-earth-in-reservat-page_1	2025-06-27T00:00:00Z
23138728	2025-05-25T00:00:00Z	goodreads	Adult Contemporary Romance. Woman inherits a train station and starts renovating it.	Looking for the author of a book (one in a series, this I am certain about) about a young woman returning (?) to a town because she inherited from an uncle (?). Turns out to be a sort of train station he left her, and she starts renovating it and wants to make a cafe/museum out of it. Hero helps her. I read it during the last 5 years I think. Rather trashy book. Please help.	7	https://goodreads.com/topic/show/23138728-solved-adult-contemporary-romance-woman-inherits-a-train-station-and-s-page_1	2025-06-27T00:00:00Z
23138925	2025-05-25T00:00:00Z	goodreads	Adult Non-fiction, Psychology (I’m assuming)	I don’t read book really at all but I have been obsessed with finding out the name of this book. I remember listening to a book being explained about 1.5 years ago about a guy who was developing a mental illness and he started seeing this not for what they were but their characteristics like his wife was his wife but a thing with skin and hair or a apple is a biological red object I have been searching for hours and I just can’t find an answer I’m satisfied with if anyone knows please respond.	4	https://goodreads.com/topic/show/23138925-solved-adult-non-fiction-psychology-i-m-assuming-page_1	2025-06-27T00:00:00Z
23139069	2025-05-26T00:00:00Z	goodreads	Adult Historical, Native American Romance with character named or nicknamed Blue Beads. Read around late 1980s/early 1990s.	Unfortunately, I do not remember much about the story line. I believe the FMC is named Blue Beads. The MMC may have a rivalry with another character. I believe the MMC/FMC have a son. And at some point she has a daughter, but does not know if the child is her husband's or the other character who assaults her. I think there may be a part where there is another couple set in future and it's implied that it's actually the main couple in future; not sure about this part. I have tried googling every author I could think of and searched for romance books with a character named Blue Beads, but no luck. I think the FMC may have been wearing a yellow dress or Native American garment on cover. I believe that when looking at the cover the FMC is on the left side and the MMC is on the right side. There may have been some blue or water on the cover. I would like to find the book so I could finish reading it.	8	https://goodreads.com/topic/show/23139069-solved-adult-historical-native-american-romance-with-character-named-o-page_1	2025-06-27T00:00:00Z
23139172	2025-05-26T00:00:00Z	goodreads	Adult Shifter Romance: The Alpha's mate died and he leaves the pack to grieve. The FMC, who cannot shift, is sent to convince him to come back.	- Plot: Alpha's mate died (best friend of the heroine) and he left the pack to go grieve in a cabin in the mountains. He is semi-wild and the pack needs him to come back because war is coming to them and he is a very strong alpha. The heroine is a pack member who cannot shift although I think she is in her mid-late twenties, so they send her because she is a bit expendable. Importantly, she is sleeping with the alpha's best friend, who doesn't want to mate her because of the fact that she cannot shift. She goes to the mountain, he doesn't kill her but starts ignoring her, and she cannot leave in good conscience. She stays to take care of him since he is living in filth and is very emanciated I think. He gives her an ultimatum that he thinks is impossible: He will only leave the cabin as her mate,and only if she shifts. She agrees, but fails to shift until they are attacked by assasins trying to kill him and she manages to fight as a wolf in the fight. They leave the cabin as mates and return to the pack. Her old lover now confesses his love and tries to mate her since she now managed to shift, but she is loyal to he new unlikely mate and refuses. The rest of the book is them getting closer and preparing for war. - I heard an audiobook of this book on youtube between 2022-2024. Can someone help me????	3	https://goodreads.com/topic/show/23139172-solved-adult-shifter-romance-the-alpha-s-mate-died-and-he-leaves-the-p-page_1	2025-06-27T00:00:00Z
23139672	2025-05-26T00:00:00Z	goodreads	Adult Fantasy. Knight searching for dragon whose hoard is books. Spoiler.	Plot: Knight hired to kill a dragon and keep it from stealing the kings money. Female (in human form) ends up injuring knight when steeling the money. She keeps the knight with her at her hoard for several days before releasing him. Her hoard is made up of books. The knight wishes to become her partner, she challenges him to find her after she releases him. Spoiler: Knight ends up opening a bookstore to lure dragon to him I believe that in the same series there is a book about someone whose hoard is stones/gemstones. Read this story in the last 1-2 years, unsure how new the book was at the time.	2	https://goodreads.com/topic/show/23139672-solved-adult-fantasy-knight-searching-for-dragon-whose-hoard-is-books-page_1	2025-06-27T00:00:00Z
23141538	2025-05-29T00:00:00Z	goodreads	1990s Adult Fiction set in Russian, NY and Hollywood. Spoilers.	90s Fiction set during Russia revolution/New York and Hollywood The daughter of English professor had been living in Russia with her father when the Revolution started, She was secretly and chastely in love with the married Prince Xavier (I think) who gifts her a diamond brooch from Cartier or Faberge. She manages to escape Russia with Grand Duchess/Princess Sophie Sophia and her granddaughter Tatiana Tania. They are challenged on the train by a Russian General but manage to escape. Tatiana’s brother is captured by the same General and despite being ordered to kill him he raises him. He has a natural son Boris who intensively dislikes the interloper and tries to kill him by a wire between two trees whilst he is out riding. The women end up in a tenement building in New York and she befriends a Jewish pawnbroker. The women of the neighbourhood all pawn their husband’s best shirt for 10 cents and redeem them back weekly for church/synagog. She swears the child to secrecy about their escape from Russia saying it is all a game. When the princess dies the main character is forced to try and pawn a diamond she has smuggled out of Russia to pay for the funeral. The pawnbroker is suspicious and accuses her of theft. During the funeral the child cries out in Russian“I don’t like this game / I don’t want to pay this game any more, I want Princess Sophie back” and the pawnbroker who can speak Russian realises where they are from and the history of the diamond. She also makes friends with neighbour woman who is Polish and has a lot of children by her husband – possibly Jacob – and she cooks him tripe and onions weekly. At some point she is forced to pawn the diamond brooch and the buyer immediately contacts someone who had registered interest whenever any Russian jewelrey was sold. The man who buys the brooch tracks her down and courts and marries her but eventually she realises he is not who he seems and after finding and taking back the brooch she flees. I believe he is after deeds to Russian mines. After fleeing they head back to NY but neighbour has moved to LA with her family after being abandoned by her Polish husband. She finds a new woman at the house who says ‘Jacob can have many more Polish children with me’. Pawnbroker who is secretly in love with her also heads to LA and eventually becomes a rich successful Hollywood studio-head. The son of the Polish neighbour wants to work in studio and goes for the day – he is given a tour by the owner but does not realise until one of the staff says “He gave you a private tour of the studio today” Tania becomes famous Hollywood star but is mentally fragile. I think she marries the pawnbroker turned studio head in the end and there is more about the brother/Boris who becomes head of the KGB.	3	https://goodreads.com/topic/show/23141538-solved-1990s-adult-fiction-set-in-russian-ny-and-hollywood-spoilers-page_1	2025-06-27T00:00:00Z
23141941	2025-05-29T00:00:00Z	goodreads	High School to Adult Romance. Grief, healing, and second chances. Spoiler.	I'm looking for a book I read a year or two ago. It's part of a series that follows a group of high school friends. This particular book focuses on a quiet, reserved girl who, after losing her mother, takes care of her younger brothers while her father grieves. Her father is an architect. She gets good grades and loves reading. The male protagonist is a student at the same high school, though they don’t really know each other at first. Their paths cross when he becomes her younger brother’s baseball coach. As they start talking, he realizes that her family situation is difficult, and he begins helping her after school—cooking dinner and looking after her brothers. Since her mother’s passing, she has struggled with bulimia, which he eventually discovers. Wanting to support her, he does his best to help her through it. She has a great sense of humor when she drinks, which adds a unique aspect to her character. Midway through the book, her father starts to recover emotionally, thanks in part to the boy, who confides in his own mother about the situation. She then steps in to help the girl and her brothers. Her father regains control of his life and, as a gesture of support, writes her a recommendation letter for a scholarship with an internship at an architecture firm. The girl and boy face challenges when they have to maintain a long-distance relationship. There are ups and downs, including a miscarriage and infidelity on his part. However, in the end, everything works out, and they get married. I’m not sure if this helps, but the first book in the series tells the story of a girl who, before her prom, goes to a restaurant for dinner. There, she discovers her boyfriend cheating on her with her best friend. Heartbroken, she leaves with a group from a rival school (the same group of friends from the series) and has an unexpectedly fun night. However, later, she receives a phone call—there has been a home invasion gone wrong, and her entire family has been killed. In the aftermath, she stays with the boy she just met and his parents, who help her cope with her loss over time.	3	https://goodreads.com/topic/show/23141941-solved-high-school-to-adult-romance-grief-healing-and-second-chances-page_1	2025-06-27T00:00:00Z
23142891	2025-05-30T00:00:00Z	goodreads	Adult Christian Romance/ Mystery. Man was in wheelchair; injured back in motorcycle accident. She is a home health care nurse.	I currently have a hard copy of this book, but cannot find it. Jacob Zook used to be Amish. He hurts his bike in motorcycle accident. The FMC found him and is a home health care nurse. She was taking care of a elderly lady who i believes dies in an explosion along with her (the elder lady's) son. SPOILER sentence: the lady's other son was responsible. The older lady and her sons owned a company that made little cars (kind of like a matchbox type). I think the FMC's name is Rose; MMC calls her Tiger. One of the older lady's sons is named Ammon. At least I think it is. I think he is the one that made the car blow up. MMC is studying to be a teacher. Female main character also is a paramedic. I remember a lot more, but cannot figure out how to do the search apparently. The FMC AND MMC are on the cover and I believe he is in wheelchair. The FMC had her father and sister die years earlier in a drowning. At end the couple is married and it's his graduation day.	3	https://goodreads.com/topic/show/23142891-solved-adult-christian-romance-mystery-man-was-in-wheelchair-injure-page_1	2025-06-27T00:00:00Z
23142934	2025-05-30T00:00:00Z	goodreads	YA? Fantasy. Something about a girl that is a baker and her orc neighbor snuck one of her recipes into a baking competition but she doesn’t have magic just herbs.	I saw it in the Walmart book section and forgot to take a picture of it so that’s all I remember about it	3	https://goodreads.com/topic/show/23142934-solved-ya-fantasy-something-about-a-girl-that-is-a-baker-and-her-orc-page_1	2025-06-27T00:00:00Z
23144564	2025-06-01T00:00:00Z	goodreads	Adult Paranormal Romance, modern. Alpha shifter rejects mate.	the alpha rejects his fated mate than causes her pain ever time he is with another female, he finds out because one of the elders has another male kiss her and he feels pain from her getting kissed, I think she works in a diner. I read it in the last few years. Thanks	2	https://goodreads.com/topic/show/23144564-solved-adult-paranormal-romance-modern-alpha-shifter-rejects-mate-page_1	2025-06-27T00:00:00Z
23144892	2025-06-01T00:00:00Z	goodreads	Adult Romance. Novel about an editor reviewing a controversial manuscript involving Jesus in an erotic context. Read in 1990s.	I recall reading this book back in the 90s and I recall it was really good. It's about this controversy involving a manuscript that involves Jesus in some kind of salacious context, something erotic and controversial. I think the protagonist was some kind of editor or literary critic. The first part of the book deals with the whole controversy around the manuscript. Then the editor reads the manuscript and sees it's actually really good literature. That's as much as I recall. It's hard to find it on Google, as anything involving Jesus either gives me religious results or Da Vinci and ""book about book"" doesn't help much. Thanks!	3	https://goodreads.com/topic/show/23144892-solved-adult-romance-novel-about-an-editor-reviewing-a-controversial-m-page_1	2025-06-27T00:00:00Z
23147707	2025-06-05T00:00:00Z	goodreads	Adult fiction, 1990s series about a female (TV?) reporter. Funny and sassy vibes. Friend whose surname is Thibodeaux which the network want to spell phonetically	Thinking about 90s books for my other thread has reminded me of another series I'd love to re-find. It was about a female reporter, I think for a TV station but could have been a newspaper. I can only remember some disconnected scenes: her friend has the surname Thibodeaux but the network thinks that's too complicated and want to spell it phonetically. She interviews someone who has been in an 'Alive' type situation and upsets the network by asking him what human flesh tastes like. She (and one of her friends?) have edited their pre-recorded obits to make themselves sound amazing. There was some reference to Zubrowka bisongrass vodka. I remember the books as having a vibe a bit like Janet Evanovich but smarter, and I think one of the covers had a picture of a woman in sunglasses but manipulated with bright colours - maybe a hot pink border and bright yellow or blue sunglasses frames? That's a really random collection of things, but any ideas would be brilliant!	3	https://goodreads.com/topic/show/23147707-solved-adult-fiction-1990s-series-about-a-female-tv-reporter-funny-page_1	2025-06-27T00:00:00Z
23148704	2025-06-06T00:00:00Z	goodreads	Adult Mystery. Bank teller (woman) leaves baby (two kids?) in hot car	Female bank teller leaves two kids in car. This may be the subplot and not a main plot. There may be a bank robbery also happening. She gets a phone call that the audience is supposed to be about one thing when really it’s about her kid(s) dying. I think maybe one of her kids was killed by the other kid (mercy kill?) or someone kidnapped one (or both) of the children. I think I read this within the last 10 years.	4	https://goodreads.com/topic/show/23148704-solved-adult-mystery-bank-teller-woman-leaves-baby-two-kids-in-ho-page_1	2025-06-27T00:00:00Z
23148841	2025-06-06T00:00:00Z	goodreads	Adult Historical Romance novel. Heroine is a clock setter.	There's a historical romance novel featuring a female leads that sets clocks in people's homes. what book is it? Probably written about 10-15 years ago. Author is well-known. I remember the MC is like a Marquess or something and was raising his young nieces (at least i think they were his nieces). The kids were obsessed with death and would hold funerals for their dolls. The FMC meets the MC when she goes to his house to set his clocks. That was her job, she'd got to homes and set clocks. The MC was actually quite humorous.	4	https://goodreads.com/topic/show/23148841-solved-adult-historical-romance-novel-heroine-is-a-clock-setter-page_1	2025-06-27T00:00:00Z
23149929	2025-06-08T00:00:00Z	goodreads	Adult Romance. Wild forest camping romance book series.	Hi! I read a romance book series a few months ago, but cannot find in browser or download history, nowhere. Tried google, chatgpt but no success:( It might be kind of adult romance because of scenes. Series has 3 men (maybe friends) who own a forest wild camping tour place thing. I think there are 3 books in the series. Read the books a few months ago, I think they might have been released in the last 4-6 years, but don't want to guess as I really don't remember. Feels modern. 1st book: woman goes to the multi-day camping tour thing and meets one man who is the tour leader. There might be some action, as woman sees illegal hunting man or something. 2nd book: woman with baby boy goes to work at this tour place (starts in the office) and meet second man. There is a scene where the woman was invited to dinner by locals (maybe lead from 1st book), her kid is crying, someone rings the door, she opens the door with her kid, there is the male lead, who takes the baby from her and the baby stops crying. 3rd book: I think third male lead is leading a camping group, they are bachelor and bachelorette party from the same wedding, and male lead like a woman from the group. Thanks for the help!	5	https://goodreads.com/topic/show/23149929-solved-adult-romance-wild-forest-camping-romance-book-series-page_1	2025-06-27T00:00:00Z
23150069	2025-06-08T00:00:00Z	goodreads	Adult Thriller. A group of girlfriends who keep each other’s secrets and secrets from each other. Spoilers.	SPOILERS Three girlfriends one is named Robin. They went to college together. One girl married her college boyfriend has a daughter with him. He is now abusive. Her friends suspect it but she never tells them the truth. She is planning her revenge on him. Robin is single and has an affair with her other best friends husband (not the abusive one) the other friend is married with multiple kids but her eldest kid comes from a different man (someone from college who she didn’t consent too)	3	https://goodreads.com/topic/show/23150069-solved-adult-thriller-a-group-of-girlfriends-who-keep-each-other-s-sec-page_1	2025-06-27T00:00:00Z
23152176	2025-06-11T00:00:00Z	goodreads	Adult Fantasy ragtag band with different powers infiltrate heavily armed northern citadel to pull “Ocean’s Eleven” style extraction of a scientist and his invention; 1 memorable gladiatorial scene	Read this book a few months ago! Fantasy world in four kingdoms: one based on Africa (almost never visited in the book) one based on Asia, one based on Europe, and one based on the Vikings. An asian scientist has discovered a chemical that can enhance your powers, and he is kidnapped. The leads must break into the northern citadel and reach him. —ragtag band of heroes with all different powers —one lead is a viking-style warrior who hunts with wolves; their enemies are witches —of course another hero is one of these witches —memorable scene: toward the beginning, the gang needs to break into an island prison to spring someone whose skills they need for the heist; the prison features a huge underground roman-style arena where the wealthy in town come to bet on the gladiators in the ring. The gladiators spin a wheel which chooses the monster/beast they will take on. (Tiger, venomous monster, etc.)	3	https://goodreads.com/topic/show/23152176-solved-adult-fantasy-ragtag-band-with-different-powers-infiltrate-heavi-page_1	2025-06-27T00:00:00Z
23152558	2025-06-12T00:00:00Z	goodreads	Adult Horror/ Psychological Thriller? Red, Red Robin song repeated in a book that is NOT the Stephen Gallagher book.	I have it stuck in my head that I read a novel, likely a horror or psychological thriller, where a character often sings or thinks the line, ""When the red, red robin comes bob, bob, bobbin' along."". I'm thinking it was a Stephen King book, or at least in that genre, and would have been about 20 years ago that I read it. Nothing else that I remember, so it could my mind playing tricks on me. Does this sound familiar to anyone else? (I have looked at the novel by Stephen Gallagher and it doesn't feel a bit familiar, so I don't think it is that one.)	4	https://goodreads.com/topic/show/23152558-solved-adult-horror-psychological-thriller-red-red-robin-song-repeat-page_1	2025-06-27T00:00:00Z
23154136	2025-06-14T00:00:00Z	goodreads	Adult Fantasy/ Romance book read within the last few years about power stealing male.	Can anyone help me find the name of this book / series. I read it a while ago and I want to re read bc it was so good. Details. So there’s a girl who is supposed to marry this man and she believes when they marry she has to share some of her powers to him so he becomes the most powerful. But she doesn’t want to. Then, Thru the book she starts to like him and he, her and his best friend become good friends. And I believe they even ask her about her birthday and she says she’s never celebrated her birthday so they set up different birthdays for the different years up to her present age. She falls for him I believe and They’re intimate. And then towards the end she finds out that if she marries him he would take all of her powers instead of just a piece of them So she eventually leaves or escapes with the help of another man and then I think the second book she ends up with him 🤣 I know it’s not a lot to go off of but I’m desperate lol	2	https://goodreads.com/topic/show/23154136-solved-adult-fantasy-romance-book-read-within-the-last-few-years-about-page_1	2025-06-27T00:00:00Z
23155606	2025-06-16T00:00:00Z	goodreads	Classic (1970’s?) coming of age novel in which a teen boy loses his virginity to a neighbor who has just learned than her husband has been killed in Vietnam; title may be “Summer of ‘69 or something like that	A teenage virgin boy has a summer job working for a young neighbor whose husband is fighting in Vietnam. He falls in love with her and obsesses about sleeping with her. At the end, she gets a notification that her husband has been killed in action. In her grief, she turns to him for comfort. Probably published in the early or mid 1970’s. I thought the title was Summer of ‘69 but cannot find it on Goodreads.	4	https://goodreads.com/topic/show/23155606-solved-classic-1970-s-coming-of-age-novel-in-which-a-teen-boy-loses-page_1	2025-06-27T00:00:00Z
23156584	2025-06-18T00:00:00Z	goodreads	Adult Romance Suspense with 2 sisters raised by Aunt and Uncle	This is a romance suspense book about 1 of 2 sisters raised by an Aunt and Uncle after parents killed. It is mainly about the older sister who lives in a house rented by her and 2-3 men. She studies computer science but models to make money for her Aunt and Uncle who spend it on their own son who is always in trouble. I think the hero is there as her body guard but can't remember that part exactly. Her ex-boyfriend steals one of her computer programs and trys to sell it. The person she models for when pressured to by her Aunt and Uncle befriends her and sees what is going on and sets up a separate account for most of her earnings. I woke up this morning knowing so much about it but not the name. Really would like to read it again. Thank you.	4	https://goodreads.com/topic/show/23156584-solved-adult-romance-suspense-with-2-sisters-raised-by-aunt-and-uncle-page_1	2025-06-27T00:00:00Z
23157545	2025-06-19T00:00:00Z	goodreads	Fantasy series with multiple books, traditional knights and serfs setting and main character is a magician (maybe) but there is a war with an alien/ insect based race coming through a portal	About 1/2 way through the series the protagonist gets kidnapped to the other planet through the portal and I think ends up leading to the downfall of that civilization. Read this probably 30+ years ago so maybe in the 80's	2	https://goodreads.com/topic/show/23157545-solved-fantasy-series-with-multiple-books-traditional-knights-and-serf-page_1	2025-06-27T00:00:00Z
23158123	2025-06-20T00:00:00Z	goodreads	Adult Contemporary Romance: Young woman grows up on a remote island (citizens are British) and guy comes to the island because he and his dad had gone there when he was younger. Spoiler.	Ok, here is what I remember: the fmc is a young woman. She lives on an island that is hard to get too. I thought the book said it was the island that is furthest from any mainland. She is secretly married to the island's doctor, but only so that he can remain on the island. The mmc gets dropped off on the island. I think he was on the island when he was younger with his dad. His dad had been in love with the fmc's mom. The fmc was on a boat with her mom when she was little and the mom died, possibly killed by the girl's dad. The fmc was found alone on the boat. For some reason, I feel like the mmc is somewhat famous in the US, maybe a baseball player? Fmc is a virgin. SPOILER: at some point near the end of the story, the fmc's husband/the doctor tries to SA her. I feel like that guy (the husband/doctor) is killed. The fmc ends up leaving the island with the mmc. Thank you!!	4	https://goodreads.com/topic/show/23158123-solved-adult-contemporary-romance-young-woman-grows-up-on-a-remote-isl-page_1	2025-06-27T00:00:00Z
23158363	2025-06-20T00:00:00Z	goodreads	Adult KU Romance 2020-22-ish. FMC stays w/bff @dads house during COVID quarantine so she’s not alone, ends up in relationship w/the dad while bff dates ex stepbrother	I remember the house being fairly large, dad/age gap lover possibly being a CEO or some other business-type job, and the FMC and her bff are college besties. FMC is either estranged from her family or has no other family and they let her quarantine with them so she’s not alone. The dating the ex step brother is part of another book in the set. It’s not a terribly long story. I believe either the FMC or her BFF is nicknamed either Rabbit or Bunny.	5	https://goodreads.com/topic/show/23158363-solved-adult-ku-romance-2020-22-ish-fmc-stays-w-bff-dads-house-during-page_1	2025-06-27T00:00:00Z
23158802	2025-06-21T00:00:00Z	goodreads	Adult Romance, Rock band series - MC drummer is in a bus accident and the love interest saves him	Book series about a rock band. Each book has one of the members as the main character. The basic we all know. The difference starts with the fact that they were all together in some foster home (something like that) when younger. The book about the drummer stars with a bus acciddent and the love interest saves him and helps with his treatment. Also remember that is one of the last books of the series. One of the other books, can't remember what the member played, is about a second chance romance.	3	https://goodreads.com/topic/show/23158802-solved-adult-romance-rock-band-series---mc-drummer-is-in-a-bus-acciden-page_1	2025-06-27T00:00:00Z
23160328	2025-06-23T00:00:00Z	goodreads	Adult novel about woman who was orphaned tragically, has a couple affairs with married men, moves from NYC to California to start over, is looking for her adult half-sister in CA. Spoilers.	I listened to this on audiobook within the last year, it was recommended after reading The Guest - Emma Cline. Details I recall are below. Lots of heavy content, fair warning. Thanks! A women in her 30’s ends an affair with her married boss and then he kills himself in front of her while she's on a date with another married man she calls ""Big Sky"". The boss’ name might be Howard. She moves from New York City to California after his death and rents a house from a man with dementia who confuses her with his dead wife named Lenore. The protagonist has a half sister who is a yoga teacher, who she is searching for in California. The teen daughter of her dead boss shows up and tries to kill the woman. The teen ends up staying with her for awhile. The woman gets pregnant with her neighbor but miscarries. When the protagonist was a child her mother stabbed her father to death and then killed herself in the bathtub. She found her dead parents afterwards. Towards to end of the book, she kills her landlord by strangling him and pushing him down the stairs.	3	https://goodreads.com/topic/show/23160328-solved-adult-novel-about-woman-who-was-orphaned-tragically-has-a-coupl-page_1	2025-06-27T00:00:00Z
51269	2008-08-20T00:00:00Z	goodreads	Adult Futuristic Sci-fi. Woman who can see all outcomes of each decision and pick one at will. [s]	ETA: FOUND! (I don't know how to move this thread out of ""Unsolved"", though. Can anyone help with that?) I decided, ""To heck with it! I'll move stuff around in the garage until I can set up a bookshelf or two and unpack at least a few books!"" I found the book I was trying to remember! It was, for the curious, ""Mainline"" by Deborah Christian. Thanks for anyone who looked at my description, and I'll try to help other people find their book titles in the future. Original query follows: We've moved to a smaller house and haven't cleared enough space to set up most of my books and bookcases, so of course I am getting a yen to re-read all these books and can't hope to find them in one of dozens of boxes. There's a book that I don't believe is particularly well-known that I'd love to get from the library but I can't remember the title or author. Here's what I DO remember: - It's science fiction - It takes place in a fairly futuristic setting. - There is a female protagonist - The protagonist is probably a sort of mercenary/bounty hunter/futuristic private investigator of some kind. - She has a special ability, that she can see all the different possible outcomes of nearly every decision she could make, major and minor, and she can grab onto a different thread into the future to force the outcome she would prefer. - She has a name for this skill that she has, and I'm pretty sure it's also the title of the book. - Embarrassingly, I can't remember a lot of the actual plot though I do remember enjoying the book when I read it, but I think a major part of the middle part of the plot took place at some sort of underwater city (or maybe just on an island in the middle of a very wide ocean?) - There is another major female character who becomes very important to the heroine, but I'm pretty sure that, in order to keep them both safe, the heroine ends up having to put them in a future where her friend doesn't know who she is anymore. I know that does happen in the book, but I can't remember if it ends up that way or if it becomes possible for her to fix it before the end of the book. - I'm almost certain that the book has a one-word title - I'm 80% sure that it was written by a woman I know this is very little to go on, but if it sounds familiar to any of you, I'd be very thankful.	5	https://goodreads.com/topic/show/51269-solved-adult-futuristic-sci-fi-woman-who-can-see-all-outcomes-of-each-page_1	2025-06-27T00:00:00Z
