domain,data.set,model,generated.total,generated.existing,generated.existing.fraction,generated.existing.exact,generated.existing.exact.fraction
games,extra,gemini,26215,22022,0.8400534045393858,18892,0.7206561129124547
games,extra,gpt-4o-mini,24618,17682,0.7182549354131124,13975,0.5676740596311642
games,jdoc,gemini,6589,5657,0.8585521323417817,4950,0.7512520868113522
games,jdoc,gpt-4o-mini,5967,4332,0.7259929612870789,3441,0.5766716943187531
movies,extra,gemini,40387,36606,0.9063807660880977,33617,0.8323718028078342
movies,extra,gpt-4o-mini,38635,32719,0.8468745955739614,28598,0.7402096544583926
movies,jdoc,gemini,4034,3671,0.9100148735746157,3431,0.8505205751115518
movies,jdoc,gpt-4o-mini,3645,3202,0.8784636488340192,2850,0.7818930041152263
