domain,threads.total,human.solved,human.solved.fraction
books,559,188,0.3363148479427549
games,1723,562,0.3261752756819501
movies,3397,777,0.22873123344127172
